[Licensing::Module] Trying to connect to existing licensing client channel...
Built from '6000.5/staging' branch; Version is '6000.5.3f1 (c2eb47b3a2a9) revision 12774215'; Using compiler version '194234433'; Build Type 'Release'
OS: 'Windows 10  (10.0.19045) 64bit Core' Language: 'en' Physical Memory: 16327 MB
[Licensing::IpcConnector] Successfully connected to: "LicenseClient-chris" at "2026-09-29T13:56:42.5409386Z"
BatchMode: 1, IsHumanControllingUs: 0, StartBugReporterOnCrash: 0, Is64bit: 1
System  architecture: x64
Process architecture: x64
Date: 2026-09-29T13:56:42Z
[Licensing::Client] Code 10 while verifying Licensing Client signature (process Id: 7300, path: "E:/GameDev/Unity Hub/UnityLicensingClient_V1/Unity.Licensing.Client.exe")
[Licensing::Module] LicensingClient has failed validation; ignoring
[Licensing::Client] Handshaking with LicensingClient:
  Version:                 1.18.3+d7ffd15
  Session Id:              f96468eddce44e6b95e21b40164c6ce0
  Correlation Id:          b991c8292f78d843239c01e0e6819bd8
  External correlation Id: 4746853679469715491
  Machine Id:              WXSgid/lQLWLU51Pca5QpCbvdn4=
[Licensing::Module] Successfully connected to LicensingClient on channel: "LicenseClient-chris" (connect: 0.00s, validation: 0.00s, handshake: 0.04s)
[Licensing::IpcConnector] Successfully connected to: "LicenseClient-chris-notifications" at "2026-09-29T13:56:42.5877953Z"
[Licensing::Module] Licensing Background thread has ended after 0.05s

COMMAND LINE ARGUMENTS:
D:\Unity\6000.5.3f1\Editor\Unity.exe
-adb2
-batchMode
-noUpm
-name
AssetImportWorkerHW0
-projectPath
E:/GameDev/ITCS-4236-5236-Group-5-Project
-logFile
Logs/AssetImportWorkerHW0.log
-srvPort
50437
-parentPid
5776
-analyticsCloudUserId
anonymous
-analyticsLocalProjectId
cdddb57ab7f7df24fa1dff00ad96a901
-licensingIpc
LicenseClient-chris
-noDiagnosticSwitchPersistentStore
-job-worker-count
3
-background-job-worker-count
8
-asset-garbage-collectors
1
-force-d3d12
-name
AssetImport
Successfully changed project path to: E:/GameDev/ITCS-4236-5236-Group-5-Project
E:/GameDev/ITCS-4236-5236-Group-5-Project
[UnityMemory] Configuration Parameters - Can be set up in boot.config
    "memorysetup-temp-allocator-size-gi-baking-worker=262144"
    "memorysetup-temp-allocator-size-gi-baking-worker=262144"
    "memorysetup-temp-allocator-size-gi-baking-worker=262144"
    "memorysetup-temp-allocator-size-gi-baking-worker=262144"
    "memorysetup-temp-allocator-size-gi-baking-worker=262144"
    "memorysetup-temp-allocator-size-nav-mesh-worker=65536"
    "memorysetup-temp-allocator-size-audio-worker=65536"
    "memorysetup-temp-allocator-size-cloud-worker=32768"
    "memorysetup-temp-allocator-size-gfx=262144"
    "memorysetup-temp-allocator-size-preload-manager=33554432"
    "memorysetup-allocator-temp-initial-block-size-main=262144"
    "memorysetup-allocator-temp-initial-block-size-worker=262144"
    "memorysetup-temp-allocator-size-job-worker=262144"
    "memorysetup-temp-allocator-size-background-worker=32768"
    "memorysetup-bucket-allocator-granularity=16"
    "memorysetup-bucket-allocator-bucket-count=8"
    "memorysetup-bucket-allocator-block-size=33554432"
    "memorysetup-bucket-allocator-block-count=8"
    "memorysetup-main-allocator-block-size=16777216"
    "memorysetup-thread-allocator-block-size=16777216"
    "memorysetup-main-allocator-mimalloc-enabled=0"
    "memorysetup-gfx-main-allocator-block-size=16777216"
    "memorysetup-gfx-thread-allocator-block-size=16777216"
    "memorysetup-cache-allocator-block-size=4194304"
    "memorysetup-typetree-allocator-block-size=2097152"
    "memorysetup-profiler-bucket-allocator-granularity=16"
    "memorysetup-profiler-bucket-allocator-bucket-count=8"
    "memorysetup-profiler-bucket-allocator-block-size=33554432"
    "memorysetup-profiler-bucket-allocator-block-count=8"
    "memorysetup-profiler-allocator-block-size=16777216"
    "memorysetup-profiler-editor-allocator-block-size=1048576"
    "memorysetup-temp-allocator-size-main=16777216"
    "memorysetup-job-temp-allocator-block-size=2097152"
    "memorysetup-job-temp-allocator-block-size-background=1048576"
    "memorysetup-job-temp-allocator-reduction-small-platforms=262144"
Player connection [21480]  Target information:

Player connection [21480]  * "[IP] 192.168.4.28 [Port] 0 [Flags] 2 [Guid] 2604185806 [EditorId] 2604185806 [Version] 1048832 [Id] WindowsEditor(7,DESKTOP-61N33JS) [Debug] 1 [PackageName] WindowsEditor [ProjectName] Editor" 

Player connection [21480] Host joined multi-casting on [225.0.0.222:54997]...
Player connection [21480] Host joined alternative multi-casting on [225.0.0.222:34997]...
JobSystem: Creating JobQueue using job-worker-count value 3
Input System module state changed to: Initialized.
[Physics::Module] Initialized fallback backend.
[Physics::Module] Id: 0xdecafbad
Library Redirect Path: Library/
[Physics::Module] Selected backend.
[Physics::Module] Name: PhysX
[Physics::Module] Id: 0xf2b8ea05
[Physics::Module] SDK Version: 4.1.2
[Physics::Module] Integration Version: 1.0.0
[Physics::Module] Threading Mode: Multi-Threaded
Initialize engine version: 6000.5.3f1 (c2eb47b3a2a9)
[Subsystems] Discovering subsystems at path D:/Unity/6000.5.3f1/Editor/Data/Resources/UnitySubsystems
[Subsystems] Discovering subsystems at path E:/GameDev/ITCS-4236-5236-Group-5-Project/Assets
Forcing GfxDevice: Direct3D 12
GfxDevice: creating device client; kGfxThreadingModeNonThreaded
d3d12: failed to query info queue interface (0x80004002).
Direct3D:
    Version:         Direct3D 12 [level 12.1]
    Renderer:        NVIDIA GeForce GTX 1060 3GB (ID=0x1c02)
    Vendor:          NVIDIA
    VRAM:            2965 MB
    App VRAM Budget: 2520 MB
    Driver:          32.0.15.8228
Initialize mono
Mono path[0] = 'D:/Unity/6000.5.3f1/Editor/Data/Managed'
Mono path[1] = 'D:/Unity/6000.5.3f1/Editor/Data/BCLExtensions/runtime/netstandard2.1'
Mono path[2] = 'D:/Unity/6000.5.3f1/Editor/Data/MonoBleedingEdge/lib/mono/unityjit-win32'
Mono config path = 'D:/Unity/6000.5.3f1/Editor/Data/MonoBleedingEdge/etc'
Using monoOptions --debugger-agent=transport=dt_socket,embedding=1,server=y,suspend=n,address=127.0.0.1:56500
CodeReloadManager initialized
Begin MonoManager ReloadAssembly
Registering precompiled unity dll's ...
Register platform support module: D:/Unity/6000.5.3f1/Editor/Data/PlaybackEngines/WindowsStandaloneSupport/UnityEditor.WindowsStandalone.Extensions.dll
[Licensing::Client] Successfully resolved entitlement details
[Licensing::Module] License group:
  Id: 2476006479008-UnityPersXXXX
  Product: Unity Personal
  Type: Assigned
  Expiration: Unlimited
Register platform support module: D:/Unity/6000.5.3f1/Editor/Data/PlaybackEngines/MetroSupport/UnityEditor.UWP.Extensions.dll
[Licensing::Client] Successfully resolved entitlement details
Register platform support module: D:/Unity/6000.5.3f1/Editor/Data/PlaybackEngines/AndroidPlayer/UnityEditor.Android.Extensions.dll
[Licensing::Client] Successfully resolved entitlement details
Register platform support module: D:/Unity/6000.5.3f1/Editor/Data/PlaybackEngines/iOSSupport/UnityEditor.iOS.Extensions.dll
Registered in 0.011231 seconds.
[usbmuxd] Start listen thread
[usbmuxd] Listen thread started
Native extension for iOS target not found
Native extension for Android target not found
Native extension for UWP target not found
Native extension for WindowsStandalone target not found
Package Manager log level set to [2]
[Package Manager] Failed to launch server process. Reason: Unity was launched with the -noUpm command-line argument
[Package Manager] Unable to send message (not connected to server process).
[Package Manager] Cannot connect to Unity Package Manager local server
ScheduleIndexationOnStartup MainProcess:False IndexOnStartup:False
Mono: successfully reloaded assembly
- Finished resetting the current domain, in  0.553 seconds
Domain Reload Profiling: 1275ms
	BeginReloadAssembly (180ms)
	RebuildCommonClasses (7ms)
	RebuildNativeTypeToScriptingClass (22ms)
	initialDomainReloadingComplete (95ms)
	LoadAllAssembliesAndSetupDomain (417ms)
		LoadAssemblies (179ms)
		AnalyzeDomain (311ms)
			TypeCache.Refresh (310ms)
				TypeCache.ScanAssembly (286ms)
	FinalizeReload (554ms)
		SetupLoadedEditorAssemblies (0ms)
			InitializePlatformSupportModulesInManaged (72ms)
			BeforeProcessingInitializeOnLoad (143ms)
			ProcessInitializeOnLoadAttributes (129ms)
			ProcessInitializeOnLoadMethodAttributes (105ms)
Initializing Unity extensions:
[Licensing::Client] Successfully resolved entitlement details
========================================================================
Worker process is ready to serve import requests
Import Worker Mode flag is 0x00
Begin MonoManager ReloadAssembly
Native extension for iOS target not found
Native extension for Android target not found
Native extension for UWP target not found
Native extension for WindowsStandalone target not found
[Package Manager] Failed to launch server process. Reason: Unity was launched with the -noUpm command-line argument
[Package Manager] Unable to send message (not connected to server process).
[Package Manager] Cannot connect to Unity Package Manager local server
ScheduleIndexationOnStartup MainProcess:False IndexOnStartup:False
Mono: successfully reloaded assembly
- Finished resetting the current domain, in  0.524 seconds
Domain Reload Profiling: 995ms
	BeginReloadAssembly (247ms)
		DisableScriptedObjects (8ms)
		CreateAndSetChildDomain (39ms)
	RebuildCommonClasses (11ms)
	RebuildNativeTypeToScriptingClass (22ms)
	initialDomainReloadingComplete (45ms)
	LoadAllAssembliesAndSetupDomain (145ms)
		LoadAssemblies (140ms)
		AnalyzeDomain (32ms)
			TypeCache.Refresh (26ms)
				TypeCache.ScanAssembly (13ms)
			BuildScriptInfoCaches (3ms)
	FinalizeReload (526ms)
		SetupLoadedEditorAssemblies (0ms)
			InitializePlatformSupportModulesInManaged (25ms)
			BeforeProcessingInitializeOnLoad (130ms)
			ProcessInitializeOnLoadAttributes (111ms)
			ProcessInitializeOnLoadMethodAttributes (93ms)
			AfterProcessingInitializeOnLoad (4ms)
		AwakeInstancesAfterBackupRestoration (3ms)
AcceleratorClientConnectionCallback - disconnected - :0
Launched and connected shader compiler UnityShaderCompiler.exe after 0.01 seconds
Unloading 1 Unused Serialized files (Serialized files now loaded: 0)
Unloading 64 unused Assets / (31.9 KB). Loaded Objects now: 686.
Memory consumption went from 155.8 MB to 155.7 MB.
Total: 31.328100 ms (FindLiveObjects: 0.053500 ms CreateObjectMapping: 0.017000 ms MarkObjects: 10.627800 ms  DeleteObjects: 0.119700 ms)

========================================================================
Received Prepare
AcceleratorClientConnectionCallback - disconnected - :0
Unloading 0 Unused Serialized files (Serialized files now loaded: 0)
Unloading 0 unused Assets / (0 B). Loaded Objects now: 686.
Memory consumption went from 155.4 MB to 155.4 MB.
Total: 4.191400 ms (FindLiveObjects: 0.038900 ms CreateObjectMapping: 0.010700 ms MarkObjects: 4.138200 ms  DeleteObjects: 0.002900 ms)

Prepare: number of updated asset objects reloaded= 0
Curl error 3: URL rejected: Malformed input to a URL function
========================================================================
Received Import Request.
  Time of request: 2026-09-29T13:57:00.7599015Z
  Time since last request: 336.5600771 seconds.
  importAddress: GUID: 23032f4383e95e772bce465c5896d0fd - Path: Packages/com.unity.modules.terrain/package.ModuleCompilationTrigger - Importer: ScriptedImporter/UnityEditor.QuickSearchModule:UnityEditor.Search:ASIAI0B
Importing 'GUID: 23032f4383e95e772bce465c5896d0fd - Path: Packages/com.unity.modules.terrain/package.ModuleCompilationTrigger - Importer: ScriptedImporter/UnityEditor.QuickSearchModule:UnityEditor.Search:ASIAI0B' with importer (ScriptedImporter : UnityEditor.QuickSearchModule:UnityEditor.Search:ASIAI0B)
Imported 'GUID: 23032f4383e95e772bce465c5896d0fd' -> (Import Result ID: '34bb1da56544015ce21157ddf88be3e5') in 0.429 seconds [static and dynamic dependencies]. Details - ImportResultOutputID=f658ee89825ac488c81c42f9358b1221 DependenciesID=cce4e4238e982cc92e3d77649490bb6e StaticDependenciesID=fc371b15f371670ef053e0db2f8e8852 
Number of updated asset objects reloaded before import = 0
Number of asset objects unloaded after import = 1
========================================================================
Received Import Request.
  Time of request: 2026-09-29T13:57:01.1952956Z
  Time since last request: 0.0000391 seconds.
  importAddress: GUID: 8a752aaaadd2410dd9a84e01c1bace9f - Path: Packages/com.unity.modules.uielements/package.ModuleCompilationTrigger - Importer: ScriptedImporter/UnityEditor.QuickSearchModule:UnityEditor.Search:ASIAI0B
Importing 'GUID: 8a752aaaadd2410dd9a84e01c1bace9f - Path: Packages/com.unity.modules.uielements/package.ModuleCompilationTrigger - Importer: ScriptedImporter/UnityEditor.QuickSearchModule:UnityEditor.Search:ASIAI0B' with importer (ScriptedImporter : UnityEditor.QuickSearchModule:UnityEditor.Search:ASIAI0B)
Imported 'GUID: 8a752aaaadd2410dd9a84e01c1bace9f' -> (Import Result ID: 'c1865d53b776ef46508a3071adb89c73') in 0.008 seconds [static and dynamic dependencies]. Details - ImportResultOutputID=2a00493fa4fce239b0473a99160b4893 DependenciesID=8b9db9843dc267b56eafb8a89dee0c99 StaticDependenciesID=2dc8ca83857e0ac330035800252f43a3 
Number of updated asset objects reloaded before import = 0
Number of asset objects unloaded after import = 1
========================================================================
Received Import Request.
  Time of request: 2026-09-29T13:57:01.2044864Z
  Time since last request: 0.0003609 seconds.
  importAddress: GUID: 54407f5deee4439eb1885bee01956e9c - Path: Packages/com.unity.multiplayer.center/Editor/Analytics/AnalyticsUtils.cs - Importer: ScriptedImporter/UnityEditor.QuickSearchModule:UnityEditor.Search:ASIAI0B
Importing 'GUID: 54407f5deee4439eb1885bee01956e9c - Path: Packages/com.unity.multiplayer.center/Editor/Analytics/AnalyticsUtils.cs - Importer: ScriptedImporter/UnityEditor.QuickSearchModule:UnityEditor.Search:ASIAI0B' with importer (ScriptedImporter : UnityEditor.QuickSearchModule:UnityEditor.Search:ASIAI0B)
Imported 'GUID: 54407f5deee4439eb1885bee01956e9c' -> (Import Result ID: '6ff114bbd08cf1d0864411831320b31b') in 0.039 seconds [static and dynamic dependencies]. Details - ImportResultOutputID=0179d14ae3c1670f7fdb663af94e95b5 DependenciesID=2034de5ea28560773d78bc40339ca7f5 StaticDependenciesID=4db96eb0bbea2e877f77cce6af33b096 
Number of updated asset objects reloaded before import = 0
Number of asset objects unloaded after import = 0
========================================================================
Received Import Request.
  Time of request: 2026-09-29T13:57:01.2448985Z
  Time since last request: 0.0012641 seconds.
  importAddress: GUID: 1bd8e2f47a6c4478ab8f0ade7687e79b - Path: Packages/com.unity.multiplayer.center/Common/IOnboardingSection.cs - Importer: ScriptedImporter/UnityEditor.QuickSearchModule:UnityEditor.Search:ASIAI0B
Importing 'GUID: 1bd8e2f47a6c4478ab8f0ade7687e79b - Path: Packages/com.unity.multiplayer.center/Common/IOnboardingSection.cs - Importer: ScriptedImporter/UnityEditor.QuickSearchModule:UnityEditor.Search:ASIAI0B' with importer (ScriptedImporter : UnityEditor.QuickSearchModule:UnityEditor.Search:ASIAI0B)
Imported 'GUID: 1bd8e2f47a6c4478ab8f0ade7687e79b' -> (Import Result ID: 'f27653d02dcd2c4ac7e54cf0402aec57') in 0.005 seconds [static and dynamic dependencies]. Details - ImportResultOutputID=20e144e83078d84d893b7e53dc66d7e1 DependenciesID=e3ad084a4d3ee11fb6d01e9a33ccd543 StaticDependenciesID=2057d0edb8f6a4bb0a667259fce850f9 
Number of updated asset objects reloaded before import = 0
Number of asset objects unloaded after import = 0
========================================================================
Received Import Request.
  Time of request: 2026-09-29T13:57:01.2513384Z
  Time since last request: 0.000415 seconds.
  importAddress: GUID: be13c398521e3c1ad21fb9da30ab2ab6 - Path: Packages/com.unity.modules.imgui/package.ModuleCompilationTrigger - Importer: ScriptedImporter/UnityEditor.QuickSearchModule:UnityEditor.Search:ASIAI0B
Importing 'GUID: be13c398521e3c1ad21fb9da30ab2ab6 - Path: Packages/com.unity.modules.imgui/package.ModuleCompilationTrigger - Importer: ScriptedImporter/UnityEditor.QuickSearchModule:UnityEditor.Search:ASIAI0B' with importer (ScriptedImporter : UnityEditor.QuickSearchModule:UnityEditor.Search:ASIAI0B)
Imported 'GUID: be13c398521e3c1ad21fb9da30ab2ab6' -> (Import Result ID: '3a1f704531c61cea327fb57726fb6132') in 0.005 seconds [static and dynamic dependencies]. Details - ImportResultOutputID=3d189c6896ea250df229254759630cb3 DependenciesID=0e2fd24ea46c3958fd7b00932aca408c StaticDependenciesID=23d83c430a55fb13dee161f0931fb777 
Number of updated asset objects reloaded before import = 0
Number of asset objects unloaded after import = 1
========================================================================
Received Import Request.
  Time of request: 2026-09-29T13:57:01.2577184Z
  Time since last request: 0.0007957 seconds.
  importAddress: GUID: 6d56244f8c39a851975d3c0bd432c66f - Path: Packages/com.unity.modules.terrain/package.json - Importer: ScriptedImporter/UnityEditor.QuickSearchModule:UnityEditor.Search:ASIAI0B
Importing 'GUID: 6d56244f8c39a851975d3c0bd432c66f - Path: Packages/com.unity.modules.terrain/package.json - Importer: ScriptedImporter/UnityEditor.QuickSearchModule:UnityEditor.Search:ASIAI0B' with importer (ScriptedImporter : UnityEditor.QuickSearchModule:UnityEditor.Search:ASIAI0B)
Imported 'GUID: 6d56244f8c39a851975d3c0bd432c66f' -> (Import Result ID: '5a5a8332fe648c254cd345de8df41a0c') in 0.006 seconds [static and dynamic dependencies]. Details - ImportResultOutputID=964260e83c9098e379fdb36933a95a48 DependenciesID=1bdc5baea05709721538dd94d8993b0a StaticDependenciesID=bca7d3dfd92149a121de9e8de77ed905 
Number of updated asset objects reloaded before import = 0
Number of asset objects unloaded after import = 1
========================================================================
Received Import Request.
  Time of request: 2026-09-29T13:57:01.2644539Z
  Time since last request: 0.0002229 seconds.
  importAddress: GUID: 4f0f9b9f3ed97ad2b9ba8f1a8e4666c2 - Path: Packages/com.unity.modules.uielements/package.json - Importer: ScriptedImporter/UnityEditor.QuickSearchModule:UnityEditor.Search:ASIAI0B
Importing 'GUID: 4f0f9b9f3ed97ad2b9ba8f1a8e4666c2 - Path: Packages/com.unity.modules.uielements/package.json - Importer: ScriptedImporter/UnityEditor.QuickSearchModule:UnityEditor.Search:ASIAI0B' with importer (ScriptedImporter : UnityEditor.QuickSearchModule:UnityEditor.Search:ASIAI0B)
Imported 'GUID: 4f0f9b9f3ed97ad2b9ba8f1a8e4666c2' -> (Import Result ID: 'f1fc2e4c329ca289e580cd57efdd1025') in 0.006 seconds [static and dynamic dependencies]. Details - ImportResultOutputID=73574a54c39baccc487f07e0c8c39f34 DependenciesID=d78a18a43dc534a7ef3cabad507699cd StaticDependenciesID=5a14753da026e4f9d007557ceeee616c 
Number of updated asset objects reloaded before import = 0
Number of asset objects unloaded after import = 1
========================================================================
Received Import Request.
  Time of request: 2026-09-29T13:57:01.2707259Z
  Time since last request: 0.0003593 seconds.
  importAddress: GUID: 833328f3bcf144cc94f92e286e86b427 - Path: Packages/com.unity.multiplayer.center/Common/IOnboardingSectionAnalyticsProvider.cs - Importer: ScriptedImporter/UnityEditor.QuickSearchModule:UnityEditor.Search:ASIAI0B
Importing 'GUID: 833328f3bcf144cc94f92e286e86b427 - Path: Packages/com.unity.multiplayer.center/Common/IOnboardingSectionAnalyticsProvider.cs - Importer: ScriptedImporter/UnityEditor.QuickSearchModule:UnityEditor.Search:ASIAI0B' with importer (ScriptedImporter : UnityEditor.QuickSearchModule:UnityEditor.Search:ASIAI0B)
Imported 'GUID: 833328f3bcf144cc94f92e286e86b427' -> (Import Result ID: '7aa4a99b5239f8884c765ac962957c1b') in 0.006 seconds [static and dynamic dependencies]. Details - ImportResultOutputID=966d656f8700dad8ff4b8e3a438b3e60 DependenciesID=a25a6733b90dae2270921da6aa92952b StaticDependenciesID=39d3424feb41ebb15db51983ca0c877f 
Number of updated asset objects reloaded before import = 0
Number of asset objects unloaded after import = 0
========================================================================
Received Import Request.
  Time of request: 2026-09-29T13:57:01.2778061Z
  Time since last request: 0.0003114 seconds.
  importAddress: GUID: 222fc39b0c85d800342910da2cd64781 - Path: Packages/com.unity.modules.assetbundle/package.ModuleCompilationTrigger - Importer: ScriptedImporter/UnityEditor.QuickSearchModule:UnityEditor.Search:ASIAI0B
Importing 'GUID: 222fc39b0c85d800342910da2cd64781 - Path: Packages/com.unity.modules.assetbundle/package.ModuleCompilationTrigger - Importer: ScriptedImporter/UnityEditor.QuickSearchModule:UnityEditor.Search:ASIAI0B' with importer (ScriptedImporter : UnityEditor.QuickSearchModule:UnityEditor.Search:ASIAI0B)
Imported 'GUID: 222fc39b0c85d800342910da2cd64781' -> (Import Result ID: 'cb8936c5b36d4b1e80ade845b3dc59fe') in 0.006 seconds [static and dynamic dependencies]. Details - ImportResultOutputID=ef8d3fc14e1d9ddd2d42bbc9018cd487 DependenciesID=32794ac93d053b6b5654e034df540d15 StaticDependenciesID=1960515560e8a09e8606c298affb3894 
Number of updated asset objects reloaded before import = 0
Number of asset objects unloaded after import = 1
========================================================================
Received Import Request.
  Time of request: 2026-09-29T13:57:01.2841644Z
  Time since last request: 0.000412 seconds.
  importAddress: GUID: e1ef8466c8fd01a549f10baa4d51fa17 - Path: Packages/com.unity.modules.assetbundle/package.json - Importer: ScriptedImporter/UnityEditor.QuickSearchModule:UnityEditor.Search:ASIAI0B
Importing 'GUID: e1ef8466c8fd01a549f10baa4d51fa17 - Path: Packages/com.unity.modules.assetbundle/package.json - Importer: ScriptedImporter/UnityEditor.QuickSearchModule:UnityEditor.Search:ASIAI0B' with importer (ScriptedImporter : UnityEditor.QuickSearchModule:UnityEditor.Search:ASIAI0B)
Imported 'GUID: e1ef8466c8fd01a549f10baa4d51fa17' -> (Import Result ID: 'de136e14a9fda0eaa4797480ba074e19') in 0.006 seconds [static and dynamic dependencies]. Details - ImportResultOutputID=c315e793199154b4230803f7f5430b03 DependenciesID=f369479c2075bfdb95017f5a6e8f2b76 StaticDependenciesID=001c3d7ea4cd0ba3ff28e13f7fb15466 
Number of updated asset objects reloaded before import = 0
Number of asset objects unloaded after import = 1
========================================================================
Received Import Request.
  Time of request: 2026-09-29T13:57:01.2909366Z
  Time since last request: 0.0003569 seconds.
  importAddress: GUID: e9df95f53f1c1d0c9199e235d6c42b50 - Path: Packages/com.unity.modules.audio/package.json - Importer: ScriptedImporter/UnityEditor.QuickSearchModule:UnityEditor.Search:ASIAI0B
Importing 'GUID: e9df95f53f1c1d0c9199e235d6c42b50 - Path: Packages/com.unity.modules.audio/package.json - Importer: ScriptedImporter/UnityEditor.QuickSearchModule:UnityEditor.Search:ASIAI0B' with importer (ScriptedImporter : UnityEditor.QuickSearchModule:UnityEditor.Search:ASIAI0B)
Imported 'GUID: e9df95f53f1c1d0c9199e235d6c42b50' -> (Import Result ID: 'a4eabb875f9d8dadbe65139f69aa0e8e') in 0.007 seconds [static and dynamic dependencies]. Details - ImportResultOutputID=4714b0ec86693147909a8d91cfb47a18 DependenciesID=37d1db1a16b8e38496cf3f9df3eb5727 StaticDependenciesID=52d3f3857dfa289cf31214dffb6a0d54 
Number of updated asset objects reloaded before import = 0
Number of asset objects unloaded after import = 1
========================================================================
Received Import Request.
  Time of request: 2026-09-29T13:57:01.2987615Z
  Time since last request: 0.0002595 seconds.
  importAddress: GUID: 2c814623cb42764d304be0c5ddd03ceb - Path: Packages/com.unity.modules.xr/package.json - Importer: ScriptedImporter/UnityEditor.QuickSearchModule:UnityEditor.Search:ASIAI0B
Importing 'GUID: 2c814623cb42764d304be0c5ddd03ceb - Path: Packages/com.unity.modules.xr/package.json - Importer: ScriptedImporter/UnityEditor.QuickSearchModule:UnityEditor.Search:ASIAI0B' with importer (ScriptedImporter : UnityEditor.QuickSearchModule:UnityEditor.Search:ASIAI0B)
Imported 'GUID: 2c814623cb42764d304be0c5ddd03ceb' -> (Import Result ID: 'a2e8aefb0daea4caa5edbddddfc1fd0a') in 0.008 seconds [static and dynamic dependencies]. Details - ImportResultOutputID=e3f5139cfd6fc847049a647780c9a952 DependenciesID=d2d5b3b92e8ccfa9fec52189fe26cf8b StaticDependenciesID=5eb0dc2a9d78d3aeca69b70ffe2988a0 
Number of updated asset objects reloaded before import = 0
Number of asset objects unloaded after import = 1
========================================================================
Received Import Request.
  Time of request: 2026-09-29T13:57:01.307326Z
  Time since last request: 0.0002508 seconds.
  importAddress: GUID: c359bcaf4a0bc4040aac650bf14ec619 - Path: Packages/com.unity.multiplayer.center/README.md - Importer: ScriptedImporter/UnityEditor.QuickSearchModule:UnityEditor.Search:ASIAI0B
Importing 'GUID: c359bcaf4a0bc4040aac650bf14ec619 - Path: Packages/com.unity.multiplayer.center/README.md - Importer: ScriptedImporter/UnityEditor.QuickSearchModule:UnityEditor.Search:ASIAI0B' with importer (ScriptedImporter : UnityEditor.QuickSearchModule:UnityEditor.Search:ASIAI0B)
Imported 'GUID: c359bcaf4a0bc4040aac650bf14ec619' -> (Import Result ID: 'e924c3cc54b9e9d73a952d7a55944d78') in 0.009 seconds [static and dynamic dependencies]. Details - ImportResultOutputID=16f24b119a8615dccfcc11619a1deb94 DependenciesID=f3b7bbc8b9e8c928deabb1593ce2cea4 StaticDependenciesID=6e14c4c77335b847d8abaed8e93f15bb 
Number of updated asset objects reloaded before import = 0
Number of asset objects unloaded after import = 1
========================================================================
Received Import Request.
  Time of request: 2026-09-29T13:57:01.3166022Z
  Time since last request: 0.00035 seconds.
  importAddress: GUID: 89b6d933e4994d0980f6b48dc2b8779c - Path: Packages/com.unity.multiplayer.center/Common/AnswerData.cs - Importer: ScriptedImporter/UnityEditor.QuickSearchModule:UnityEditor.Search:ASIAI0B
Importing 'GUID: 89b6d933e4994d0980f6b48dc2b8779c - Path: Packages/com.unity.multiplayer.center/Common/AnswerData.cs - Importer: ScriptedImporter/UnityEditor.QuickSearchModule:UnityEditor.Search:ASIAI0B' with importer (ScriptedImporter : UnityEditor.QuickSearchModule:UnityEditor.Search:ASIAI0B)
Imported 'GUID: 89b6d933e4994d0980f6b48dc2b8779c' -> (Import Result ID: '9b6525bd5e0ed083e545706eaa0c40b7') in 0.005 seconds [static and dynamic dependencies]. Details - ImportResultOutputID=c74b0312b56186385db3731679339ebd DependenciesID=93ee737e7e9ebcf3f6322f10d8dacc80 StaticDependenciesID=9a09c9e775aef6df108beb883b249c97 
Number of updated asset objects reloaded before import = 0
Number of asset objects unloaded after import = 0
========================================================================
Received Import Request.
  Time of request: 2026-09-29T13:57:01.3220404Z
  Time since last request: 0.000302 seconds.
  importAddress: GUID: 553737203d61a8109f9544a97201e1aa - Path: Packages/com.unity.modules.unitywebrequestaudio/package.ModuleCompilationTrigger - Importer: ScriptedImporter/UnityEditor.QuickSearchModule:UnityEditor.Search:ASIAI0B
Importing 'GUID: 553737203d61a8109f9544a97201e1aa - Path: Packages/com.unity.modules.unitywebrequestaudio/package.ModuleCompilationTrigger - Importer: ScriptedImporter/UnityEditor.QuickSearchModule:UnityEditor.Search:ASIAI0B' with importer (ScriptedImporter : UnityEditor.QuickSearchModule:UnityEditor.Search:ASIAI0B)
Imported 'GUID: 553737203d61a8109f9544a97201e1aa' -> (Import Result ID: '8652c53c13ada29de3ae02a0cb8499bc') in 0.017 seconds [static and dynamic dependencies]. Details - ImportResultOutputID=4372b966908ac4df104346c4f3afd4a8 DependenciesID=f41a5ba9f88217026727c555d6a632d6 StaticDependenciesID=47b4e217424907707b7c7b1e4731365d 
Number of updated asset objects reloaded before import = 0
Number of asset objects unloaded after import = 1
========================================================================
Received Import Request.
  Time of request: 2026-09-29T13:57:01.339232Z
  Time since last request: 0.0003957 seconds.
  importAddress: GUID: 0a9ab22e4e004c7db707338bccb538b9 - Path: Packages/com.unity.multiplayer.center/Common/Preset.cs - Importer: ScriptedImporter/UnityEditor.QuickSearchModule:UnityEditor.Search:ASIAI0B
Importing 'GUID: 0a9ab22e4e004c7db707338bccb538b9 - Path: Packages/com.unity.multiplayer.center/Common/Preset.cs - Importer: ScriptedImporter/UnityEditor.QuickSearchModule:UnityEditor.Search:ASIAI0B' with importer (ScriptedImporter : UnityEditor.QuickSearchModule:UnityEditor.Search:ASIAI0B)
Imported 'GUID: 0a9ab22e4e004c7db707338bccb538b9' -> (Import Result ID: 'a9edb2753005dc0f8d8cfc3183d55606') in 0.006 seconds [static and dynamic dependencies]. Details - ImportResultOutputID=ecf8a3232d1c1231e5d1105718abfdef DependenciesID=d2b752eac65bd17dacded0abbc87bd94 StaticDependenciesID=1d23fd2c2c3a4a0845f8e2c1f52f1f7c 
Number of updated asset objects reloaded before import = 0
Number of asset objects unloaded after import = 0
========================================================================
Received Import Request.
  Time of request: 2026-09-29T13:57:01.3455679Z
  Time since last request: 0.0003592 seconds.
  importAddress: GUID: 50d5ff9fe4ab4477b7ea648da183e9d1 - Path: Packages/com.unity.multiplayer.center/Common/StyleConstants.cs - Importer: ScriptedImporter/UnityEditor.QuickSearchModule:UnityEditor.Search:ASIAI0B
Importing 'GUID: 50d5ff9fe4ab4477b7ea648da183e9d1 - Path: Packages/com.unity.multiplayer.center/Common/StyleConstants.cs - Importer: ScriptedImporter/UnityEditor.QuickSearchModule:UnityEditor.Search:ASIAI0B' with importer (ScriptedImporter : UnityEditor.QuickSearchModule:UnityEditor.Search:ASIAI0B)
Imported 'GUID: 50d5ff9fe4ab4477b7ea648da183e9d1' -> (Import Result ID: '8152c292fe39d8be8335147f50482571') in 0.006 seconds [static and dynamic dependencies]. Details - ImportResultOutputID=68cbaadf2538285d4d219ac91e23808e DependenciesID=4789aa3ae61b9ed8db970fea00b1a3fb StaticDependenciesID=a980a6f3abef16466f3ca6cb6efab113 
Number of updated asset objects reloaded before import = 0
Number of asset objects unloaded after import = 0
========================================================================
Received Import Request.
  Time of request: 2026-09-29T13:57:01.352115Z
  Time since last request: 0.0002702 seconds.
  importAddress: GUID: c7a8b0317f4e68556d7509828e9e211e - Path: Packages/com.unity.modules.xr/package.ModuleCompilationTrigger - Importer: ScriptedImporter/UnityEditor.QuickSearchModule:UnityEditor.Search:ASIAI0B
Importing 'GUID: c7a8b0317f4e68556d7509828e9e211e - Path: Packages/com.unity.modules.xr/package.ModuleCompilationTrigger - Importer: ScriptedImporter/UnityEditor.QuickSearchModule:UnityEditor.Search:ASIAI0B' with importer (ScriptedImporter : UnityEditor.QuickSearchModule:UnityEditor.Search:ASIAI0B)
Imported 'GUID: c7a8b0317f4e68556d7509828e9e211e' -> (Import Result ID: '4c3a8f2b6e56b88a504f7035f4917b10') in 0.005 seconds [static and dynamic dependencies]. Details - ImportResultOutputID=bf4bc79620d61819ae4667e363b8ac54 DependenciesID=18ea8836b02213bf6e700c67c9227fde StaticDependenciesID=8ef61a630221eef84923300b3d6d6859 
Number of updated asset objects reloaded before import = 0
Number of asset objects unloaded after import = 1
========================================================================
Received Import Request.
  Time of request: 2026-09-29T13:57:01.3576354Z
  Time since last request: 0.0004126 seconds.
  importAddress: GUID: 185e678d90804a8a85ab38276eca86fb - Path: Packages/com.unity.multiplayer.center/Editor/Analytics/MultiplayerCenterAnalytics.cs - Importer: ScriptedImporter/UnityEditor.QuickSearchModule:UnityEditor.Search:ASIAI0B
Importing 'GUID: 185e678d90804a8a85ab38276eca86fb - Path: Packages/com.unity.multiplayer.center/Editor/Analytics/MultiplayerCenterAnalytics.cs - Importer: ScriptedImporter/UnityEditor.QuickSearchModule:UnityEditor.Search:ASIAI0B' with importer (ScriptedImporter : UnityEditor.QuickSearchModule:UnityEditor.Search:ASIAI0B)
Imported 'GUID: 185e678d90804a8a85ab38276eca86fb' -> (Import Result ID: 'bfbae8991e884a5b5d827d17afdb7dd0') in 0.005 seconds [static and dynamic dependencies]. Details - ImportResultOutputID=5eb9af546e274dfbf155c94504cc8d07 DependenciesID=c1d7d2b6aadec72e947351fd0b00217d StaticDependenciesID=872841e00a54bc0c2a8bae3ea2dd5959 
Number of updated asset objects reloaded before import = 0
Number of asset objects unloaded after import = 0
========================================================================
Received Import Request.
  Time of request: 2026-09-29T13:57:01.3631726Z
  Time since last request: 0.0003046 seconds.
  importAddress: GUID: 70554f6c9e4114e1084bb38f9ea400ce - Path: Packages/com.unity.multiplayer.center/LICENSE.md - Importer: ScriptedImporter/UnityEditor.QuickSearchModule:UnityEditor.Search:ASIAI0B
Importing 'GUID: 70554f6c9e4114e1084bb38f9ea400ce - Path: Packages/com.unity.multiplayer.center/LICENSE.md - Importer: ScriptedImporter/UnityEditor.QuickSearchModule:UnityEditor.Search:ASIAI0B' with importer (ScriptedImporter : UnityEditor.QuickSearchModule:UnityEditor.Search:ASIAI0B)
Imported 'GUID: 70554f6c9e4114e1084bb38f9ea400ce' -> (Import Result ID: '0ff4402274eedd5a81956394ad4fbc38') in 0.006 seconds [static and dynamic dependencies]. Details - ImportResultOutputID=d5a5c3574f5142ff45aba383cc3a024f DependenciesID=49a03658757b9c73d07404d53b9779d7 StaticDependenciesID=bb8c844fdb7e2076a482a925f8d6e794 
Number of updated asset objects reloaded before import = 0
Number of asset objects unloaded after import = 1
========================================================================
Received Import Request.
  Time of request: 2026-09-29T13:57:01.369571Z
  Time since last request: 0.0003767 seconds.
  importAddress: GUID: 80beef77cb19e713c7c2d481b65ed485 - Path: Packages/com.unity.modules.screencapture/package.json - Importer: ScriptedImporter/UnityEditor.QuickSearchModule:UnityEditor.Search:ASIAI0B
Importing 'GUID: 80beef77cb19e713c7c2d481b65ed485 - Path: Packages/com.unity.modules.screencapture/package.json - Importer: ScriptedImporter/UnityEditor.QuickSearchModule:UnityEditor.Search:ASIAI0B' with importer (ScriptedImporter : UnityEditor.QuickSearchModule:UnityEditor.Search:ASIAI0B)
Imported 'GUID: 80beef77cb19e713c7c2d481b65ed485' -> (Import Result ID: 'ce69cb5710e5caea705ff52a48ec8a16') in 0.005 seconds [static and dynamic dependencies]. Details - ImportResultOutputID=e21874699cc5f36e99ed22cd1cba6bec DependenciesID=c7614126aeb7ae6e8730c51c352e0cc7 StaticDependenciesID=62e8d7bab67b96331d33ee1710038018 
Number of updated asset objects reloaded before import = 0
Number of asset objects unloaded after import = 1
========================================================================
Received Import Request.
  Time of request: 2026-09-29T13:57:01.3752465Z
  Time since last request: 0.0003986 seconds.
  importAddress: GUID: df0857f6a11054383be91b1f8e1b5800 - Path: Packages/com.unity.multiplayer.center/package.json - Importer: ScriptedImporter/UnityEditor.QuickSearchModule:UnityEditor.Search:ASIAI0B
Importing 'GUID: df0857f6a11054383be91b1f8e1b5800 - Path: Packages/com.unity.multiplayer.center/package.json - Importer: ScriptedImporter/UnityEditor.QuickSearchModule:UnityEditor.Search:ASIAI0B' with importer (ScriptedImporter : UnityEditor.QuickSearchModule:UnityEditor.Search:ASIAI0B)
Imported 'GUID: df0857f6a11054383be91b1f8e1b5800' -> (Import Result ID: 'adc95bb0b8c06af8e24806dc3ceb7a61') in 0.009 seconds [static and dynamic dependencies]. Details - ImportResultOutputID=62880dfdf6004889d5f8b7c38dbe7d56 DependenciesID=21f2a2f375a15ce1a59dd963c480df8f StaticDependenciesID=20fb40fcd632027c3956c9fde0b57545 
Number of updated asset objects reloaded before import = 0
Number of asset objects unloaded after import = 1
========================================================================
Received Import Request.
  Time of request: 2026-09-29T13:57:01.3846321Z
  Time since last request: 0.0003774 seconds.
  importAddress: GUID: be17709716f1648caa5de6d0c38103ed - Path: Packages/com.unity.multiplayer.center/Editor/Unity.Multiplayer.Center.Editor.asmdef - Importer: ScriptedImporter/UnityEditor.QuickSearchModule:UnityEditor.Search:ASIAI0B
Importing 'GUID: be17709716f1648caa5de6d0c38103ed - Path: Packages/com.unity.multiplayer.center/Editor/Unity.Multiplayer.Center.Editor.asmdef - Importer: ScriptedImporter/UnityEditor.QuickSearchModule:UnityEditor.Search:ASIAI0B' with importer (ScriptedImporter : UnityEditor.QuickSearchModule:UnityEditor.Search:ASIAI0B)
Imported 'GUID: be17709716f1648caa5de6d0c38103ed' -> (Import Result ID: '1469aa378b074ecfdda1a922f4bbece3') in 0.010 seconds [static and dynamic dependencies]. Details - ImportResultOutputID=9c73fc1e90c9d6cab3cd33c9c3143b23 DependenciesID=d62b7a5815b0ed04542c63b135460458 StaticDependenciesID=371ba83ba83c3d9b3fd928186d534e86 
Number of updated asset objects reloaded before import = 0
Number of asset objects unloaded after import = 1
========================================================================
Received Import Request.
  Time of request: 2026-09-29T13:57:01.3974094Z
  Time since last request: 0.0020634 seconds.
  importAddress: GUID: ae87256f29d9c8b50490f4caf75b2c41 - Path: Packages/com.unity.modules.unitywebrequestwww/package.ModuleCompilationTrigger - Importer: ScriptedImporter/UnityEditor.QuickSearchModule:UnityEditor.Search:ASIAI0B
Importing 'GUID: ae87256f29d9c8b50490f4caf75b2c41 - Path: Packages/com.unity.modules.unitywebrequestwww/package.ModuleCompilationTrigger - Importer: ScriptedImporter/UnityEditor.QuickSearchModule:UnityEditor.Search:ASIAI0B' with importer (ScriptedImporter : UnityEditor.QuickSearchModule:UnityEditor.Search:ASIAI0B)
Imported 'GUID: ae87256f29d9c8b50490f4caf75b2c41' -> (Import Result ID: '5d63faba3571521ded662eb1a1ae2dd8') in 0.007 seconds [static and dynamic dependencies]. Details - ImportResultOutputID=14f70e94edce226445eca4e54a335fc7 DependenciesID=a4724231bff4bd3b787a5bac5bf979e0 StaticDependenciesID=437a9f907ef2a846d8f3b099ac4c551c 
Number of updated asset objects reloaded before import = 0
Number of asset objects unloaded after import = 1
========================================================================
Received Import Request.
  Time of request: 2026-09-29T13:57:01.4046566Z
  Time since last request: 0.0003386 seconds.
  importAddress: GUID: 676a3852811f4199813ce7f6dbac6880 - Path: Packages/com.unity.multiplayer.center/Editor/Features/PackageManagement.cs - Importer: ScriptedImporter/UnityEditor.QuickSearchModule:UnityEditor.Search:ASIAI0B
Importing 'GUID: 676a3852811f4199813ce7f6dbac6880 - Path: Packages/com.unity.multiplayer.center/Editor/Features/PackageManagement.cs - Importer: ScriptedImporter/UnityEditor.QuickSearchModule:UnityEditor.Search:ASIAI0B' with importer (ScriptedImporter : UnityEditor.QuickSearchModule:UnityEditor.Search:ASIAI0B)
Imported 'GUID: 676a3852811f4199813ce7f6dbac6880' -> (Import Result ID: 'a5d6d9767a49982b0bdccb40561d1426') in 0.005 seconds [static and dynamic dependencies]. Details - ImportResultOutputID=d178f06bd32c65e679c9ac6e81c28e27 DependenciesID=20b83bab8845f56ba78a8b42f0e4a595 StaticDependenciesID=f714e5596de0fff63bb6e57d758d1a48 
Number of updated asset objects reloaded before import = 0
Number of asset objects unloaded after import = 0
========================================================================
Received Import Request.
  Time of request: 2026-09-29T13:57:01.4102443Z
  Time since last request: 0.0003624 seconds.
  importAddress: GUID: 052c764978664486a9c04518899ddf57 - Path: Packages/com.unity.multiplayer.center/Editor/MultiplayerCenterWindow/RecommendationTabView.cs - Importer: ScriptedImporter/UnityEditor.QuickSearchModule:UnityEditor.Search:ASIAI0B
Importing 'GUID: 052c764978664486a9c04518899ddf57 - Path: Packages/com.unity.multiplayer.center/Editor/MultiplayerCenterWindow/RecommendationTabView.cs - Importer: ScriptedImporter/UnityEditor.QuickSearchModule:UnityEditor.Search:ASIAI0B' with importer (ScriptedImporter : UnityEditor.QuickSearchModule:UnityEditor.Search:ASIAI0B)
Imported 'GUID: 052c764978664486a9c04518899ddf57' -> (Import Result ID: '05355bb40a13be6fb67cbed29e62d543') in 0.006 seconds [static and dynamic dependencies]. Details - ImportResultOutputID=85d636fc0f26dea763f4981f299dc969 DependenciesID=40427277577a9678f97b841c5da384ff StaticDependenciesID=691aaa675ebd5e608716caa3b785e51d 
Number of updated asset objects reloaded before import = 0
Number of asset objects unloaded after import = 0
========================================================================
Received Import Request.
  Time of request: 2026-09-29T13:57:01.4171245Z
  Time since last request: 0.0003996 seconds.
  importAddress: GUID: a31a332ce3485f00f7df8d987302a29c - Path: Packages/com.unity.modules.unitywebrequesttexture/package.ModuleCompilationTrigger - Importer: ScriptedImporter/UnityEditor.QuickSearchModule:UnityEditor.Search:ASIAI0B
Importing 'GUID: a31a332ce3485f00f7df8d987302a29c - Path: Packages/com.unity.modules.unitywebrequesttexture/package.ModuleCompilationTrigger - Importer: ScriptedImporter/UnityEditor.QuickSearchModule:UnityEditor.Search:ASIAI0B' with importer (ScriptedImporter : UnityEditor.QuickSearchModule:UnityEditor.Search:ASIAI0B)
Imported 'GUID: a31a332ce3485f00f7df8d987302a29c' -> (Import Result ID: '96557ebb2b3c3251a1c98af90c482127') in 0.005 seconds [static and dynamic dependencies]. Details - ImportResultOutputID=c330c53e320ee2fa70818b697a99c8fc DependenciesID=57b51da99129750b2d975a155538a8c4 StaticDependenciesID=55dd8749b9f6530e7d2c275e03594a2a 
Number of updated asset objects reloaded before import = 0
Number of asset objects unloaded after import = 1
========================================================================
Received Import Request.
  Time of request: 2026-09-29T13:57:01.4225728Z
  Time since last request: 0.0003474 seconds.
  importAddress: GUID: d1084186a4004823abee9b87c8ddf198 - Path: Packages/com.unity.multiplayer.center/Editor/MultiplayerCenterWindow/RecommendationViewBottomBar.cs - Importer: ScriptedImporter/UnityEditor.QuickSearchModule:UnityEditor.Search:ASIAI0B
Importing 'GUID: d1084186a4004823abee9b87c8ddf198 - Path: Packages/com.unity.multiplayer.center/Editor/MultiplayerCenterWindow/RecommendationViewBottomBar.cs - Importer: ScriptedImporter/UnityEditor.QuickSearchModule:UnityEditor.Search:ASIAI0B' with importer (ScriptedImporter : UnityEditor.QuickSearchModule:UnityEditor.Search:ASIAI0B)
Imported 'GUID: d1084186a4004823abee9b87c8ddf198' -> (Import Result ID: 'f691895cadedbeb9a0be1d922f7b5070') in 0.005 seconds [static and dynamic dependencies]. Details - ImportResultOutputID=8d1ed7b04419c23f39fec005b1a96985 DependenciesID=45c105716ccbb34ff68ca2530e951116 StaticDependenciesID=17d0a1631d1dc741c13b832a73b7923e 
Number of updated asset objects reloaded before import = 0
Number of asset objects unloaded after import = 0
========================================================================
Received Import Request.
  Time of request: 2026-09-29T13:57:01.4281709Z
  Time since last request: 0.0003725 seconds.
  importAddress: GUID: d85e5eeaf8f135aeaaebdc8aa3cff6c3 - Path: Packages/com.unity.modules.umbra/package.json - Importer: ScriptedImporter/UnityEditor.QuickSearchModule:UnityEditor.Search:ASIAI0B
Importing 'GUID: d85e5eeaf8f135aeaaebdc8aa3cff6c3 - Path: Packages/com.unity.modules.umbra/package.json - Importer: ScriptedImporter/UnityEditor.QuickSearchModule:UnityEditor.Search:ASIAI0B' with importer (ScriptedImporter : UnityEditor.QuickSearchModule:UnityEditor.Search:ASIAI0B)
Imported 'GUID: d85e5eeaf8f135aeaaebdc8aa3cff6c3' -> (Import Result ID: 'f048bd58ba37c03531a1f25e986ffc31') in 0.006 seconds [static and dynamic dependencies]. Details - ImportResultOutputID=549f6e9e8536f4a6a0c4356c33f8ab5e DependenciesID=fb3a28d7ec52f4aa1a43773ce2adf886 StaticDependenciesID=d564d22e891be9a9233c184ec3bf528a 
Number of updated asset objects reloaded before import = 0
Number of asset objects unloaded after import = 1
========================================================================
Received Import Request.
  Time of request: 2026-09-29T13:57:01.4349273Z
  Time since last request: 0.0002894 seconds.
  importAddress: GUID: 84abd2ab34a74600a33a3bb9d72859fe - Path: Packages/com.unity.multiplayer.center/Common/Unity.Multiplayer.Center.Common.asmdef - Importer: ScriptedImporter/UnityEditor.QuickSearchModule:UnityEditor.Search:ASIAI0B
Importing 'GUID: 84abd2ab34a74600a33a3bb9d72859fe - Path: Packages/com.unity.multiplayer.center/Common/Unity.Multiplayer.Center.Common.asmdef - Importer: ScriptedImporter/UnityEditor.QuickSearchModule:UnityEditor.Search:ASIAI0B' with importer (ScriptedImporter : UnityEditor.QuickSearchModule:UnityEditor.Search:ASIAI0B)
Imported 'GUID: 84abd2ab34a74600a33a3bb9d72859fe' -> (Import Result ID: '09bc63e8944a615fa1bb937c24b0733f') in 0.006 seconds [static and dynamic dependencies]. Details - ImportResultOutputID=8fe318256da53c1cc84e8ccfa54f0ff1 DependenciesID=da4a3a2f794d389b2b0f1fcf51069ac4 StaticDependenciesID=10e8e2f9e4322071dfeb7039df429088 
Number of updated asset objects reloaded before import = 0
Number of asset objects unloaded after import = 1
========================================================================
Received Import Request.
  Time of request: 2026-09-29T13:57:01.4410666Z
  Time since last request: 0.0002998 seconds.
  importAddress: GUID: 4b518b37798c97b0f860962cbf615533 - Path: Packages/com.unity.modules.unitywebrequestaudio/package.json - Importer: ScriptedImporter/UnityEditor.QuickSearchModule:UnityEditor.Search:ASIAI0B
Importing 'GUID: 4b518b37798c97b0f860962cbf615533 - Path: Packages/com.unity.modules.unitywebrequestaudio/package.json - Importer: ScriptedImporter/UnityEditor.QuickSearchModule:UnityEditor.Search:ASIAI0B' with importer (ScriptedImporter : UnityEditor.QuickSearchModule:UnityEditor.Search:ASIAI0B)
Imported 'GUID: 4b518b37798c97b0f860962cbf615533' -> (Import Result ID: 'aff7bc058665c27f3ed46e90b5f045a6') in 0.007 seconds [static and dynamic dependencies]. Details - ImportResultOutputID=f7df43808014f581fd666ffcfb0b77e9 DependenciesID=ebde22b490ce85aaeb98add396715272 StaticDependenciesID=fde15cf59b19d28a3075a830186e59b9 
Number of updated asset objects reloaded before import = 0
Number of asset objects unloaded after import = 1
========================================================================
Received Import Request.
  Time of request: 2026-09-29T13:57:01.4489611Z
  Time since last request: 0.0004187 seconds.
  importAddress: GUID: ec737041edec4a5b93f7953a6ffe9f06 - Path: Packages/com.unity.multiplayer.center/Common/SelectedSolutionsData.cs - Importer: ScriptedImporter/UnityEditor.QuickSearchModule:UnityEditor.Search:ASIAI0B
Importing 'GUID: ec737041edec4a5b93f7953a6ffe9f06 - Path: Packages/com.unity.multiplayer.center/Common/SelectedSolutionsData.cs - Importer: ScriptedImporter/UnityEditor.QuickSearchModule:UnityEditor.Search:ASIAI0B' with importer (ScriptedImporter : UnityEditor.QuickSearchModule:UnityEditor.Search:ASIAI0B)
Imported 'GUID: ec737041edec4a5b93f7953a6ffe9f06' -> (Import Result ID: '225584180bf008812825cc323baf825a') in 0.005 seconds [static and dynamic dependencies]. Details - ImportResultOutputID=d4a0883ac8dfe3d6f0a62ad3c20920e7 DependenciesID=a7996a0731b420d7b2ad6083ff3f1662 StaticDependenciesID=1a95b267593e5c71e03af3fb8924576e 
Number of updated asset objects reloaded before import = 0
Number of asset objects unloaded after import = 0
========================================================================
Received Import Request.
  Time of request: 2026-09-29T13:57:01.4550907Z
  Time since last request: 0.0004133 seconds.
  importAddress: GUID: b5930dbc378b45d406aeb881f06b6dfa - Path: Packages/com.unity.modules.physicscore2d/package.json - Importer: ScriptedImporter/UnityEditor.QuickSearchModule:UnityEditor.Search:ASIAI0B
Importing 'GUID: b5930dbc378b45d406aeb881f06b6dfa - Path: Packages/com.unity.modules.physicscore2d/package.json - Importer: ScriptedImporter/UnityEditor.QuickSearchModule:UnityEditor.Search:ASIAI0B' with importer (ScriptedImporter : UnityEditor.QuickSearchModule:UnityEditor.Search:ASIAI0B)
Imported 'GUID: b5930dbc378b45d406aeb881f06b6dfa' -> (Import Result ID: '6e0205801cccaf895551e6d22783b5fb') in 0.006 seconds [static and dynamic dependencies]. Details - ImportResultOutputID=2e3c7ed3e83930051ba418139dfdfc83 DependenciesID=5f7a69b6b794b159e1fac9591a70aac9 StaticDependenciesID=9e8d9e85315e742368381eb6767ae395 
Number of updated asset objects reloaded before import = 0
Number of asset objects unloaded after import = 1
========================================================================
Received Import Request.
  Time of request: 2026-09-29T13:57:01.4619043Z
  Time since last request: 0.000354 seconds.
  importAddress: GUID: a1c42005fe7c5d78585a77ce396a5eea - Path: Packages/com.unity.modules.tilemap/package.ModuleCompilationTrigger - Importer: ScriptedImporter/UnityEditor.QuickSearchModule:UnityEditor.Search:ASIAI0B
Importing 'GUID: a1c42005fe7c5d78585a77ce396a5eea - Path: Packages/com.unity.modules.tilemap/package.ModuleCompilationTrigger - Importer: ScriptedImporter/UnityEditor.QuickSearchModule:UnityEditor.Search:ASIAI0B' with importer (ScriptedImporter : UnityEditor.QuickSearchModule:UnityEditor.Search:ASIAI0B)
Imported 'GUID: a1c42005fe7c5d78585a77ce396a5eea' -> (Import Result ID: 'f8dbb2a8812e8e6696c3f67eaa546cc5') in 0.005 seconds [static and dynamic dependencies]. Details - ImportResultOutputID=d7da3d7b6fe04c0c08c8a0175119e15e DependenciesID=8f33e9e1dfb421697b03bfae3e7430b0 StaticDependenciesID=6b24b6182ee74f833622d98f7f941e5b 
Number of updated asset objects reloaded before import = 0
Number of asset objects unloaded after import = 1
========================================================================
Received Import Request.
  Time of request: 2026-09-29T13:57:01.4672568Z
  Time since last request: 0.0003639 seconds.
  importAddress: GUID: e9faa4a7023c43c5805642250c703f48 - Path: Packages/com.unity.multiplayer.center/Editor/Analytics/OnboardingSectionAnalyticsProvider.cs - Importer: ScriptedImporter/UnityEditor.QuickSearchModule:UnityEditor.Search:ASIAI0B
Importing 'GUID: e9faa4a7023c43c5805642250c703f48 - Path: Packages/com.unity.multiplayer.center/Editor/Analytics/OnboardingSectionAnalyticsProvider.cs - Importer: ScriptedImporter/UnityEditor.QuickSearchModule:UnityEditor.Search:ASIAI0B' with importer (ScriptedImporter : UnityEditor.QuickSearchModule:UnityEditor.Search:ASIAI0B)
Imported 'GUID: e9faa4a7023c43c5805642250c703f48' -> (Import Result ID: 'b9a5b6a0fb42b9c6628e68c1359ada5d') in 0.005 seconds [static and dynamic dependencies]. Details - ImportResultOutputID=3fada3899b009a0e78f66cd89f247a6e DependenciesID=f16780c00758822bca001217acb7000a StaticDependenciesID=f6db59a54f3f0bdad0e550bfc931882d 
Number of updated asset objects reloaded before import = 0
Number of asset objects unloaded after import = 0
========================================================================
Received Import Request.
  Time of request: 2026-09-29T13:57:01.4733295Z
  Time since last request: 0.0004949 seconds.
  importAddress: GUID: fcbb62ff857b4cf49e74f5f9aca6e8d6 - Path: Packages/com.unity.multiplayer.center/Editor/OnBoarding/SectionsFinder.cs - Importer: ScriptedImporter/UnityEditor.QuickSearchModule:UnityEditor.Search:ASIAI0B
Importing 'GUID: fcbb62ff857b4cf49e74f5f9aca6e8d6 - Path: Packages/com.unity.multiplayer.center/Editor/OnBoarding/SectionsFinder.cs - Importer: ScriptedImporter/UnityEditor.QuickSearchModule:UnityEditor.Search:ASIAI0B' with importer (ScriptedImporter : UnityEditor.QuickSearchModule:UnityEditor.Search:ASIAI0B)
Imported 'GUID: fcbb62ff857b4cf49e74f5f9aca6e8d6' -> (Import Result ID: 'f5068ba60c59fd6316cab2a039eb37ab') in 0.006 seconds [static and dynamic dependencies]. Details - ImportResultOutputID=c4984e492457ef321f93673e8a851d50 DependenciesID=4906c8633aac76ea55edccf0f3087fc9 StaticDependenciesID=f60bcf4ea36dafd1421e7f655d485025 
Number of updated asset objects reloaded before import = 0
Number of asset objects unloaded after import = 0
========================================================================
Received Import Request.
  Time of request: 2026-09-29T13:57:01.4795042Z
  Time since last request: 0.0002422 seconds.
  importAddress: GUID: cbb1a39d56ce4d9ac1a46ac505893fa7 - Path: Packages/com.unity.modules.terrainphysics/package.ModuleCompilationTrigger - Importer: ScriptedImporter/UnityEditor.QuickSearchModule:UnityEditor.Search:ASIAI0B
Importing 'GUID: cbb1a39d56ce4d9ac1a46ac505893fa7 - Path: Packages/com.unity.modules.terrainphysics/package.ModuleCompilationTrigger - Importer: ScriptedImporter/UnityEditor.QuickSearchModule:UnityEditor.Search:ASIAI0B' with importer (ScriptedImporter : UnityEditor.QuickSearchModule:UnityEditor.Search:ASIAI0B)
Imported 'GUID: cbb1a39d56ce4d9ac1a46ac505893fa7' -> (Import Result ID: '7e2f0304db3cf89c56537ebe0bcaf82f') in 0.005 seconds [static and dynamic dependencies]. Details - ImportResultOutputID=648ec9aad5fc15018530d14b3d60bf65 DependenciesID=d04625a47c2a94faae48278c165b1449 StaticDependenciesID=a72dd1b071fbac5615e5c68ddf0e0493 
Number of updated asset objects reloaded before import = 0
Number of asset objects unloaded after import = 1
========================================================================
Received Import Request.
  Time of request: 2026-09-29T13:57:01.4855775Z
  Time since last request: 0.0002853 seconds.
  importAddress: GUID: cd561f5f687aed43bf280c27a84f79e3 - Path: Packages/com.unity.modules.screencapture/package.ModuleCompilationTrigger - Importer: ScriptedImporter/UnityEditor.QuickSearchModule:UnityEditor.Search:ASIAI0B
Importing 'GUID: cd561f5f687aed43bf280c27a84f79e3 - Path: Packages/com.unity.modules.screencapture/package.ModuleCompilationTrigger - Importer: ScriptedImporter/UnityEditor.QuickSearchModule:UnityEditor.Search:ASIAI0B' with importer (ScriptedImporter : UnityEditor.QuickSearchModule:UnityEditor.Search:ASIAI0B)
Imported 'GUID: cd561f5f687aed43bf280c27a84f79e3' -> (Import Result ID: 'bb0198b976ef1c393b28b8ccd42d44af') in 0.005 seconds [static and dynamic dependencies]. Details - ImportResultOutputID=348821e38102d2eb2be0fcd0149a12d2 DependenciesID=a8786e610df7666dca5d8fbe81233a60 StaticDependenciesID=462d53b40b3e1138d927b024815499b9 
Number of updated asset objects reloaded before import = 0
Number of asset objects unloaded after import = 1
========================================================================
Received Import Request.
  Time of request: 2026-09-29T13:57:01.4914647Z
  Time since last request: 0.0007718 seconds.
  importAddress: GUID: 1b6246f2248883964991eac9e9b4817c - Path: Packages/com.unity.modules.umbra/package.ModuleCompilationTrigger - Importer: ScriptedImporter/UnityEditor.QuickSearchModule:UnityEditor.Search:ASIAI0B
Importing 'GUID: 1b6246f2248883964991eac9e9b4817c - Path: Packages/com.unity.modules.umbra/package.ModuleCompilationTrigger - Importer: ScriptedImporter/UnityEditor.QuickSearchModule:UnityEditor.Search:ASIAI0B' with importer (ScriptedImporter : UnityEditor.QuickSearchModule:UnityEditor.Search:ASIAI0B)
Imported 'GUID: 1b6246f2248883964991eac9e9b4817c' -> (Import Result ID: '684b1b1d1bbc98e11bf2a7479a129d40') in 0.005 seconds [static and dynamic dependencies]. Details - ImportResultOutputID=7e03b448bcf8cc1357e8e7f2d702a5e9 DependenciesID=9279a21be1e1edb4ab0f880ec58fd2e8 StaticDependenciesID=e06c91cb5e498cfc7dc997e5d37f5dba 
Number of updated asset objects reloaded before import = 0
Number of asset objects unloaded after import = 1
========================================================================
Received Import Request.
  Time of request: 2026-09-29T13:57:01.4976154Z
  Time since last request: 0.0001093 seconds.
  importAddress: GUID: c8f6fa942856442b8bd72594d3ce7363 - Path: Packages/com.unity.multiplayer.center/Third Party Notices.md - Importer: ScriptedImporter/UnityEditor.QuickSearchModule:UnityEditor.Search:ASIAI0B
Importing 'GUID: c8f6fa942856442b8bd72594d3ce7363 - Path: Packages/com.unity.multiplayer.center/Third Party Notices.md - Importer: ScriptedImporter/UnityEditor.QuickSearchModule:UnityEditor.Search:ASIAI0B' with importer (ScriptedImporter : UnityEditor.QuickSearchModule:UnityEditor.Search:ASIAI0B)
Imported 'GUID: c8f6fa942856442b8bd72594d3ce7363' -> (Import Result ID: 'a972ff850b04780cc650c3b9985240a4') in 0.006 seconds [static and dynamic dependencies]. Details - ImportResultOutputID=5142c242c30116ce81701a0240ce7205 DependenciesID=0ed3cd84e58380d011b13caaf1f8a17b StaticDependenciesID=68a7a4c8a7d640afe17ecdfc6e8dbae9 
Number of updated asset objects reloaded before import = 0
Number of asset objects unloaded after import = 1
========================================================================
Received Import Request.
  Time of request: 2026-09-29T13:57:01.5046171Z
  Time since last request: 0.0003677 seconds.
  importAddress: GUID: 40bf3cec17fa0b49fe04443c8332d638 - Path: Packages/com.unity.modules.jsonserialize/package.json - Importer: ScriptedImporter/UnityEditor.QuickSearchModule:UnityEditor.Search:ASIAI0B
Importing 'GUID: 40bf3cec17fa0b49fe04443c8332d638 - Path: Packages/com.unity.modules.jsonserialize/package.json - Importer: ScriptedImporter/UnityEditor.QuickSearchModule:UnityEditor.Search:ASIAI0B' with importer (ScriptedImporter : UnityEditor.QuickSearchModule:UnityEditor.Search:ASIAI0B)
Imported 'GUID: 40bf3cec17fa0b49fe04443c8332d638' -> (Import Result ID: 'f5b853a62741578f109a7bdb2758f4d7') in 0.005 seconds [static and dynamic dependencies]. Details - ImportResultOutputID=e4a72641fc38c648e15d08458a4b92b4 DependenciesID=d0daf1d207826f5b20178178a99c798e StaticDependenciesID=ceabe9db4a4183545e2bf3ec38ae2d39 
Number of updated asset objects reloaded before import = 0
Number of asset objects unloaded after import = 1
========================================================================
Received Import Request.
  Time of request: 2026-09-29T13:57:01.5097503Z
  Time since last request: 0.0003559 seconds.
  importAddress: GUID: 042dc296246916648e55a43d0eeb2036 - Path: Packages/com.unity.modules.audio/package.ModuleCompilationTrigger - Importer: ScriptedImporter/UnityEditor.QuickSearchModule:UnityEditor.Search:ASIAI0B
Importing 'GUID: 042dc296246916648e55a43d0eeb2036 - Path: Packages/com.unity.modules.audio/package.ModuleCompilationTrigger - Importer: ScriptedImporter/UnityEditor.QuickSearchModule:UnityEditor.Search:ASIAI0B' with importer (ScriptedImporter : UnityEditor.QuickSearchModule:UnityEditor.Search:ASIAI0B)
Imported 'GUID: 042dc296246916648e55a43d0eeb2036' -> (Import Result ID: '8ca3a025b995139e0eef86a6ea7f63e5') in 0.022 seconds [static and dynamic dependencies]. Details - ImportResultOutputID=6aab8d3a1feb1d982a697e2adfde6eee DependenciesID=faf51ddfc74b8af0d8edc575e50a0ab7 StaticDependenciesID=ecad093def8bb1ef3867aead18dda637 
Number of updated asset objects reloaded before import = 0
Number of asset objects unloaded after import = 1
========================================================================
Received Import Request.
  Time of request: 2026-09-29T13:57:01.5322038Z
  Time since last request: 0.0003341 seconds.
  importAddress: GUID: d3cbe921f7b3d9a3257e7c61a5761796 - Path: Packages/com.unity.modules.terrainphysics/package.json - Importer: ScriptedImporter/UnityEditor.QuickSearchModule:UnityEditor.Search:ASIAI0B
Importing 'GUID: d3cbe921f7b3d9a3257e7c61a5761796 - Path: Packages/com.unity.modules.terrainphysics/package.json - Importer: ScriptedImporter/UnityEditor.QuickSearchModule:UnityEditor.Search:ASIAI0B' with importer (ScriptedImporter : UnityEditor.QuickSearchModule:UnityEditor.Search:ASIAI0B)
Imported 'GUID: d3cbe921f7b3d9a3257e7c61a5761796' -> (Import Result ID: '27e6431d2265ef483fad13b2c5f38ddc') in 0.006 seconds [static and dynamic dependencies]. Details - ImportResultOutputID=661c38a01db4247892fceedb4ff0c6e2 DependenciesID=d54718b71890fe20d03df3a863a49bcd StaticDependenciesID=be7ba782dbde81d6dd767a6d429c6c37 
Number of updated asset objects reloaded before import = 0
Number of asset objects unloaded after import = 1
========================================================================
Received Import Request.
  Time of request: 2026-09-29T13:57:01.5385902Z
  Time since last request: 0.0003641 seconds.
  importAddress: GUID: 14e86f88e9a8c9c448d7e7df92f2aeec - Path: Packages/com.unity.modules.physicscore2d/package.ModuleCompilationTrigger - Importer: ScriptedImporter/UnityEditor.QuickSearchModule:UnityEditor.Search:ASIAI0B
Importing 'GUID: 14e86f88e9a8c9c448d7e7df92f2aeec - Path: Packages/com.unity.modules.physicscore2d/package.ModuleCompilationTrigger - Importer: ScriptedImporter/UnityEditor.QuickSearchModule:UnityEditor.Search:ASIAI0B' with importer (ScriptedImporter : UnityEditor.QuickSearchModule:UnityEditor.Search:ASIAI0B)
Imported 'GUID: 14e86f88e9a8c9c448d7e7df92f2aeec' -> (Import Result ID: '79e83dd53057468e0439ef725bb48d90') in 0.004 seconds [static and dynamic dependencies]. Details - ImportResultOutputID=8c01c6c332eb74490062030b8710b5dc DependenciesID=d78a0c237cf18c554b598fc2a4dd8d52 StaticDependenciesID=e2874be0511683b2e3c8487c49d4b47e 
Number of updated asset objects reloaded before import = 0
Number of asset objects unloaded after import = 1
========================================================================
Received Import Request.
  Time of request: 2026-09-29T13:57:01.543324Z
  Time since last request: 0.000339 seconds.
  importAddress: GUID: 51566b3736df4282bbe76645014b0cc5 - Path: Packages/com.unity.multiplayer.center/Editor/AssemblyInfo.cs - Importer: ScriptedImporter/UnityEditor.QuickSearchModule:UnityEditor.Search:ASIAI0B
Importing 'GUID: 51566b3736df4282bbe76645014b0cc5 - Path: Packages/com.unity.multiplayer.center/Editor/AssemblyInfo.cs - Importer: ScriptedImporter/UnityEditor.QuickSearchModule:UnityEditor.Search:ASIAI0B' with importer (ScriptedImporter : UnityEditor.QuickSearchModule:UnityEditor.Search:ASIAI0B)
Imported 'GUID: 51566b3736df4282bbe76645014b0cc5' -> (Import Result ID: '863fa32e82c17753619bf195e407dcfd') in 0.007 seconds [static and dynamic dependencies]. Details - ImportResultOutputID=51acdaeea33cad8cd52436b9cf1aef1a DependenciesID=3ee774c3f2caa827f0bc10e9dbbceceb StaticDependenciesID=991c344acc7b04b98731622b67447235 
Number of updated asset objects reloaded before import = 0
Number of asset objects unloaded after import = 0
========================================================================
Received Import Request.
  Time of request: 2026-09-29T13:57:01.5511111Z
  Time since last request: 0.0003724 seconds.
  importAddress: GUID: 4cee1dc929764056ac40ece91efef712 - Path: Packages/com.unity.multiplayer.center/Editor/Analytics/AnalyticsData.cs - Importer: ScriptedImporter/UnityEditor.QuickSearchModule:UnityEditor.Search:ASIAI0B
Importing 'GUID: 4cee1dc929764056ac40ece91efef712 - Path: Packages/com.unity.multiplayer.center/Editor/Analytics/AnalyticsData.cs - Importer: ScriptedImporter/UnityEditor.QuickSearchModule:UnityEditor.Search:ASIAI0B' with importer (ScriptedImporter : UnityEditor.QuickSearchModule:UnityEditor.Search:ASIAI0B)
Imported 'GUID: 4cee1dc929764056ac40ece91efef712' -> (Import Result ID: '2efefe078d8d42f83396207cdca1fc40') in 0.004 seconds [static and dynamic dependencies]. Details - ImportResultOutputID=f07dfdb839cf8d320f4fd0aaf443087e DependenciesID=7dce6b357387138a58f48c0050e8883d StaticDependenciesID=ccad821edb658c0038d705db00172a77 
Number of updated asset objects reloaded before import = 0
Number of asset objects unloaded after import = 0
========================================================================
Received Import Request.
  Time of request: 2026-09-29T13:57:01.5559567Z
  Time since last request: 0.0003311 seconds.
  importAddress: GUID: d0e3ad91972c66f5238f5b9b7d5ae58a - Path: Packages/com.unity.modules.unitywebrequesttexture/package.json - Importer: ScriptedImporter/UnityEditor.QuickSearchModule:UnityEditor.Search:ASIAI0B
Importing 'GUID: d0e3ad91972c66f5238f5b9b7d5ae58a - Path: Packages/com.unity.modules.unitywebrequesttexture/package.json - Importer: ScriptedImporter/UnityEditor.QuickSearchModule:UnityEditor.Search:ASIAI0B' with importer (ScriptedImporter : UnityEditor.QuickSearchModule:UnityEditor.Search:ASIAI0B)
Imported 'GUID: d0e3ad91972c66f5238f5b9b7d5ae58a' -> (Import Result ID: '570eab62e00c3fce9b426054b99894cf') in 0.005 seconds [static and dynamic dependencies]. Details - ImportResultOutputID=d2b32c1bd58f29b635d26721cada3432 DependenciesID=eec9777d1ed01f6a56731e28b475bc2b StaticDependenciesID=b69713d9e888d5e3c19063ff1908b9e0 
Number of updated asset objects reloaded before import = 0
Number of asset objects unloaded after import = 1
========================================================================
Received Import Request.
  Time of request: 2026-09-29T13:57:01.561714Z
  Time since last request: 0.0002519 seconds.
  importAddress: GUID: 3bbd27b3dd7be4a74aeab8da6b0af5cc - Path: Packages/com.unity.multiplayer.center/CHANGELOG.md - Importer: ScriptedImporter/UnityEditor.QuickSearchModule:UnityEditor.Search:ASIAI0B
Importing 'GUID: 3bbd27b3dd7be4a74aeab8da6b0af5cc - Path: Packages/com.unity.multiplayer.center/CHANGELOG.md - Importer: ScriptedImporter/UnityEditor.QuickSearchModule:UnityEditor.Search:ASIAI0B' with importer (ScriptedImporter : UnityEditor.QuickSearchModule:UnityEditor.Search:ASIAI0B)
Imported 'GUID: 3bbd27b3dd7be4a74aeab8da6b0af5cc' -> (Import Result ID: '159abd86b5cb92860c0de01e36c52eca') in 0.007 seconds [static and dynamic dependencies]. Details - ImportResultOutputID=93a907cf9919b7da98e21ebb8139c9b7 DependenciesID=857fb73b9271d3419556cb433f612284 StaticDependenciesID=83a06dd8920033ed46ac346590fd3dff 
Number of updated asset objects reloaded before import = 0
Number of asset objects unloaded after import = 1
========================================================================
Received Import Request.
  Time of request: 2026-09-29T13:57:01.5690528Z
  Time since last request: 0.0003722 seconds.
  importAddress: GUID: 42fe78c8fe682715a2cb531422e6ccb3 - Path: Packages/com.unity.modules.imgui/package.json - Importer: ScriptedImporter/UnityEditor.QuickSearchModule:UnityEditor.Search:ASIAI0B
Importing 'GUID: 42fe78c8fe682715a2cb531422e6ccb3 - Path: Packages/com.unity.modules.imgui/package.json - Importer: ScriptedImporter/UnityEditor.QuickSearchModule:UnityEditor.Search:ASIAI0B' with importer (ScriptedImporter : UnityEditor.QuickSearchModule:UnityEditor.Search:ASIAI0B)
Imported 'GUID: 42fe78c8fe682715a2cb531422e6ccb3' -> (Import Result ID: '19c9d5fec434f4ec947535abe800c76c') in 0.005 seconds [static and dynamic dependencies]. Details - ImportResultOutputID=0141980e703833e9b3882c70f7114ed3 DependenciesID=e18d6a231667cfc3de68a34912b270d9 StaticDependenciesID=04f3d155746ab74f90d33f1309b9cd3b 
Number of updated asset objects reloaded before import = 0
Number of asset objects unloaded after import = 1
========================================================================
Received Import Request.
  Time of request: 2026-09-29T13:57:01.5748593Z
  Time since last request: 0.0003307 seconds.
  importAddress: GUID: dd20f32039084a12a8e48dffd4d58f48 - Path: Packages/com.unity.multiplayer.center/Editor/Analytics/DebugAnalytics.cs - Importer: ScriptedImporter/UnityEditor.QuickSearchModule:UnityEditor.Search:ASIAI0B
Importing 'GUID: dd20f32039084a12a8e48dffd4d58f48 - Path: Packages/com.unity.multiplayer.center/Editor/Analytics/DebugAnalytics.cs - Importer: ScriptedImporter/UnityEditor.QuickSearchModule:UnityEditor.Search:ASIAI0B' with importer (ScriptedImporter : UnityEditor.QuickSearchModule:UnityEditor.Search:ASIAI0B)
Imported 'GUID: dd20f32039084a12a8e48dffd4d58f48' -> (Import Result ID: '41a06abc64a2a4407afaa4df7c12ce10') in 0.007 seconds [static and dynamic dependencies]. Details - ImportResultOutputID=f2d8dc6cd7314e0da111424ab9fbc2c5 DependenciesID=315f8114095714e9fe2ee18520362805 StaticDependenciesID=8bac49e52ff77d061ffa2e91342259dc 
Number of updated asset objects reloaded before import = 0
Number of asset objects unloaded after import = 0
========================================================================
Received Import Request.
  Time of request: 2026-09-29T13:57:01.5822071Z
  Time since last request: 0.0003961 seconds.
  importAddress: GUID: e6a135e3ea9cb46795d1b0e05ac3e1e5 - Path: Packages/com.unity.modules.jsonserialize/package.ModuleCompilationTrigger - Importer: ScriptedImporter/UnityEditor.QuickSearchModule:UnityEditor.Search:ASIAI0B
Importing 'GUID: e6a135e3ea9cb46795d1b0e05ac3e1e5 - Path: Packages/com.unity.modules.jsonserialize/package.ModuleCompilationTrigger - Importer: ScriptedImporter/UnityEditor.QuickSearchModule:UnityEditor.Search:ASIAI0B' with importer (ScriptedImporter : UnityEditor.QuickSearchModule:UnityEditor.Search:ASIAI0B)
Imported 'GUID: e6a135e3ea9cb46795d1b0e05ac3e1e5' -> (Import Result ID: 'd57abb09e1be91f096588f25be863acb') in 0.007 seconds [static and dynamic dependencies]. Details - ImportResultOutputID=a0dc7e0c7370874dca301d1cbd77e57d DependenciesID=5ac7c139e0e90c65cee44a26f61a89f5 StaticDependenciesID=87cbc9f3f6f3ce3710a91df6a8119747 
Number of updated asset objects reloaded before import = 0
Number of asset objects unloaded after import = 1
========================================================================
Received Import Request.
  Time of request: 2026-09-29T13:57:01.5899241Z
  Time since last request: 0.0002799 seconds.
  importAddress: GUID: 71136fc5cf34f2cc10be0e33c0b08019 - Path: Packages/com.unity.modules.unityanalytics/package.ModuleCompilationTrigger - Importer: ScriptedImporter/UnityEditor.QuickSearchModule:UnityEditor.Search:ASIAI0B
Importing 'GUID: 71136fc5cf34f2cc10be0e33c0b08019 - Path: Packages/com.unity.modules.unityanalytics/package.ModuleCompilationTrigger - Importer: ScriptedImporter/UnityEditor.QuickSearchModule:UnityEditor.Search:ASIAI0B' with importer (ScriptedImporter : UnityEditor.QuickSearchModule:UnityEditor.Search:ASIAI0B)
Imported 'GUID: 71136fc5cf34f2cc10be0e33c0b08019' -> (Import Result ID: '2654703910bd61433299f9b97c6d7c49') in 0.005 seconds [static and dynamic dependencies]. Details - ImportResultOutputID=60e79ed93148492cc6ccb3f1843baf90 DependenciesID=662bf0c514610421b38ae4fa030dd05e StaticDependenciesID=0271529bae90857a75e811db014e4bb8 
Number of updated asset objects reloaded before import = 0
Number of asset objects unloaded after import = 1
========================================================================
Received Import Request.
  Time of request: 2026-09-29T13:57:01.5951471Z
  Time since last request: 0.0003495 seconds.
  importAddress: GUID: 8bce0b24c28e45d884acfcf49a3b8945 - Path: Packages/com.unity.multiplayer.center/Editor/Analytics/MultiplayerCenterAnalyticsFactory.cs - Importer: ScriptedImporter/UnityEditor.QuickSearchModule:UnityEditor.Search:ASIAI0B
Importing 'GUID: 8bce0b24c28e45d884acfcf49a3b8945 - Path: Packages/com.unity.multiplayer.center/Editor/Analytics/MultiplayerCenterAnalyticsFactory.cs - Importer: ScriptedImporter/UnityEditor.QuickSearchModule:UnityEditor.Search:ASIAI0B' with importer (ScriptedImporter : UnityEditor.QuickSearchModule:UnityEditor.Search:ASIAI0B)
Imported 'GUID: 8bce0b24c28e45d884acfcf49a3b8945' -> (Import Result ID: '9025963e1b8e455b1232cbe4730d2d2f') in 0.006 seconds [static and dynamic dependencies]. Details - ImportResultOutputID=be81a4b44153ae6552c88ae9c068279b DependenciesID=2b6b1318736b4e6b616620821fffc30e StaticDependenciesID=104d2717fe28c015b04cac33aaf49a7c 
Number of updated asset objects reloaded before import = 0
Number of asset objects unloaded after import = 0
========================================================================
Received Import Request.
  Time of request: 2026-09-29T13:57:01.6015844Z
  Time since last request: 0.0005647 seconds.
  importAddress: GUID: fa27413e9edb06a6058d6c894eca0338 - Path: Packages/com.unity.modules.unitywebrequestwww/package.json - Importer: ScriptedImporter/UnityEditor.QuickSearchModule:UnityEditor.Search:ASIAI0B
Importing 'GUID: fa27413e9edb06a6058d6c894eca0338 - Path: Packages/com.unity.modules.unitywebrequestwww/package.json - Importer: ScriptedImporter/UnityEditor.QuickSearchModule:UnityEditor.Search:ASIAI0B' with importer (ScriptedImporter : UnityEditor.QuickSearchModule:UnityEditor.Search:ASIAI0B)
Imported 'GUID: fa27413e9edb06a6058d6c894eca0338' -> (Import Result ID: '499ca9b32598bee6f3976a9fb126d746') in 0.005 seconds [static and dynamic dependencies]. Details - ImportResultOutputID=7f3d9e4e0d6a80377ca4f6374dec298b DependenciesID=b75adfcc1ad0489cd2e36d2d23ce5cc2 StaticDependenciesID=689a006160365d60b7d0386c8c5eea52 
Number of updated asset objects reloaded before import = 0
Number of asset objects unloaded after import = 1
========================================================================
Received Import Request.
  Time of request: 2026-09-29T13:57:01.6070904Z
  Time since last request: 0.0002529 seconds.
  importAddress: GUID: d2c2caab1f2642afa6c07dec054fd34f - Path: Packages/com.unity.multiplayer.center/Editor/OnBoarding/GettingStartedTabView.cs - Importer: ScriptedImporter/UnityEditor.QuickSearchModule:UnityEditor.Search:ASIAI0B
Importing 'GUID: d2c2caab1f2642afa6c07dec054fd34f - Path: Packages/com.unity.multiplayer.center/Editor/OnBoarding/GettingStartedTabView.cs - Importer: ScriptedImporter/UnityEditor.QuickSearchModule:UnityEditor.Search:ASIAI0B' with importer (ScriptedImporter : UnityEditor.QuickSearchModule:UnityEditor.Search:ASIAI0B)
Imported 'GUID: d2c2caab1f2642afa6c07dec054fd34f' -> (Import Result ID: '6f5debc6919f0af71481b2fa2e57c263') in 0.006 seconds [static and dynamic dependencies]. Details - ImportResultOutputID=c7116e0d66b86c3c994a4c848faafb5b DependenciesID=1d0ea30d11e20e02de904cfae0ca20b2 StaticDependenciesID=fe4654cadc712ccf90d896f5f0e5fb64 
Number of updated asset objects reloaded before import = 0
Number of asset objects unloaded after import = 0
========================================================================
Received Import Request.
  Time of request: 2026-09-29T13:57:01.6132598Z
  Time since last request: 0.0003906 seconds.
  importAddress: GUID: 322b0121d39f45208a3d933e6926a9d8 - Path: Packages/com.unity.multiplayer.center/Editor/OnBoarding/QuickstartPackageHandling.cs - Importer: ScriptedImporter/UnityEditor.QuickSearchModule:UnityEditor.Search:ASIAI0B
Importing 'GUID: 322b0121d39f45208a3d933e6926a9d8 - Path: Packages/com.unity.multiplayer.center/Editor/OnBoarding/QuickstartPackageHandling.cs - Importer: ScriptedImporter/UnityEditor.QuickSearchModule:UnityEditor.Search:ASIAI0B' with importer (ScriptedImporter : UnityEditor.QuickSearchModule:UnityEditor.Search:ASIAI0B)
Imported 'GUID: 322b0121d39f45208a3d933e6926a9d8' -> (Import Result ID: 'f5f6fc8be5ee1d0e29cfb68245fe2f57') in 0.009 seconds [static and dynamic dependencies]. Details - ImportResultOutputID=4df0948e197b189ad45445a5f730b175 DependenciesID=07fb9ab1c926ad1853f3d40c6a09328e StaticDependenciesID=ea30257ff9dc3b07aa9383d9cffff8a1 
Number of updated asset objects reloaded before import = 0
Number of asset objects unloaded after import = 0
========================================================================
Received Import Request.
  Time of request: 2026-09-29T13:57:01.6224048Z
  Time since last request: 0.0002849 seconds.
  importAddress: GUID: 26a4f29db434fd79025c91f6126382cc - Path: Packages/com.unity.modules.unityanalytics/package.json - Importer: ScriptedImporter/UnityEditor.QuickSearchModule:UnityEditor.Search:ASIAI0B
Importing 'GUID: 26a4f29db434fd79025c91f6126382cc - Path: Packages/com.unity.modules.unityanalytics/package.json - Importer: ScriptedImporter/UnityEditor.QuickSearchModule:UnityEditor.Search:ASIAI0B' with importer (ScriptedImporter : UnityEditor.QuickSearchModule:UnityEditor.Search:ASIAI0B)
Imported 'GUID: 26a4f29db434fd79025c91f6126382cc' -> (Import Result ID: '483164a2ae0759cbadfb74c7a3185c54') in 0.055 seconds [static and dynamic dependencies]. Details - ImportResultOutputID=7a7b4fb0f99409db852a92765113c463 DependenciesID=c61f670adc8b8b1ecfbd931dd93d2d1e StaticDependenciesID=0ee351d5a59e840f14d6becfb44f445b 
Number of updated asset objects reloaded before import = 0
Number of asset objects unloaded after import = 1
========================================================================
Received Import Request.
  Time of request: 2026-09-29T13:57:01.6776185Z
  Time since last request: 0.00033 seconds.
  importAddress: GUID: 7e006510f5f4425ca971c7de0bfbb77a - Path: Packages/com.unity.multiplayer.center/Editor/MultiplayerCenterWindow/MultiplayerCenterWindow.cs - Importer: ScriptedImporter/UnityEditor.QuickSearchModule:UnityEditor.Search:ASIAI0B
Importing 'GUID: 7e006510f5f4425ca971c7de0bfbb77a - Path: Packages/com.unity.multiplayer.center/Editor/MultiplayerCenterWindow/MultiplayerCenterWindow.cs - Importer: ScriptedImporter/UnityEditor.QuickSearchModule:UnityEditor.Search:ASIAI0B' with importer (ScriptedImporter : UnityEditor.QuickSearchModule:UnityEditor.Search:ASIAI0B)
Imported 'GUID: 7e006510f5f4425ca971c7de0bfbb77a' -> (Import Result ID: '4a16595546fe44ef063f5881809cf406') in 0.004 seconds [static and dynamic dependencies]. Details - ImportResultOutputID=92690f5c068b3553d2a279caf246b00a DependenciesID=bc13ea5c9e7dcb473ebcc65be43de8de StaticDependenciesID=3d9824687e6b8fb4c476245560678a0b 
Number of updated asset objects reloaded before import = 0
Number of asset objects unloaded after import = 0
========================================================================
Received Import Request.
  Time of request: 2026-09-29T13:57:01.6824546Z
  Time since last request: 0.0003567 seconds.
  importAddress: GUID: fdefed6b790f4373b0feb7d25854d8ac - Path: Packages/com.unity.multiplayer.center/Editor/MultiplayerCenterWindow/TabGroup.cs - Importer: ScriptedImporter/UnityEditor.QuickSearchModule:UnityEditor.Search:ASIAI0B
Importing 'GUID: fdefed6b790f4373b0feb7d25854d8ac - Path: Packages/com.unity.multiplayer.center/Editor/MultiplayerCenterWindow/TabGroup.cs - Importer: ScriptedImporter/UnityEditor.QuickSearchModule:UnityEditor.Search:ASIAI0B' with importer (ScriptedImporter : UnityEditor.QuickSearchModule:UnityEditor.Search:ASIAI0B)
Imported 'GUID: fdefed6b790f4373b0feb7d25854d8ac' -> (Import Result ID: '4aad4e388ee11cba6cc1621ae6abead1') in 0.007 seconds [static and dynamic dependencies]. Details - ImportResultOutputID=d3c70befbbd35ba4e4305cc0786f8007 DependenciesID=8ec8ad1a2235ac93153e4ccda2c33790 StaticDependenciesID=06c14151fc85da36fc200e81b484518a 
Number of updated asset objects reloaded before import = 0
Number of asset objects unloaded after import = 0
========================================================================
Received Import Request.
  Time of request: 2026-09-29T13:57:01.6897079Z
  Time since last request: 0.0003197 seconds.
  importAddress: GUID: 92a378669877c05c6071d0fed687bb95 - Path: Packages/com.unity.modules.tilemap/package.json - Importer: ScriptedImporter/UnityEditor.QuickSearchModule:UnityEditor.Search:ASIAI0B
Importing 'GUID: 92a378669877c05c6071d0fed687bb95 - Path: Packages/com.unity.modules.tilemap/package.json - Importer: ScriptedImporter/UnityEditor.QuickSearchModule:UnityEditor.Search:ASIAI0B' with importer (ScriptedImporter : UnityEditor.QuickSearchModule:UnityEditor.Search:ASIAI0B)
Imported 'GUID: 92a378669877c05c6071d0fed687bb95' -> (Import Result ID: 'f1ee71efc20bf45a9e5c0b2e00f00825') in 0.006 seconds [static and dynamic dependencies]. Details - ImportResultOutputID=9901c6a0ae5ca64dc75e450376445793 DependenciesID=d143917abfed2b763dcea01b195ccf9c StaticDependenciesID=acc6563d362951178245b08d3f9d82ae 
Number of updated asset objects reloaded before import = 0
Number of asset objects unloaded after import = 1
========================================================================
Received Import Request.
  Time of request: 2026-09-29T13:57:01.7058001Z
  Time since last request: 0.009754 seconds.
  importAddress: GUID: 157e1606dfbd48dda6f01acbf49435b0 - Path: Packages/com.unity.multiplayer.center/Editor/MultiplayerCenterWindow/UI/QuestionSection.cs - Importer: ScriptedImporter/UnityEditor.QuickSearchModule:UnityEditor.Search:ASIAI0B
Importing 'GUID: 157e1606dfbd48dda6f01acbf49435b0 - Path: Packages/com.unity.multiplayer.center/Editor/MultiplayerCenterWindow/UI/QuestionSection.cs - Importer: ScriptedImporter/UnityEditor.QuickSearchModule:UnityEditor.Search:ASIAI0B' with importer (ScriptedImporter : UnityEditor.QuickSearchModule:UnityEditor.Search:ASIAI0B)
Imported 'GUID: 157e1606dfbd48dda6f01acbf49435b0' -> (Import Result ID: '4a9b43fe8dc68911c244dafd786210a5') in 0.005 seconds [static and dynamic dependencies]. Details - ImportResultOutputID=95db46101cfc5da1da2d1820845e433e DependenciesID=056628ff52856f35885e9d72eaad8d40 StaticDependenciesID=af4b3f2c0b3a3fb8512fe985b05e4e6e 
Number of updated asset objects reloaded before import = 0
Number of asset objects unloaded after import = 0
========================================================================
Received Import Request.
  Time of request: 2026-09-29T13:57:01.7114596Z
  Time since last request: 0.0005816 seconds.
  importAddress: GUID: 525a6cca8dd9a4d28875a8fe824710d9 - Path: Packages/com.unity.multiplayer.center/Editor/MultiplayerCenterWindow/UI/Icons/d_Package.png - Importer: ScriptedImporter/UnityEditor.QuickSearchModule:UnityEditor.Search:ASIAI0B
Importing 'GUID: 525a6cca8dd9a4d28875a8fe824710d9 - Path: Packages/com.unity.multiplayer.center/Editor/MultiplayerCenterWindow/UI/Icons/d_Package.png - Importer: ScriptedImporter/UnityEditor.QuickSearchModule:UnityEditor.Search:ASIAI0B' with importer (ScriptedImporter : UnityEditor.QuickSearchModule:UnityEditor.Search:ASIAI0B)
Imported 'GUID: 525a6cca8dd9a4d28875a8fe824710d9' -> (Import Result ID: '77600613665e831d3ab5bbe24bb0a9f2') in 0.080 seconds [static and dynamic dependencies]. Details - ImportResultOutputID=d98f2bdb78e6fcca150e7e882c07a8c6 DependenciesID=897d635fd5054625c92b2367ae2be3f3 StaticDependenciesID=5416d9e8c5a79c4b56b91b3e674d8e70 
Number of updated asset objects reloaded before import = 0
Number of asset objects unloaded after import = 1
========================================================================
Received Import Request.
  Time of request: 2026-09-29T13:57:01.792448Z
  Time since last request: 0.0003274 seconds.
  importAddress: GUID: ca560c7d2a0d4453a50ec4f704ce9ce1 - Path: Packages/com.unity.multiplayer.center/Tests/Editor/UtilsForRecommendationTests.cs - Importer: ScriptedImporter/UnityEditor.QuickSearchModule:UnityEditor.Search:ASIAI0B
Importing 'GUID: ca560c7d2a0d4453a50ec4f704ce9ce1 - Path: Packages/com.unity.multiplayer.center/Tests/Editor/UtilsForRecommendationTests.cs - Importer: ScriptedImporter/UnityEditor.QuickSearchModule:UnityEditor.Search:ASIAI0B' with importer (ScriptedImporter : UnityEditor.QuickSearchModule:UnityEditor.Search:ASIAI0B)
Imported 'GUID: ca560c7d2a0d4453a50ec4f704ce9ce1' -> (Import Result ID: '266a27e7ee906e2e0bf9702f73632674') in 0.005 seconds [static and dynamic dependencies]. Details - ImportResultOutputID=3e21ef1e2b3a064beac8815afd302ac3 DependenciesID=6acabeacb907df50eb9a060c587465f4 StaticDependenciesID=e4f2ccba2207b69255a053f0202c5752 
Number of updated asset objects reloaded before import = 0
Number of asset objects unloaded after import = 0
========================================================================
Received Import Request.
  Time of request: 2026-09-29T13:57:01.798102Z
  Time since last request: 0.000412 seconds.
  importAddress: GUID: 29cbd1c6a8c9419aac357b8d4edbdc84 - Path: Packages/com.unity.multiplayer.center/Tests/Editor/QuickstartTabTests.cs - Importer: ScriptedImporter/UnityEditor.QuickSearchModule:UnityEditor.Search:ASIAI0B
Importing 'GUID: 29cbd1c6a8c9419aac357b8d4edbdc84 - Path: Packages/com.unity.multiplayer.center/Tests/Editor/QuickstartTabTests.cs - Importer: ScriptedImporter/UnityEditor.QuickSearchModule:UnityEditor.Search:ASIAI0B' with importer (ScriptedImporter : UnityEditor.QuickSearchModule:UnityEditor.Search:ASIAI0B)
Imported 'GUID: 29cbd1c6a8c9419aac357b8d4edbdc84' -> (Import Result ID: '7c400886ba47730b7a8c1db9502f47bf') in 0.005 seconds [static and dynamic dependencies]. Details - ImportResultOutputID=e40c4721638db024b634e66053a759b6 DependenciesID=a2f5404025c493a564b608101b6badf0 StaticDependenciesID=060226aabb1b95db40d469f3b0a455c0 
Number of updated asset objects reloaded before import = 0
Number of asset objects unloaded after import = 0
========================================================================
Received Import Request.
  Time of request: 2026-09-29T13:57:01.8036944Z
  Time since last request: 0.0003571 seconds.
  importAddress: GUID: 3595bcaa1af84e6d92e07f0258a4256c - Path: Packages/com.unity.multiplayer.center/Editor/Questionnaire/PresetData.cs - Importer: ScriptedImporter/UnityEditor.QuickSearchModule:UnityEditor.Search:ASIAI0B
Importing 'GUID: 3595bcaa1af84e6d92e07f0258a4256c - Path: Packages/com.unity.multiplayer.center/Editor/Questionnaire/PresetData.cs - Importer: ScriptedImporter/UnityEditor.QuickSearchModule:UnityEditor.Search:ASIAI0B' with importer (ScriptedImporter : UnityEditor.QuickSearchModule:UnityEditor.Search:ASIAI0B)
Imported 'GUID: 3595bcaa1af84e6d92e07f0258a4256c' -> (Import Result ID: 'b318bf6c86a55157a4798268f5ff8a20') in 0.006 seconds [static and dynamic dependencies]. Details - ImportResultOutputID=a5be5ceef53442f122ee33671bbd85c9 DependenciesID=75cfad5770a41261c98b8ec0b5be0393 StaticDependenciesID=e71e4c4cf145ef263e2c8be2f187723e 
Number of updated asset objects reloaded before import = 0
Number of asset objects unloaded after import = 0
========================================================================
Received Import Request.
  Time of request: 2026-09-29T13:57:01.8103098Z
  Time since last request: 0.0003875 seconds.
  importAddress: GUID: dab91f148d99946e7b3c3a87ecf4b973 - Path: Packages/com.unity.multiplayer.center/Editor/MultiplayerCenterWindow/UI/Icons/d_Loading.png - Importer: ScriptedImporter/UnityEditor.QuickSearchModule:UnityEditor.Search:ASIAI0B
Importing 'GUID: dab91f148d99946e7b3c3a87ecf4b973 - Path: Packages/com.unity.multiplayer.center/Editor/MultiplayerCenterWindow/UI/Icons/d_Loading.png - Importer: ScriptedImporter/UnityEditor.QuickSearchModule:UnityEditor.Search:ASIAI0B' with importer (ScriptedImporter : UnityEditor.QuickSearchModule:UnityEditor.Search:ASIAI0B)
Imported 'GUID: dab91f148d99946e7b3c3a87ecf4b973' -> (Import Result ID: '811b41153b643c12542a82195881f7e3') in 0.013 seconds [static and dynamic dependencies]. Details - ImportResultOutputID=e5ed818e07d73d022cf1558e42d6d505 DependenciesID=2d0040cd99bbc0ff7936ca08969125fd StaticDependenciesID=b84a22c4832dacdd71eed3dfb7c871ec 
Number of updated asset objects reloaded before import = 0
Number of asset objects unloaded after import = 1
========================================================================
Received Import Request.
  Time of request: 2026-09-29T13:57:01.8240127Z
  Time since last request: 0.0004008 seconds.
  importAddress: GUID: cfc5ccd4416341629caf73dd3e318aac - Path: Packages/com.unity.multiplayer.center/Tests/Editor/UtilsForMultiplayerCenterTests.cs - Importer: ScriptedImporter/UnityEditor.QuickSearchModule:UnityEditor.Search:ASIAI0B
Importing 'GUID: cfc5ccd4416341629caf73dd3e318aac - Path: Packages/com.unity.multiplayer.center/Tests/Editor/UtilsForMultiplayerCenterTests.cs - Importer: ScriptedImporter/UnityEditor.QuickSearchModule:UnityEditor.Search:ASIAI0B' with importer (ScriptedImporter : UnityEditor.QuickSearchModule:UnityEditor.Search:ASIAI0B)
Imported 'GUID: cfc5ccd4416341629caf73dd3e318aac' -> (Import Result ID: '05b4ca7826644a36b708b1225a0d55ec') in 0.006 seconds [static and dynamic dependencies]. Details - ImportResultOutputID=62f7d98ca840a44ec21a2b6fd5c8bda7 DependenciesID=3f7605b6412b86d01d59735ba6505d03 StaticDependenciesID=dac61df37a439b648e59adc00f7cdbb5 
Number of updated asset objects reloaded before import = 0
Number of asset objects unloaded after import = 0
========================================================================
Received Import Request.
  Time of request: 2026-09-29T13:57:01.8309017Z
  Time since last request: 0.0002943 seconds.
  importAddress: GUID: 1c3db2c484234a94a19c3acdc2539575 - Path: Packages/com.unity.multiplayer.center/Editor/MultiplayerCenterWindow/UI/StyleClasses.cs - Importer: ScriptedImporter/UnityEditor.QuickSearchModule:UnityEditor.Search:ASIAI0B
Importing 'GUID: 1c3db2c484234a94a19c3acdc2539575 - Path: Packages/com.unity.multiplayer.center/Editor/MultiplayerCenterWindow/UI/StyleClasses.cs - Importer: ScriptedImporter/UnityEditor.QuickSearchModule:UnityEditor.Search:ASIAI0B' with importer (ScriptedImporter : UnityEditor.QuickSearchModule:UnityEditor.Search:ASIAI0B)
Imported 'GUID: 1c3db2c484234a94a19c3acdc2539575' -> (Import Result ID: '37a3824a05aebeced2fb66bc413b0475') in 0.005 seconds [static and dynamic dependencies]. Details - ImportResultOutputID=7478b42b91420bac8b4d7521be381b3f DependenciesID=1e66f830b0c6a95c256469ca2a58de05 StaticDependenciesID=d49dca268ef0570a53ce51e89d356846 
Number of updated asset objects reloaded before import = 0
Number of asset objects unloaded after import = 0
========================================================================
Received Import Request.
  Time of request: 2026-09-29T13:57:01.8364145Z
  Time since last request: 0.00044 seconds.
  importAddress: GUID: ad1d29f4654194951a3c8bf507914d05 - Path: Packages/com.unity.multiplayer.center/Editor/MultiplayerCenterWindow/UI/Icons/CloudCode.png - Importer: ScriptedImporter/UnityEditor.QuickSearchModule:UnityEditor.Search:ASIAI0B
Importing 'GUID: ad1d29f4654194951a3c8bf507914d05 - Path: Packages/com.unity.multiplayer.center/Editor/MultiplayerCenterWindow/UI/Icons/CloudCode.png - Importer: ScriptedImporter/UnityEditor.QuickSearchModule:UnityEditor.Search:ASIAI0B' with importer (ScriptedImporter : UnityEditor.QuickSearchModule:UnityEditor.Search:ASIAI0B)
Imported 'GUID: ad1d29f4654194951a3c8bf507914d05' -> (Import Result ID: 'a7ba305f9192e7f279bf88480b5a5a04') in 0.012 seconds [static and dynamic dependencies]. Details - ImportResultOutputID=d7907d8faf39737a9c100b27608a992c DependenciesID=62c451b92f1f10ea0bd9be2261a33cb7 StaticDependenciesID=ae7c9fcbc9de3a7d130f2b0db04bab73 
Number of updated asset objects reloaded before import = 0
Number of asset objects unloaded after import = 1
========================================================================
Received Import Request.
  Time of request: 2026-09-29T13:57:01.8495377Z
  Time since last request: 0.00031 seconds.
  importAddress: GUID: f1ac2efb1bcd4dfd95dc196ed3c11367 - Path: Packages/com.unity.multiplayer.center/Editor/MultiplayerCenterWindow/UI/light.uss - Importer: ScriptedImporter/UnityEditor.QuickSearchModule:UnityEditor.Search:ASIAI0B
Importing 'GUID: f1ac2efb1bcd4dfd95dc196ed3c11367 - Path: Packages/com.unity.multiplayer.center/Editor/MultiplayerCenterWindow/UI/light.uss - Importer: ScriptedImporter/UnityEditor.QuickSearchModule:UnityEditor.Search:ASIAI0B' with importer (ScriptedImporter : UnityEditor.QuickSearchModule:UnityEditor.Search:ASIAI0B)
Imported 'GUID: f1ac2efb1bcd4dfd95dc196ed3c11367' -> (Import Result ID: 'dde157a0ce9a698a80375fc3520aff13') in 0.038 seconds [static and dynamic dependencies]. Details - ImportResultOutputID=83cd5e98cfe44153e537996437ed0633 DependenciesID=32bcff93f60bf8945d313214568afa5a StaticDependenciesID=806bc33f314561b6300cbfa7d015196d 
Number of updated asset objects reloaded before import = 0
Number of asset objects unloaded after import = 9
========================================================================
Received Import Request.
  Time of request: 2026-09-29T13:57:01.8886651Z
  Time since last request: 0.0001722 seconds.
  importAddress: GUID: d7711b0cc806d430b8a95f1e33ec3649 - Path: Packages/com.unity.multiplayer.center/Editor/MultiplayerCenterWindow/UI/Icons/CustomNetcode@2x.png - Importer: ScriptedImporter/UnityEditor.QuickSearchModule:UnityEditor.Search:ASIAI0B
Importing 'GUID: d7711b0cc806d430b8a95f1e33ec3649 - Path: Packages/com.unity.multiplayer.center/Editor/MultiplayerCenterWindow/UI/Icons/CustomNetcode@2x.png - Importer: ScriptedImporter/UnityEditor.QuickSearchModule:UnityEditor.Search:ASIAI0B' with importer (ScriptedImporter : UnityEditor.QuickSearchModule:UnityEditor.Search:ASIAI0B)
Imported 'GUID: d7711b0cc806d430b8a95f1e33ec3649' -> (Import Result ID: 'a873a0aca42df5f18a135b53decfe10c') in 0.014 seconds [static and dynamic dependencies]. Details - ImportResultOutputID=3bef7d1de5817d3ed4a3948b0414214e DependenciesID=b209ec864ebb2467cf38a2220d9b252b StaticDependenciesID=0b8c1015639ea8980a270defd400fd4e 
Number of updated asset objects reloaded before import = 0
Number of asset objects unloaded after import = 1
========================================================================
Received Import Request.
  Time of request: 2026-09-29T13:57:01.9062972Z
  Time since last request: 0.0028828 seconds.
  importAddress: GUID: 7ca5cd79ef39442e599efb761abcbaac - Path: Packages/com.unity.multiplayer.center/Editor/Questionnaire/QuestionnaireData.cs - Importer: ScriptedImporter/UnityEditor.QuickSearchModule:UnityEditor.Search:ASIAI0B
Importing 'GUID: 7ca5cd79ef39442e599efb761abcbaac - Path: Packages/com.unity.multiplayer.center/Editor/Questionnaire/QuestionnaireData.cs - Importer: ScriptedImporter/UnityEditor.QuickSearchModule:UnityEditor.Search:ASIAI0B' with importer (ScriptedImporter : UnityEditor.QuickSearchModule:UnityEditor.Search:ASIAI0B)
Imported 'GUID: 7ca5cd79ef39442e599efb761abcbaac' -> (Import Result ID: '7775567cb07db84944c68eb1436be7c0') in 0.006 seconds [static and dynamic dependencies]. Details - ImportResultOutputID=ec17dc7e73e3331ae9658bb78aee535c DependenciesID=a3c397b4693f1bfe88de437d0f10c0d8 StaticDependenciesID=22fa696a30b9c7a1bd9c0dd16f55e102 
Number of updated asset objects reloaded before import = 0
Number of asset objects unloaded after import = 0
========================================================================
Received Import Request.
  Time of request: 2026-09-29T13:57:01.9132339Z
  Time since last request: 0.0003297 seconds.
  importAddress: GUID: 787ec048daec145b580d1134da5dd278 - Path: Packages/com.unity.multiplayer.center/Tests/Editor/Unity.Multiplayer.Center.Editor.Tests.asmdef - Importer: ScriptedImporter/UnityEditor.QuickSearchModule:UnityEditor.Search:ASIAI0B
Importing 'GUID: 787ec048daec145b580d1134da5dd278 - Path: Packages/com.unity.multiplayer.center/Tests/Editor/Unity.Multiplayer.Center.Editor.Tests.asmdef - Importer: ScriptedImporter/UnityEditor.QuickSearchModule:UnityEditor.Search:ASIAI0B' with importer (ScriptedImporter : UnityEditor.QuickSearchModule:UnityEditor.Search:ASIAI0B)
Imported 'GUID: 787ec048daec145b580d1134da5dd278' -> (Import Result ID: '1d0da5c73ef4c548d8b505c0519c483a') in 0.006 seconds [static and dynamic dependencies]. Details - ImportResultOutputID=736028e434d1afee64856ee5db1653bf DependenciesID=b24c2b5a49b5010ccb7df5f0a499e575 StaticDependenciesID=25314c36d743a9beda94775f785469ad 
Number of updated asset objects reloaded before import = 0
Number of asset objects unloaded after import = 1
========================================================================
Received Import Request.
  Time of request: 2026-09-29T13:57:01.9199155Z
  Time since last request: 0.0002267 seconds.
  importAddress: GUID: c2c1cf24bea5410ea530b2c8a875b293 - Path: Packages/com.unity.multiplayer.center/Tests/Editor/AnalyticsUtilsTests.cs - Importer: ScriptedImporter/UnityEditor.QuickSearchModule:UnityEditor.Search:ASIAI0B
Importing 'GUID: c2c1cf24bea5410ea530b2c8a875b293 - Path: Packages/com.unity.multiplayer.center/Tests/Editor/AnalyticsUtilsTests.cs - Importer: ScriptedImporter/UnityEditor.QuickSearchModule:UnityEditor.Search:ASIAI0B' with importer (ScriptedImporter : UnityEditor.QuickSearchModule:UnityEditor.Search:ASIAI0B)
Imported 'GUID: c2c1cf24bea5410ea530b2c8a875b293' -> (Import Result ID: 'f8d73237bac107fabe6b9e12d8a444d2') in 0.006 seconds [static and dynamic dependencies]. Details - ImportResultOutputID=9f4a080c8c18a14d2eceac3c62b00c39 DependenciesID=caa37d15364da4f5a4051360d99747ee StaticDependenciesID=445335c174321691166478aa12c74272 
Number of updated asset objects reloaded before import = 0
Number of asset objects unloaded after import = 0
========================================================================
Received Import Request.
  Time of request: 2026-09-29T13:57:01.9265466Z
  Time since last request: 0.0003394 seconds.
  importAddress: GUID: 0d9328c739784454ad03d404f395a0ab - Path: Packages/com.unity.multiplayer.center/Editor/MultiplayerCenterWindow/UI/ViewUtils.cs - Importer: ScriptedImporter/UnityEditor.QuickSearchModule:UnityEditor.Search:ASIAI0B
Importing 'GUID: 0d9328c739784454ad03d404f395a0ab - Path: Packages/com.unity.multiplayer.center/Editor/MultiplayerCenterWindow/UI/ViewUtils.cs - Importer: ScriptedImporter/UnityEditor.QuickSearchModule:UnityEditor.Search:ASIAI0B' with importer (ScriptedImporter : UnityEditor.QuickSearchModule:UnityEditor.Search:ASIAI0B)
Imported 'GUID: 0d9328c739784454ad03d404f395a0ab' -> (Import Result ID: 'd4c69c9d107223c5872cd3b338b52290') in 0.005 seconds [static and dynamic dependencies]. Details - ImportResultOutputID=b8629265dc95181e6c45c9c51013ecf3 DependenciesID=8a40d6cb17c552b6e35a6a3afd713781 StaticDependenciesID=5521d5118a6d6a726b18b4ae801a5723 
Number of updated asset objects reloaded before import = 0
Number of asset objects unloaded after import = 0
========================================================================
Received Import Request.
  Time of request: 2026-09-29T13:57:01.932512Z
  Time since last request: 0.0004258 seconds.
  importAddress: GUID: 36b51591e13f48b5bed734724d149fb4 - Path: Packages/com.unity.multiplayer.center/Tests/Editor/RecommendationAnalyticsTests.cs - Importer: ScriptedImporter/UnityEditor.QuickSearchModule:UnityEditor.Search:ASIAI0B
Importing 'GUID: 36b51591e13f48b5bed734724d149fb4 - Path: Packages/com.unity.multiplayer.center/Tests/Editor/RecommendationAnalyticsTests.cs - Importer: ScriptedImporter/UnityEditor.QuickSearchModule:UnityEditor.Search:ASIAI0B' with importer (ScriptedImporter : UnityEditor.QuickSearchModule:UnityEditor.Search:ASIAI0B)
Imported 'GUID: 36b51591e13f48b5bed734724d149fb4' -> (Import Result ID: 'f8ab2c5f78083e5f7fbb0158bd9c3183') in 0.005 seconds [static and dynamic dependencies]. Details - ImportResultOutputID=47a1f0c62067e63c83e3af0b8d988823 DependenciesID=678ed06bcc263199f27283429a9fc6fe StaticDependenciesID=756beac7a427fca221b2666288d6f984 
Number of updated asset objects reloaded before import = 0
Number of asset objects unloaded after import = 0
========================================================================
Received Import Request.
  Time of request: 2026-09-29T13:57:01.9384881Z
  Time since last request: 0.0005485 seconds.
  importAddress: GUID: 8110dd6ddbc04e58b50978562ce0c00a - Path: Packages/com.unity.multiplayer.center/Tests/Editor/ExpectedPresetRecommendations.cs - Importer: ScriptedImporter/UnityEditor.QuickSearchModule:UnityEditor.Search:ASIAI0B
Importing 'GUID: 8110dd6ddbc04e58b50978562ce0c00a - Path: Packages/com.unity.multiplayer.center/Tests/Editor/ExpectedPresetRecommendations.cs - Importer: ScriptedImporter/UnityEditor.QuickSearchModule:UnityEditor.Search:ASIAI0B' with importer (ScriptedImporter : UnityEditor.QuickSearchModule:UnityEditor.Search:ASIAI0B)
Imported 'GUID: 8110dd6ddbc04e58b50978562ce0c00a' -> (Import Result ID: 'a38cad8a6a3ca6fd204f104414794f97') in 0.004 seconds [static and dynamic dependencies]. Details - ImportResultOutputID=fb81512cb46309e10382dd03a82f60c5 DependenciesID=e8a6a8bbc6d64c88f26578a6bf55dcf0 StaticDependenciesID=1b138c7ee3c8c02c1eac148786fee248 
Number of updated asset objects reloaded before import = 0
Number of asset objects unloaded after import = 0
========================================================================
Received Import Request.
  Time of request: 2026-09-29T13:57:01.9435998Z
  Time since last request: 0.000307 seconds.
  importAddress: GUID: 1b4c88814ec6241eb8e327515399c006 - Path: Packages/com.unity.multiplayer.center/Editor/MultiplayerCenterWindow/UI/Icons/d_PackageManager.png - Importer: ScriptedImporter/UnityEditor.QuickSearchModule:UnityEditor.Search:ASIAI0B
Importing 'GUID: 1b4c88814ec6241eb8e327515399c006 - Path: Packages/com.unity.multiplayer.center/Editor/MultiplayerCenterWindow/UI/Icons/d_PackageManager.png - Importer: ScriptedImporter/UnityEditor.QuickSearchModule:UnityEditor.Search:ASIAI0B' with importer (ScriptedImporter : UnityEditor.QuickSearchModule:UnityEditor.Search:ASIAI0B)
Imported 'GUID: 1b4c88814ec6241eb8e327515399c006' -> (Import Result ID: 'f11e65e55896cfc88e187190e62f806c') in 0.013 seconds [static and dynamic dependencies]. Details - ImportResultOutputID=2f985bd41b0147e378ee7063255f553f DependenciesID=ead63c8dd94e5a853fd7e4a17cd544bc StaticDependenciesID=9b396abe1c6c924b8ea5b283d190410c 
Number of updated asset objects reloaded before import = 0
Number of asset objects unloaded after import = 1
========================================================================
Received Import Request.
  Time of request: 2026-09-29T13:57:01.9577518Z
  Time since last request: 0.0004312 seconds.
  importAddress: GUID: 6cfa81557736450abfb73264580451c1 - Path: Packages/com.unity.multiplayer.center/Tests/Editor/SectionHeaderTests.cs - Importer: ScriptedImporter/UnityEditor.QuickSearchModule:UnityEditor.Search:ASIAI0B
Importing 'GUID: 6cfa81557736450abfb73264580451c1 - Path: Packages/com.unity.multiplayer.center/Tests/Editor/SectionHeaderTests.cs - Importer: ScriptedImporter/UnityEditor.QuickSearchModule:UnityEditor.Search:ASIAI0B' with importer (ScriptedImporter : UnityEditor.QuickSearchModule:UnityEditor.Search:ASIAI0B)
Imported 'GUID: 6cfa81557736450abfb73264580451c1' -> (Import Result ID: '63167ae8c1b5f1232801faee2b9bcf4d') in 0.006 seconds [static and dynamic dependencies]. Details - ImportResultOutputID=abf96a001970327b9c8ced5c7f1a54c2 DependenciesID=b0277ef50b57384ee4ac6d93b337e36c StaticDependenciesID=01806152f21939cd5ef603e79eb96f09 
Number of updated asset objects reloaded before import = 0
Number of asset objects unloaded after import = 0
========================================================================
Received Import Request.
  Time of request: 2026-09-29T13:57:01.9646145Z
  Time since last request: 0.0004136 seconds.
  importAddress: GUID: 52a77c59214a4cb5a43fc7b0e097d832 - Path: Packages/com.unity.multiplayer.center/Editor/Recommendations/RecommendationUtils.cs - Importer: ScriptedImporter/UnityEditor.QuickSearchModule:UnityEditor.Search:ASIAI0B
Importing 'GUID: 52a77c59214a4cb5a43fc7b0e097d832 - Path: Packages/com.unity.multiplayer.center/Editor/Recommendations/RecommendationUtils.cs - Importer: ScriptedImporter/UnityEditor.QuickSearchModule:UnityEditor.Search:ASIAI0B' with importer (ScriptedImporter : UnityEditor.QuickSearchModule:UnityEditor.Search:ASIAI0B)
Imported 'GUID: 52a77c59214a4cb5a43fc7b0e097d832' -> (Import Result ID: '0918424c5bf19faaed2ed4cc6985e4c2') in 0.005 seconds [static and dynamic dependencies]. Details - ImportResultOutputID=507b7af6e979a5a9278ac14dea22b8c9 DependenciesID=acbcd6180c5d38574c7991523c330f63 StaticDependenciesID=d2546d9735df8b25c202e90b0731bf01 
Number of updated asset objects reloaded before import = 0
Number of asset objects unloaded after import = 0
========================================================================
Received Import Request.
  Time of request: 2026-09-29T13:57:01.9699007Z
  Time since last request: 0.000321 seconds.
  importAddress: GUID: c3d3226643b94888b02e25de0a9de55f - Path: Packages/com.unity.multiplayer.center/Tests/Editor/UserVisibleTextTests.cs - Importer: ScriptedImporter/UnityEditor.QuickSearchModule:UnityEditor.Search:ASIAI0B
Importing 'GUID: c3d3226643b94888b02e25de0a9de55f - Path: Packages/com.unity.multiplayer.center/Tests/Editor/UserVisibleTextTests.cs - Importer: ScriptedImporter/UnityEditor.QuickSearchModule:UnityEditor.Search:ASIAI0B' with importer (ScriptedImporter : UnityEditor.QuickSearchModule:UnityEditor.Search:ASIAI0B)
Imported 'GUID: c3d3226643b94888b02e25de0a9de55f' -> (Import Result ID: '2fa98a555d08917b074bac59cf8e68fa') in 0.007 seconds [static and dynamic dependencies]. Details - ImportResultOutputID=5a9e3bc00251a054d022df728a636e31 DependenciesID=75721636b660d5b6881b952c9df2fbb8 StaticDependenciesID=d7da8d4842cb39b88ea2ac0bada9e21f 
Number of updated asset objects reloaded before import = 0
Number of asset objects unloaded after import = 0
========================================================================
Received Import Request.
  Time of request: 2026-09-29T13:57:01.9789497Z
  Time since last request: 0.0013446 seconds.
  importAddress: GUID: a1c995459c0d418c88dd274e04840c5d - Path: Packages/com.unity.multiplayer.center/Editor/Recommendations/RecommenderSystem.cs - Importer: ScriptedImporter/UnityEditor.QuickSearchModule:UnityEditor.Search:ASIAI0B
Importing 'GUID: a1c995459c0d418c88dd274e04840c5d - Path: Packages/com.unity.multiplayer.center/Editor/Recommendations/RecommenderSystem.cs - Importer: ScriptedImporter/UnityEditor.QuickSearchModule:UnityEditor.Search:ASIAI0B' with importer (ScriptedImporter : UnityEditor.QuickSearchModule:UnityEditor.Search:ASIAI0B)
Imported 'GUID: a1c995459c0d418c88dd274e04840c5d' -> (Import Result ID: '3970978f3c96d3d3cb67707d27c4b7a6') in 0.006 seconds [static and dynamic dependencies]. Details - ImportResultOutputID=9ddd8915fd6af5c19c1a630ba7bed540 DependenciesID=93bed4561f160741a4ba82c90b878721 StaticDependenciesID=b5ef067d75e93811e6ea941a1b3ce461 
Number of updated asset objects reloaded before import = 0
Number of asset objects unloaded after import = 0
========================================================================
Received Import Request.
  Time of request: 2026-09-29T13:57:01.9857059Z
  Time since last request: 0.0005163 seconds.
  importAddress: GUID: e4439b4b4bb24a5eb61c59c5a67aa5a0 - Path: Packages/com.unity.multiplayer.center/Editor/MultiplayerCenterWindow/UI/QuestionViewFactory.cs - Importer: ScriptedImporter/UnityEditor.QuickSearchModule:UnityEditor.Search:ASIAI0B
Importing 'GUID: e4439b4b4bb24a5eb61c59c5a67aa5a0 - Path: Packages/com.unity.multiplayer.center/Editor/MultiplayerCenterWindow/UI/QuestionViewFactory.cs - Importer: ScriptedImporter/UnityEditor.QuickSearchModule:UnityEditor.Search:ASIAI0B' with importer (ScriptedImporter : UnityEditor.QuickSearchModule:UnityEditor.Search:ASIAI0B)
Imported 'GUID: e4439b4b4bb24a5eb61c59c5a67aa5a0' -> (Import Result ID: 'a9f52bc027c98c5fe64b07bc065abfbb') in 0.005 seconds [static and dynamic dependencies]. Details - ImportResultOutputID=17d65fd3a32b9676650907459a7f7658 DependenciesID=a47c1e6227d10336b727da1c250fb09c StaticDependenciesID=2f7a3fe5059dbafe349746b2832934ef 
Number of updated asset objects reloaded before import = 0
Number of asset objects unloaded after import = 0
========================================================================
Received Import Request.
  Time of request: 2026-09-29T13:57:01.9912496Z
  Time since last request: 0.0004409 seconds.
  importAddress: GUID: 38b78df4a34c94fa6a52c90239606ff1 - Path: Packages/com.unity.multiplayer.center/Editor/MultiplayerCenterWindow/UI/Icons/DedicatedServer@2x.png - Importer: ScriptedImporter/UnityEditor.QuickSearchModule:UnityEditor.Search:ASIAI0B
Importing 'GUID: 38b78df4a34c94fa6a52c90239606ff1 - Path: Packages/com.unity.multiplayer.center/Editor/MultiplayerCenterWindow/UI/Icons/DedicatedServer@2x.png - Importer: ScriptedImporter/UnityEditor.QuickSearchModule:UnityEditor.Search:ASIAI0B' with importer (ScriptedImporter : UnityEditor.QuickSearchModule:UnityEditor.Search:ASIAI0B)
Imported 'GUID: 38b78df4a34c94fa6a52c90239606ff1' -> (Import Result ID: '0c66b406eca35266808a2abc26f750b3') in 0.017 seconds [static and dynamic dependencies]. Details - ImportResultOutputID=a1162f1510577843d1ea8cf0c8874530 DependenciesID=53edcb8dc44447f82173ea783995fc01 StaticDependenciesID=e345b03449aad8d6c621b448430e0547 
Number of updated asset objects reloaded before import = 0
Number of asset objects unloaded after import = 1
========================================================================
Received Import Request.
  Time of request: 2026-09-29T13:57:02.0091693Z
  Time since last request: 0.000224 seconds.
  importAddress: GUID: 0ddc3b8a12c84454b04e4d6bdd88241c - Path: Packages/com.unity.multiplayer.center/Editor/Recommendations/RecommendationViewData.cs - Importer: ScriptedImporter/UnityEditor.QuickSearchModule:UnityEditor.Search:ASIAI0B
Importing 'GUID: 0ddc3b8a12c84454b04e4d6bdd88241c - Path: Packages/com.unity.multiplayer.center/Editor/Recommendations/RecommendationViewData.cs - Importer: ScriptedImporter/UnityEditor.QuickSearchModule:UnityEditor.Search:ASIAI0B' with importer (ScriptedImporter : UnityEditor.QuickSearchModule:UnityEditor.Search:ASIAI0B)
Imported 'GUID: 0ddc3b8a12c84454b04e4d6bdd88241c' -> (Import Result ID: '609c906a6adf58936aed6f3c1d42315a') in 0.007 seconds [static and dynamic dependencies]. Details - ImportResultOutputID=cfbf96ec5bc7decb4bf781c377914144 DependenciesID=313bcdd783916e37ccb2c610166661ba StaticDependenciesID=7b088d5abd726ff122ba338f0ecf76c6 
Number of updated asset objects reloaded before import = 0
Number of asset objects unloaded after import = 0
========================================================================
Received Import Request.
  Time of request: 2026-09-29T13:57:02.0169714Z
  Time since last request: 0.0004816 seconds.
  importAddress: GUID: a23c0dd570fd44b57a03a8880002fcca - Path: Packages/com.unity.multiplayer.center/Editor/MultiplayerCenterWindow/UI/Icons/CloudCode@2x.png - Importer: ScriptedImporter/UnityEditor.QuickSearchModule:UnityEditor.Search:ASIAI0B
Importing 'GUID: a23c0dd570fd44b57a03a8880002fcca - Path: Packages/com.unity.multiplayer.center/Editor/MultiplayerCenterWindow/UI/Icons/CloudCode@2x.png - Importer: ScriptedImporter/UnityEditor.QuickSearchModule:UnityEditor.Search:ASIAI0B' with importer (ScriptedImporter : UnityEditor.QuickSearchModule:UnityEditor.Search:ASIAI0B)
Imported 'GUID: a23c0dd570fd44b57a03a8880002fcca' -> (Import Result ID: '0dad306691fa8f3d28825b64516b7fc5') in 0.017 seconds [static and dynamic dependencies]. Details - ImportResultOutputID=880b006b4c7a7f6c5c50f45b9a13f5ca DependenciesID=dbde7e4ad26c7df8df2f591a1d8a021b StaticDependenciesID=b139e8801b2aabf75698ede1d84d4f04 
Number of updated asset objects reloaded before import = 0
Number of asset objects unloaded after import = 1
========================================================================
Received Import Request.
  Time of request: 2026-09-29T13:57:02.034818Z
  Time since last request: 0.000399 seconds.
  importAddress: GUID: 741761e72e6f24446bd8ba03ea3d0261 - Path: Packages/com.unity.multiplayer.center/Editor/MultiplayerCenterWindow/UI/Icons/d_Questionnaire.png - Importer: ScriptedImporter/UnityEditor.QuickSearchModule:UnityEditor.Search:ASIAI0B
Importing 'GUID: 741761e72e6f24446bd8ba03ea3d0261 - Path: Packages/com.unity.multiplayer.center/Editor/MultiplayerCenterWindow/UI/Icons/d_Questionnaire.png - Importer: ScriptedImporter/UnityEditor.QuickSearchModule:UnityEditor.Search:ASIAI0B' with importer (ScriptedImporter : UnityEditor.QuickSearchModule:UnityEditor.Search:ASIAI0B)
Imported 'GUID: 741761e72e6f24446bd8ba03ea3d0261' -> (Import Result ID: '54bc61fcb0da16084888931298fd7fbd') in 0.014 seconds [static and dynamic dependencies]. Details - ImportResultOutputID=8d497fbffbe3103dfa0adcf03c2e058d DependenciesID=c2a7a35e841e13ab55698b80b76987b0 StaticDependenciesID=7496da4d9c7aaddd5068213417030dea 
Number of updated asset objects reloaded before import = 0
Number of asset objects unloaded after import = 1
========================================================================
Received Import Request.
  Time of request: 2026-09-29T13:57:02.0495405Z
  Time since last request: 0.0003643 seconds.
  importAddress: GUID: d63245ece6d8f476c8c7ca24da9937f6 - Path: Packages/com.unity.multiplayer.center/Editor/MultiplayerCenterWindow/UI/Icons/DistributedAuthority.png - Importer: ScriptedImporter/UnityEditor.QuickSearchModule:UnityEditor.Search:ASIAI0B
Importing 'GUID: d63245ece6d8f476c8c7ca24da9937f6 - Path: Packages/com.unity.multiplayer.center/Editor/MultiplayerCenterWindow/UI/Icons/DistributedAuthority.png - Importer: ScriptedImporter/UnityEditor.QuickSearchModule:UnityEditor.Search:ASIAI0B' with importer (ScriptedImporter : UnityEditor.QuickSearchModule:UnityEditor.Search:ASIAI0B)
Imported 'GUID: d63245ece6d8f476c8c7ca24da9937f6' -> (Import Result ID: 'a22102410d7504c60d375b10ddd48cb8') in 0.014 seconds [static and dynamic dependencies]. Details - ImportResultOutputID=d61b546eb20d25f6c43dbb1e659a0c41 DependenciesID=3f3c4092d366be939fe3a8d7b4d706fc StaticDependenciesID=a05c2966478590c6f77c914aac02a816 
Number of updated asset objects reloaded before import = 0
Number of asset objects unloaded after import = 1
========================================================================
Received Import Request.
  Time of request: 2026-09-29T13:57:02.0639538Z
  Time since last request: 0.0003798 seconds.
  importAddress: GUID: 3fe892784421e47f5aa40c2784a6cb3e - Path: Packages/com.unity.multiplayer.center/Editor/MultiplayerCenterWindow/UI/Icons/DedicatedServer.png - Importer: ScriptedImporter/UnityEditor.QuickSearchModule:UnityEditor.Search:ASIAI0B
Importing 'GUID: 3fe892784421e47f5aa40c2784a6cb3e - Path: Packages/com.unity.multiplayer.center/Editor/MultiplayerCenterWindow/UI/Icons/DedicatedServer.png - Importer: ScriptedImporter/UnityEditor.QuickSearchModule:UnityEditor.Search:ASIAI0B' with importer (ScriptedImporter : UnityEditor.QuickSearchModule:UnityEditor.Search:ASIAI0B)
Imported 'GUID: 3fe892784421e47f5aa40c2784a6cb3e' -> (Import Result ID: 'fdad4eaafc5fc3ab1ea0a57952c05991') in 0.011 seconds [static and dynamic dependencies]. Details - ImportResultOutputID=e3f12fa23e2a80d23b5e9e92ece68a01 DependenciesID=6a5c71b537e32e73aa1a7295dfe124bf StaticDependenciesID=beb965ad0e3181c0ebeb585077913708 
Number of updated asset objects reloaded before import = 0
Number of asset objects unloaded after import = 1
========================================================================
Received Import Request.
  Time of request: 2026-09-29T13:57:02.0755856Z
  Time since last request: 0.0004025 seconds.
  importAddress: GUID: 29395f0639574c1fbc8b729aa257fb84 - Path: Packages/com.unity.multiplayer.center/Editor/MultiplayerCenterWindow/UI/Icons/d_Check.png - Importer: ScriptedImporter/UnityEditor.QuickSearchModule:UnityEditor.Search:ASIAI0B
Importing 'GUID: 29395f0639574c1fbc8b729aa257fb84 - Path: Packages/com.unity.multiplayer.center/Editor/MultiplayerCenterWindow/UI/Icons/d_Check.png - Importer: ScriptedImporter/UnityEditor.QuickSearchModule:UnityEditor.Search:ASIAI0B' with importer (ScriptedImporter : UnityEditor.QuickSearchModule:UnityEditor.Search:ASIAI0B)
Imported 'GUID: 29395f0639574c1fbc8b729aa257fb84' -> (Import Result ID: 'be9c9d6c9fd6e1de12eedf7ae620f32a') in 0.015 seconds [static and dynamic dependencies]. Details - ImportResultOutputID=6ad546914463b43fbdcf6d86a5384572 DependenciesID=5f8dad0fa84208ea45f7840cf17974fb StaticDependenciesID=1529c9cff821bc3881954648edb8e07a 
Number of updated asset objects reloaded before import = 0
Number of asset objects unloaded after import = 1
========================================================================
Received Import Request.
  Time of request: 2026-09-29T13:57:02.0909427Z
  Time since last request: 0.0003354 seconds.
  importAddress: GUID: a659150180ae3489ba41c71780ba3779 - Path: Packages/com.unity.multiplayer.center/Editor/Questionnaire/Questionnaire.questionnaire - Importer: ScriptedImporter/UnityEditor.QuickSearchModule:UnityEditor.Search:ASIAI0B
Importing 'GUID: a659150180ae3489ba41c71780ba3779 - Path: Packages/com.unity.multiplayer.center/Editor/Questionnaire/Questionnaire.questionnaire - Importer: ScriptedImporter/UnityEditor.QuickSearchModule:UnityEditor.Search:ASIAI0B' with importer (ScriptedImporter : UnityEditor.QuickSearchModule:UnityEditor.Search:ASIAI0B)
Imported 'GUID: a659150180ae3489ba41c71780ba3779' -> (Import Result ID: '1435cc62b1aaf6a1324eeec3596f73e7') in 0.005 seconds [static and dynamic dependencies]. Details - ImportResultOutputID=90adc5302452d5d6c655656d8b0767a2 DependenciesID=bc178cc3ea220ae6fd79eb45392a1af7 StaticDependenciesID=ecc52ae83b814916bdfc33941f7b2bb3 
Number of updated asset objects reloaded before import = 0
Number of asset objects unloaded after import = 1
========================================================================
Received Import Request.
  Time of request: 2026-09-29T13:57:02.0963625Z
  Time since last request: 0.0002956 seconds.
  importAddress: GUID: b66d076cdcfe3b14388de66307a0e7ff - Path: Packages/com.unity.multiplayer.center/Editor/Recommendations/RecommendationData_6000.0.recommendations - Importer: ScriptedImporter/UnityEditor.QuickSearchModule:UnityEditor.Search:ASIAI0B
Importing 'GUID: b66d076cdcfe3b14388de66307a0e7ff - Path: Packages/com.unity.multiplayer.center/Editor/Recommendations/RecommendationData_6000.0.recommendations - Importer: ScriptedImporter/UnityEditor.QuickSearchModule:UnityEditor.Search:ASIAI0B' with importer (ScriptedImporter : UnityEditor.QuickSearchModule:UnityEditor.Search:ASIAI0B)
Imported 'GUID: b66d076cdcfe3b14388de66307a0e7ff' -> (Import Result ID: '5ef2f6dc796ff61787ae4f80819c6e54') in 0.009 seconds [static and dynamic dependencies]. Details - ImportResultOutputID=fb537e1d9991bea9feee5c95ae708ce7 DependenciesID=970f3331e153c2be1026aef2de5184d3 StaticDependenciesID=58e80ad5e796ea3ceaa53f2c2ddf6228 
Number of updated asset objects reloaded before import = 0
Number of asset objects unloaded after import = 1
========================================================================
Received Import Request.
  Time of request: 2026-09-29T13:57:02.1062918Z
  Time since last request: 0.0002528 seconds.
  importAddress: GUID: c37c4c45cacc46edb43b8c32617b3e34 - Path: Packages/com.unity.multiplayer.center/Tests/Editor/UtilsForGettingStartedTabTests.cs - Importer: ScriptedImporter/UnityEditor.QuickSearchModule:UnityEditor.Search:ASIAI0B
Importing 'GUID: c37c4c45cacc46edb43b8c32617b3e34 - Path: Packages/com.unity.multiplayer.center/Tests/Editor/UtilsForGettingStartedTabTests.cs - Importer: ScriptedImporter/UnityEditor.QuickSearchModule:UnityEditor.Search:ASIAI0B' with importer (ScriptedImporter : UnityEditor.QuickSearchModule:UnityEditor.Search:ASIAI0B)
Imported 'GUID: c37c4c45cacc46edb43b8c32617b3e34' -> (Import Result ID: '784d056d93d1da1480e1c6d2702dc0a9') in 0.012 seconds [static and dynamic dependencies]. Details - ImportResultOutputID=6c4efb4135050a3350264cb227923704 DependenciesID=f37ffb8aa7e24fac244ee321ddb5af8a StaticDependenciesID=4ce83a085af3c315e375bbb478233c17 
Number of updated asset objects reloaded before import = 0
Number of asset objects unloaded after import = 0
========================================================================
Received Import Request.
  Time of request: 2026-09-29T13:57:02.1190908Z
  Time since last request: 0.0008269 seconds.
  importAddress: GUID: 77be953cf28de42a4ad8532539fef3f5 - Path: Packages/com.unity.multiplayer.center/Editor/MultiplayerCenterWindow/UI/Icons/d_PackageInstalled.png - Importer: ScriptedImporter/UnityEditor.QuickSearchModule:UnityEditor.Search:ASIAI0B
Importing 'GUID: 77be953cf28de42a4ad8532539fef3f5 - Path: Packages/com.unity.multiplayer.center/Editor/MultiplayerCenterWindow/UI/Icons/d_PackageInstalled.png - Importer: ScriptedImporter/UnityEditor.QuickSearchModule:UnityEditor.Search:ASIAI0B' with importer (ScriptedImporter : UnityEditor.QuickSearchModule:UnityEditor.Search:ASIAI0B)
Imported 'GUID: 77be953cf28de42a4ad8532539fef3f5' -> (Import Result ID: 'eb15943b2085248c214ae7a0d3a5cb61') in 0.013 seconds [static and dynamic dependencies]. Details - ImportResultOutputID=155130ec6db38226ed2ce24a820f8717 DependenciesID=4067cc2fe4af8dbee2827017a60249ea StaticDependenciesID=18a34161351ebc3e77d6e3902e6cf259 
Number of updated asset objects reloaded before import = 0
Number of asset objects unloaded after import = 1
========================================================================
Received Import Request.
  Time of request: 2026-09-29T13:57:02.132538Z
  Time since last request: 0.0003961 seconds.
  importAddress: GUID: 38a11839c22b4e67aa2e508d906edf65 - Path: Packages/com.unity.multiplayer.center/Editor/Recommendations/RecommenderSystemData.cs - Importer: ScriptedImporter/UnityEditor.QuickSearchModule:UnityEditor.Search:ASIAI0B
Importing 'GUID: 38a11839c22b4e67aa2e508d906edf65 - Path: Packages/com.unity.multiplayer.center/Editor/Recommendations/RecommenderSystemData.cs - Importer: ScriptedImporter/UnityEditor.QuickSearchModule:UnityEditor.Search:ASIAI0B' with importer (ScriptedImporter : UnityEditor.QuickSearchModule:UnityEditor.Search:ASIAI0B)
Imported 'GUID: 38a11839c22b4e67aa2e508d906edf65' -> (Import Result ID: 'cfa73df54719fda2c4553fd286890978') in 0.006 seconds [static and dynamic dependencies]. Details - ImportResultOutputID=3ce2e8bfddc284adbb5293ce07fba259 DependenciesID=5166e1fd36e7617a805110490de94de3 StaticDependenciesID=a4563a4c8cee84843fe5f5e1a5beb475 
Number of updated asset objects reloaded before import = 0
Number of asset objects unloaded after import = 0
========================================================================
Received Import Request.
  Time of request: 2026-09-29T13:57:02.1391882Z
  Time since last request: 0.000363 seconds.
  importAddress: GUID: 5d117d33f89d41cd9123918383c9b981 - Path: Packages/com.unity.multiplayer.center/Editor/Questionnaire/QuestionnaireEditor.cs - Importer: ScriptedImporter/UnityEditor.QuickSearchModule:UnityEditor.Search:ASIAI0B
Importing 'GUID: 5d117d33f89d41cd9123918383c9b981 - Path: Packages/com.unity.multiplayer.center/Editor/Questionnaire/QuestionnaireEditor.cs - Importer: ScriptedImporter/UnityEditor.QuickSearchModule:UnityEditor.Search:ASIAI0B' with importer (ScriptedImporter : UnityEditor.QuickSearchModule:UnityEditor.Search:ASIAI0B)
Imported 'GUID: 5d117d33f89d41cd9123918383c9b981' -> (Import Result ID: '89ae1027e9a1a6b35533bab5b23ea544') in 0.006 seconds [static and dynamic dependencies]. Details - ImportResultOutputID=60b373940e9e0ce1b5e9465e60cc9099 DependenciesID=49c3e19954bd401645aeb62f0ea3667f StaticDependenciesID=53e187d695fb78d40a2681bdcea0b7a7 
Number of updated asset objects reloaded before import = 0
Number of asset objects unloaded after import = 0
========================================================================
Received Import Request.
  Time of request: 2026-09-29T13:57:02.1458699Z
  Time since last request: 0.000397 seconds.
  importAddress: GUID: b46a48f780f84026b9d1e73ee1b0121d - Path: Packages/com.unity.multiplayer.center/Editor/Recommendations/RecommendationType.cs - Importer: ScriptedImporter/UnityEditor.QuickSearchModule:UnityEditor.Search:ASIAI0B
Importing 'GUID: b46a48f780f84026b9d1e73ee1b0121d - Path: Packages/com.unity.multiplayer.center/Editor/Recommendations/RecommendationType.cs - Importer: ScriptedImporter/UnityEditor.QuickSearchModule:UnityEditor.Search:ASIAI0B' with importer (ScriptedImporter : UnityEditor.QuickSearchModule:UnityEditor.Search:ASIAI0B)
Imported 'GUID: b46a48f780f84026b9d1e73ee1b0121d' -> (Import Result ID: 'f7872001de6fbbd6dd2e13a4dc84466d') in 0.006 seconds [static and dynamic dependencies]. Details - ImportResultOutputID=8cc39c5b3a9fca1a8bb01336e83b2f9e DependenciesID=d341e431c7552337c7c606fd9ac9c99d StaticDependenciesID=e8a2bd8b9f7e20f529a556a586753443 
Number of updated asset objects reloaded before import = 0
Number of asset objects unloaded after import = 0
========================================================================
Received Import Request.
  Time of request: 2026-09-29T13:57:02.1529078Z
  Time since last request: 0.0003645 seconds.
  importAddress: GUID: 0354877031b64465ea7e5cafea1a2653 - Path: Packages/com.unity.multiplayer.center/Editor/MultiplayerCenterWindow/UI/Icons/DistributedAuthority@2x.png - Importer: ScriptedImporter/UnityEditor.QuickSearchModule:UnityEditor.Search:ASIAI0B
Importing 'GUID: 0354877031b64465ea7e5cafea1a2653 - Path: Packages/com.unity.multiplayer.center/Editor/MultiplayerCenterWindow/UI/Icons/DistributedAuthority@2x.png - Importer: ScriptedImporter/UnityEditor.QuickSearchModule:UnityEditor.Search:ASIAI0B' with importer (ScriptedImporter : UnityEditor.QuickSearchModule:UnityEditor.Search:ASIAI0B)
Imported 'GUID: 0354877031b64465ea7e5cafea1a2653' -> (Import Result ID: '394d972bce8e07a8aeb4cbd12b54581f') in 0.018 seconds [static and dynamic dependencies]. Details - ImportResultOutputID=278e407c4ae493e9b1626776a34cc3bf DependenciesID=4bbbc1e47126e50db8a993ebf6a4b2e4 StaticDependenciesID=a51d204e289262ccab4ada814f1298da 
Number of updated asset objects reloaded before import = 0
Number of asset objects unloaded after import = 1
========================================================================
Received Import Request.
  Time of request: 2026-09-29T13:57:02.171722Z
  Time since last request: 0.000414 seconds.
  importAddress: GUID: 7456ea4ba2dcd48d3909b82e610f2048 - Path: Packages/com.unity.multiplayer.center/Tests/Runtime/PlaceholderTest.cs - Importer: ScriptedImporter/UnityEditor.QuickSearchModule:UnityEditor.Search:ASIAI0B
Importing 'GUID: 7456ea4ba2dcd48d3909b82e610f2048 - Path: Packages/com.unity.multiplayer.center/Tests/Runtime/PlaceholderTest.cs - Importer: ScriptedImporter/UnityEditor.QuickSearchModule:UnityEditor.Search:ASIAI0B' with importer (ScriptedImporter : UnityEditor.QuickSearchModule:UnityEditor.Search:ASIAI0B)
Imported 'GUID: 7456ea4ba2dcd48d3909b82e610f2048' -> (Import Result ID: '5e12bbc8a2b97ba4b0c60afb586f6000') in 0.005 seconds [static and dynamic dependencies]. Details - ImportResultOutputID=8973dcf0c5a3812c0037fdf07bd76a04 DependenciesID=64206a5edc8608a1cd24e51114c640af StaticDependenciesID=ca0ea154eac79a5df2be320684b7292b 
Number of updated asset objects reloaded before import = 0
Number of asset objects unloaded after import = 0
========================================================================
Received Import Request.
  Time of request: 2026-09-29T13:57:02.1774724Z
  Time since last request: 0.0003001 seconds.
  importAddress: GUID: 89ffa359141b49fea9bfa6a1db3b18be - Path: Packages/com.unity.multiplayer.center/Tests/Editor/AssemblyInfo.cs - Importer: ScriptedImporter/UnityEditor.QuickSearchModule:UnityEditor.Search:ASIAI0B
Importing 'GUID: 89ffa359141b49fea9bfa6a1db3b18be - Path: Packages/com.unity.multiplayer.center/Tests/Editor/AssemblyInfo.cs - Importer: ScriptedImporter/UnityEditor.QuickSearchModule:UnityEditor.Search:ASIAI0B' with importer (ScriptedImporter : UnityEditor.QuickSearchModule:UnityEditor.Search:ASIAI0B)
Imported 'GUID: 89ffa359141b49fea9bfa6a1db3b18be' -> (Import Result ID: '30ef317beb75fc555816a2d051d54770') in 0.005 seconds [static and dynamic dependencies]. Details - ImportResultOutputID=83dc4b7392611b7bd51bf9b11bba75f0 DependenciesID=dbfa68874931c0b477010584926d0c23 StaticDependenciesID=bf82d4189def0f9bd9c693c228391a5e 
Number of updated asset objects reloaded before import = 0
Number of asset objects unloaded after import = 0
========================================================================
Received Import Request.
  Time of request: 2026-09-29T13:57:02.1827291Z
  Time since last request: 0.0003696 seconds.
  importAddress: GUID: d9beb5106d424f23902054f76d4b673d - Path: Packages/com.unity.multiplayer.center/Editor/Questionnaire/Logic.cs - Importer: ScriptedImporter/UnityEditor.QuickSearchModule:UnityEditor.Search:ASIAI0B
Importing 'GUID: d9beb5106d424f23902054f76d4b673d - Path: Packages/com.unity.multiplayer.center/Editor/Questionnaire/Logic.cs - Importer: ScriptedImporter/UnityEditor.QuickSearchModule:UnityEditor.Search:ASIAI0B' with importer (ScriptedImporter : UnityEditor.QuickSearchModule:UnityEditor.Search:ASIAI0B)
Imported 'GUID: d9beb5106d424f23902054f76d4b673d' -> (Import Result ID: '06315c49bc30a0dbfe62beaf92fb128c') in 0.004 seconds [static and dynamic dependencies]. Details - ImportResultOutputID=b14826378ff33d109832a56dbdef689e DependenciesID=831dbd314aac8ccad9354a470abf26f0 StaticDependenciesID=cc3577f7dcbf89a86ba8b2a54c471890 
Number of updated asset objects reloaded before import = 0
Number of asset objects unloaded after import = 0
========================================================================
Received Import Request.
  Time of request: 2026-09-29T13:57:02.1877133Z
  Time since last request: 0.0003792 seconds.
  importAddress: GUID: 23342257960b4b618e6f7c444137663c - Path: Packages/com.unity.multiplayer.center/Editor/Recommendations/PreReleaseHandling.cs - Importer: ScriptedImporter/UnityEditor.QuickSearchModule:UnityEditor.Search:ASIAI0B
Importing 'GUID: 23342257960b4b618e6f7c444137663c - Path: Packages/com.unity.multiplayer.center/Editor/Recommendations/PreReleaseHandling.cs - Importer: ScriptedImporter/UnityEditor.QuickSearchModule:UnityEditor.Search:ASIAI0B' with importer (ScriptedImporter : UnityEditor.QuickSearchModule:UnityEditor.Search:ASIAI0B)
Imported 'GUID: 23342257960b4b618e6f7c444137663c' -> (Import Result ID: '7fc334c3412bfdb300bc2240f5a2b0bf') in 0.006 seconds [static and dynamic dependencies]. Details - ImportResultOutputID=a3f9f29fb6c8c703051017621908184e DependenciesID=31f42e0914dc4d629685c35fd1f7cda7 StaticDependenciesID=c1c1a937d7e024ab13aaff6e63aefb1e 
Number of updated asset objects reloaded before import = 0
Number of asset objects unloaded after import = 0
========================================================================
Received Import Request.
  Time of request: 2026-09-29T13:57:02.1940738Z
  Time since last request: 0.0001835 seconds.
  importAddress: GUID: 15513aed5d41411c887ccfe14c103337 - Path: Packages/com.unity.multiplayer.center/Tests/Editor/UserChoicesMigrationTests.cs - Importer: ScriptedImporter/UnityEditor.QuickSearchModule:UnityEditor.Search:ASIAI0B
Importing 'GUID: 15513aed5d41411c887ccfe14c103337 - Path: Packages/com.unity.multiplayer.center/Tests/Editor/UserChoicesMigrationTests.cs - Importer: ScriptedImporter/UnityEditor.QuickSearchModule:UnityEditor.Search:ASIAI0B' with importer (ScriptedImporter : UnityEditor.QuickSearchModule:UnityEditor.Search:ASIAI0B)
Imported 'GUID: 15513aed5d41411c887ccfe14c103337' -> (Import Result ID: 'cc1c0d86cfb66494d8eb8529dd015311') in 0.005 seconds [static and dynamic dependencies]. Details - ImportResultOutputID=6968ce564e9d129669e2097598ab469a DependenciesID=53076502f68cbdfa4e040f94b38058a4 StaticDependenciesID=2ec4e89d151905138095e4b983a02960 
Number of updated asset objects reloaded before import = 0
Number of asset objects unloaded after import = 0
========================================================================
Received Import Request.
  Time of request: 2026-09-29T13:57:02.1998054Z
  Time since last request: 0.0003992 seconds.
  importAddress: GUID: f526d484b0c04a1896c469f31c713786 - Path: Packages/com.unity.multiplayer.center/Editor/Recommendations/Scoring.cs - Importer: ScriptedImporter/UnityEditor.QuickSearchModule:UnityEditor.Search:ASIAI0B
Importing 'GUID: f526d484b0c04a1896c469f31c713786 - Path: Packages/com.unity.multiplayer.center/Editor/Recommendations/Scoring.cs - Importer: ScriptedImporter/UnityEditor.QuickSearchModule:UnityEditor.Search:ASIAI0B' with importer (ScriptedImporter : UnityEditor.QuickSearchModule:UnityEditor.Search:ASIAI0B)
Imported 'GUID: f526d484b0c04a1896c469f31c713786' -> (Import Result ID: '2bb1f98026636e04d9ab96701d50bda4') in 0.005 seconds [static and dynamic dependencies]. Details - ImportResultOutputID=f78d6910feb06d9a5256c532b62dc925 DependenciesID=6ef63c60dcaf52cd8e0a392ee08c15ef StaticDependenciesID=eb8d61be74a7a97786e6d698354a52e6 
Number of updated asset objects reloaded before import = 0
Number of asset objects unloaded after import = 0
========================================================================
Received Import Request.
  Time of request: 2026-09-29T13:57:02.2054214Z
  Time since last request: 0.0003478 seconds.
  importAddress: GUID: c3677cd9ede84e78b2fff6331c6301da - Path: Packages/com.unity.multiplayer.center/Editor/Questionnaire/QuestionnaireObject.cs - Importer: ScriptedImporter/UnityEditor.QuickSearchModule:UnityEditor.Search:ASIAI0B
Importing 'GUID: c3677cd9ede84e78b2fff6331c6301da - Path: Packages/com.unity.multiplayer.center/Editor/Questionnaire/QuestionnaireObject.cs - Importer: ScriptedImporter/UnityEditor.QuickSearchModule:UnityEditor.Search:ASIAI0B' with importer (ScriptedImporter : UnityEditor.QuickSearchModule:UnityEditor.Search:ASIAI0B)
Imported 'GUID: c3677cd9ede84e78b2fff6331c6301da' -> (Import Result ID: '4e7867c650c2db933a3bcfc24b700e8d') in 0.006 seconds [static and dynamic dependencies]. Details - ImportResultOutputID=3cb2b437cafff616bc3c96caeedfac8b DependenciesID=9b4b50484395237342d9c041fd0ce207 StaticDependenciesID=3a56606a70d3c4a783d59c6ec3be0a1a 
Number of updated asset objects reloaded before import = 0
Number of asset objects unloaded after import = 0
========================================================================
Received Import Request.
  Time of request: 2026-09-29T13:57:02.2122745Z
  Time since last request: 0.0003653 seconds.
  importAddress: GUID: 0efb92c924574ec59b71b9185a6ed8fb - Path: Packages/com.unity.multiplayer.center/Tests/Editor/RecommendationTests.cs - Importer: ScriptedImporter/UnityEditor.QuickSearchModule:UnityEditor.Search:ASIAI0B
Importing 'GUID: 0efb92c924574ec59b71b9185a6ed8fb - Path: Packages/com.unity.multiplayer.center/Tests/Editor/RecommendationTests.cs - Importer: ScriptedImporter/UnityEditor.QuickSearchModule:UnityEditor.Search:ASIAI0B' with importer (ScriptedImporter : UnityEditor.QuickSearchModule:UnityEditor.Search:ASIAI0B)
Imported 'GUID: 0efb92c924574ec59b71b9185a6ed8fb' -> (Import Result ID: '9037d0f757c169151a9c6ee435101593') in 0.004 seconds [static and dynamic dependencies]. Details - ImportResultOutputID=d563fd3c156bbda7bee3b586b6db0219 DependenciesID=88aae85cea2821a7a2e3dafcb07e426e StaticDependenciesID=b2b14ffd5422b3516bc98f702ea50aae 
Number of updated asset objects reloaded before import = 0
Number of asset objects unloaded after import = 0
========================================================================
Received Import Request.
  Time of request: 2026-09-29T13:57:02.2172794Z
  Time since last request: 0.0005994 seconds.
  importAddress: GUID: 4f78a544322c742b89e63fb68557b1d2 - Path: Packages/com.unity.multiplayer.center/Editor/MultiplayerCenterWindow/UI/Icons/Check.png - Importer: ScriptedImporter/UnityEditor.QuickSearchModule:UnityEditor.Search:ASIAI0B
Importing 'GUID: 4f78a544322c742b89e63fb68557b1d2 - Path: Packages/com.unity.multiplayer.center/Editor/MultiplayerCenterWindow/UI/Icons/Check.png - Importer: ScriptedImporter/UnityEditor.QuickSearchModule:UnityEditor.Search:ASIAI0B' with importer (ScriptedImporter : UnityEditor.QuickSearchModule:UnityEditor.Search:ASIAI0B)
Imported 'GUID: 4f78a544322c742b89e63fb68557b1d2' -> (Import Result ID: '7a7a20fd7276468ea7d1f36dc1a39e7a') in 0.013 seconds [static and dynamic dependencies]. Details - ImportResultOutputID=1764dd15c889eb431b45916e497046e3 DependenciesID=ad8569dc245a1939a1eb8230ce72a279 StaticDependenciesID=cd4151479c6272c469bc89541d04576c 
Number of updated asset objects reloaded before import = 0
Number of asset objects unloaded after import = 1
========================================================================
Received Import Request.
  Time of request: 2026-09-29T13:57:02.2312369Z
  Time since last request: 0.0003872 seconds.
  importAddress: GUID: 284da2a38ea043d69e1a38fd8a22bec9 - Path: Packages/com.unity.multiplayer.center/Tests/Editor/RecommenderSystemTests.cs - Importer: ScriptedImporter/UnityEditor.QuickSearchModule:UnityEditor.Search:ASIAI0B
Importing 'GUID: 284da2a38ea043d69e1a38fd8a22bec9 - Path: Packages/com.unity.multiplayer.center/Tests/Editor/RecommenderSystemTests.cs - Importer: ScriptedImporter/UnityEditor.QuickSearchModule:UnityEditor.Search:ASIAI0B' with importer (ScriptedImporter : UnityEditor.QuickSearchModule:UnityEditor.Search:ASIAI0B)
Imported 'GUID: 284da2a38ea043d69e1a38fd8a22bec9' -> (Import Result ID: 'ee29e08b827fd7c8dcc80fb13ef9d321') in 0.005 seconds [static and dynamic dependencies]. Details - ImportResultOutputID=fef2a30ded8718aff26ef76b97e20d1e DependenciesID=ae32b9130890667097e7b2076b1504c8 StaticDependenciesID=c1a62e9b6d7c0d04061e787f38f7e4e5 
Number of updated asset objects reloaded before import = 0
Number of asset objects unloaded after import = 0
========================================================================
Received Import Request.
  Time of request: 2026-09-29T13:57:02.2365094Z
  Time since last request: 0.0003715 seconds.
  importAddress: GUID: dce12af736e0a4a1ba35d6424f897dc9 - Path: Packages/com.unity.multiplayer.center/Editor/MultiplayerCenterWindow/UI/Icons/CustomNetcode.png - Importer: ScriptedImporter/UnityEditor.QuickSearchModule:UnityEditor.Search:ASIAI0B
Importing 'GUID: dce12af736e0a4a1ba35d6424f897dc9 - Path: Packages/com.unity.multiplayer.center/Editor/MultiplayerCenterWindow/UI/Icons/CustomNetcode.png - Importer: ScriptedImporter/UnityEditor.QuickSearchModule:UnityEditor.Search:ASIAI0B' with importer (ScriptedImporter : UnityEditor.QuickSearchModule:UnityEditor.Search:ASIAI0B)
Imported 'GUID: dce12af736e0a4a1ba35d6424f897dc9' -> (Import Result ID: 'f471fa916314d29459485820897cd2f6') in 0.014 seconds [static and dynamic dependencies]. Details - ImportResultOutputID=3d8b8d9ba2a6c195a666cfe5246f4877 DependenciesID=7177d58d9ebb29e7b5732ef136996f4a StaticDependenciesID=4d45e617a0c83a49cb01ae5caca51816 
Number of updated asset objects reloaded before import = 0
Number of asset objects unloaded after import = 1
========================================================================
Received Import Request.
  Time of request: 2026-09-29T13:57:02.2512487Z
  Time since last request: 0.0002228 seconds.
  importAddress: GUID: b2ce704e56cc84fb3b347499263c6244 - Path: Packages/com.unity.multiplayer.center/Editor/MultiplayerCenterWindow/UI/Icons/ClientHosted.png - Importer: ScriptedImporter/UnityEditor.QuickSearchModule:UnityEditor.Search:ASIAI0B
Importing 'GUID: b2ce704e56cc84fb3b347499263c6244 - Path: Packages/com.unity.multiplayer.center/Editor/MultiplayerCenterWindow/UI/Icons/ClientHosted.png - Importer: ScriptedImporter/UnityEditor.QuickSearchModule:UnityEditor.Search:ASIAI0B' with importer (ScriptedImporter : UnityEditor.QuickSearchModule:UnityEditor.Search:ASIAI0B)
Imported 'GUID: b2ce704e56cc84fb3b347499263c6244' -> (Import Result ID: '1388f82bdab409d054dfb56ff37e0a5f') in 0.012 seconds [static and dynamic dependencies]. Details - ImportResultOutputID=0ea17b3a2cac0027c5c7933fe483c43d DependenciesID=6f343b363b6707c45eabf19d11f7fdaf StaticDependenciesID=5dac54b1acf2be5a3f81b195119fcefd 
Number of updated asset objects reloaded before import = 0
Number of asset objects unloaded after import = 1
========================================================================
Received Import Request.
  Time of request: 2026-09-29T13:57:02.2639551Z
  Time since last request: 0.0002739 seconds.
  importAddress: GUID: bac00d6e07f0b4305bb395363c89d92b - Path: Packages/com.unity.multiplayer.center/Editor/MultiplayerCenterWindow/UI/MultiplayerCenterWindow.uss - Importer: ScriptedImporter/UnityEditor.QuickSearchModule:UnityEditor.Search:ASIAI0B
Importing 'GUID: bac00d6e07f0b4305bb395363c89d92b - Path: Packages/com.unity.multiplayer.center/Editor/MultiplayerCenterWindow/UI/MultiplayerCenterWindow.uss - Importer: ScriptedImporter/UnityEditor.QuickSearchModule:UnityEditor.Search:ASIAI0B' with importer (ScriptedImporter : UnityEditor.QuickSearchModule:UnityEditor.Search:ASIAI0B)
Imported 'GUID: bac00d6e07f0b4305bb395363c89d92b' -> (Import Result ID: '7db17daa62a904f21241f26fa8432f10') in 0.024 seconds [static and dynamic dependencies]. Details - ImportResultOutputID=9ab03bff7849bdb973234d23c1e40001 DependenciesID=4f68e5f4e85c30d1cb3e7d1cb01a394f StaticDependenciesID=dabd5ad7c445e3e9c5c0f4cfd9510713 
Number of updated asset objects reloaded before import = 0
Number of asset objects unloaded after import = 19
========================================================================
Received Import Request.
  Time of request: 2026-09-29T13:57:02.2888453Z
  Time since last request: 0.0000234 seconds.
  importAddress: GUID: b6a02e450cd04bb781e7728f2056251c - Path: Packages/com.unity.multiplayer.center/Editor/Recommendations/RecommenderSystemDataObject.cs - Importer: ScriptedImporter/UnityEditor.QuickSearchModule:UnityEditor.Search:ASIAI0B
Importing 'GUID: b6a02e450cd04bb781e7728f2056251c - Path: Packages/com.unity.multiplayer.center/Editor/Recommendations/RecommenderSystemDataObject.cs - Importer: ScriptedImporter/UnityEditor.QuickSearchModule:UnityEditor.Search:ASIAI0B' with importer (ScriptedImporter : UnityEditor.QuickSearchModule:UnityEditor.Search:ASIAI0B)
Imported 'GUID: b6a02e450cd04bb781e7728f2056251c' -> (Import Result ID: 'e80b4a822a05197ff28fd164999fb649') in 0.004 seconds [static and dynamic dependencies]. Details - ImportResultOutputID=605ab59df7c19ffe31782082f7d70204 DependenciesID=51514f5ab9901f88bea7dd564d156399 StaticDependenciesID=b616c3cb0cfdd02f283a4fc67b40feec 
Number of updated asset objects reloaded before import = 0
Number of asset objects unloaded after import = 0
========================================================================
Received Import Request.
  Time of request: 2026-09-29T13:57:02.2937545Z
  Time since last request: 0.0003673 seconds.
  importAddress: GUID: a6fd0c627f5aa48fa81512221e70a11e - Path: Packages/com.unity.multiplayer.center/Editor/MultiplayerCenterWindow/UI/Icons/d_PackageManager@2x.png - Importer: ScriptedImporter/UnityEditor.QuickSearchModule:UnityEditor.Search:ASIAI0B
Importing 'GUID: a6fd0c627f5aa48fa81512221e70a11e - Path: Packages/com.unity.multiplayer.center/Editor/MultiplayerCenterWindow/UI/Icons/d_PackageManager@2x.png - Importer: ScriptedImporter/UnityEditor.QuickSearchModule:UnityEditor.Search:ASIAI0B' with importer (ScriptedImporter : UnityEditor.QuickSearchModule:UnityEditor.Search:ASIAI0B)
Imported 'GUID: a6fd0c627f5aa48fa81512221e70a11e' -> (Import Result ID: 'c3b26ec8073cbc1ead4a2ba69d275964') in 0.018 seconds [static and dynamic dependencies]. Details - ImportResultOutputID=59ca3d0c12a547628457c2fdf87b259b DependenciesID=79771625120b2103d3f7a76463924860 StaticDependenciesID=93961c3ee2d52b81fc6e42f292ae9582 
Number of updated asset objects reloaded before import = 0
Number of asset objects unloaded after import = 1
========================================================================
Received Import Request.
  Time of request: 2026-09-29T13:57:02.3122493Z
  Time since last request: 0.0004068 seconds.
  importAddress: GUID: 2664430aff4254d79887d32c3fc1e221 - Path: Packages/com.unity.multiplayer.center/Tests/Runtime/Unity.Multiplayer.Center.Tests.asmdef - Importer: ScriptedImporter/UnityEditor.QuickSearchModule:UnityEditor.Search:ASIAI0B
Importing 'GUID: 2664430aff4254d79887d32c3fc1e221 - Path: Packages/com.unity.multiplayer.center/Tests/Runtime/Unity.Multiplayer.Center.Tests.asmdef - Importer: ScriptedImporter/UnityEditor.QuickSearchModule:UnityEditor.Search:ASIAI0B' with importer (ScriptedImporter : UnityEditor.QuickSearchModule:UnityEditor.Search:ASIAI0B)
Imported 'GUID: 2664430aff4254d79887d32c3fc1e221' -> (Import Result ID: 'd88b957cf0b7acc09e221f1167092156') in 0.008 seconds [static and dynamic dependencies]. Details - ImportResultOutputID=c6cee79fd3559f5c4d3135510699848d DependenciesID=453cdd8210318e502791cbd52ac7efd8 StaticDependenciesID=ca4b829660ccc8df2c277de5af639f20 
Number of updated asset objects reloaded before import = 0
Number of asset objects unloaded after import = 1
========================================================================
Received Import Request.
  Time of request: 2026-09-29T13:57:02.3209471Z
  Time since last request: 0.0005849 seconds.
  importAddress: GUID: 18cde282a8d045bf9d245fdcfaa7271b - Path: Packages/com.unity.multiplayer.center/Editor/Questionnaire/UserChoicesObject.cs - Importer: ScriptedImporter/UnityEditor.QuickSearchModule:UnityEditor.Search:ASIAI0B
Importing 'GUID: 18cde282a8d045bf9d245fdcfaa7271b - Path: Packages/com.unity.multiplayer.center/Editor/Questionnaire/UserChoicesObject.cs - Importer: ScriptedImporter/UnityEditor.QuickSearchModule:UnityEditor.Search:ASIAI0B' with importer (ScriptedImporter : UnityEditor.QuickSearchModule:UnityEditor.Search:ASIAI0B)
Imported 'GUID: 18cde282a8d045bf9d245fdcfaa7271b' -> (Import Result ID: 'ffbda3ce708203ad43c6d46c9bddcaf4') in 0.010 seconds [static and dynamic dependencies]. Details - ImportResultOutputID=5f24a581ff1b52b4fb0a0d5421687bc8 DependenciesID=d3b970e7cb572a210c2500edff0068ec StaticDependenciesID=2467bf363f0cb0727f74f3f7e0041bb0 
Number of updated asset objects reloaded before import = 0
Number of asset objects unloaded after import = 0
========================================================================
Received Import Request.
  Time of request: 2026-09-29T13:57:02.3314668Z
  Time since last request: 0.0000299 seconds.
  importAddress: GUID: 318df756abab5463e9aa361360784865 - Path: Packages/com.unity.multiplayer.center/Editor/MultiplayerCenterWindow/UI/Icons/d_PackageInstalled@2x.png - Importer: ScriptedImporter/UnityEditor.QuickSearchModule:UnityEditor.Search:ASIAI0B
Importing 'GUID: 318df756abab5463e9aa361360784865 - Path: Packages/com.unity.multiplayer.center/Editor/MultiplayerCenterWindow/UI/Icons/d_PackageInstalled@2x.png - Importer: ScriptedImporter/UnityEditor.QuickSearchModule:UnityEditor.Search:ASIAI0B' with importer (ScriptedImporter : UnityEditor.QuickSearchModule:UnityEditor.Search:ASIAI0B)
Imported 'GUID: 318df756abab5463e9aa361360784865' -> (Import Result ID: '60ac3eabb93e21d66f5789c8e8de9c35') in 0.014 seconds [static and dynamic dependencies]. Details - ImportResultOutputID=643903eb0d985d03de51af3383157533 DependenciesID=c150372f88808d02475cf0ca8c46a64b StaticDependenciesID=e98ee94ff34a93256015b8b71b0aa038 
Number of updated asset objects reloaded before import = 0
Number of asset objects unloaded after import = 1
========================================================================
Received Import Request.
  Time of request: 2026-09-29T13:57:02.3456917Z
  Time since last request: 0.000364 seconds.
  importAddress: GUID: 84e4bbd00035e4671bf14e0380a89001 - Path: Packages/com.unity.multiplayer.center/Editor/MultiplayerCenterWindow/UI/Icons/EmptyViewIcon.png - Importer: ScriptedImporter/UnityEditor.QuickSearchModule:UnityEditor.Search:ASIAI0B
Importing 'GUID: 84e4bbd00035e4671bf14e0380a89001 - Path: Packages/com.unity.multiplayer.center/Editor/MultiplayerCenterWindow/UI/Icons/EmptyViewIcon.png - Importer: ScriptedImporter/UnityEditor.QuickSearchModule:UnityEditor.Search:ASIAI0B' with importer (ScriptedImporter : UnityEditor.QuickSearchModule:UnityEditor.Search:ASIAI0B)
Imported 'GUID: 84e4bbd00035e4671bf14e0380a89001' -> (Import Result ID: 'cd9d7edb92c95ca004d5eba5dc2797d8') in 0.012 seconds [static and dynamic dependencies]. Details - ImportResultOutputID=41fd06b8e9b79dd871d0f808ff97f851 DependenciesID=98d3c8bcd48a087909481b95b916be77 StaticDependenciesID=9b8072141b80592221d304f41e3b3374 
Number of updated asset objects reloaded before import = 0
Number of asset objects unloaded after import = 1
========================================================================
Received Import Request.
  Time of request: 2026-09-29T13:57:02.3583924Z
  Time since last request: 0.0003159 seconds.
  importAddress: GUID: 71b3035ad4d343cbbe033e93369d187e - Path: Packages/com.unity.multiplayer.center/Editor/Recommendations/RecommendationAuthoringData.cs - Importer: ScriptedImporter/UnityEditor.QuickSearchModule:UnityEditor.Search:ASIAI0B
Importing 'GUID: 71b3035ad4d343cbbe033e93369d187e - Path: Packages/com.unity.multiplayer.center/Editor/Recommendations/RecommendationAuthoringData.cs - Importer: ScriptedImporter/UnityEditor.QuickSearchModule:UnityEditor.Search:ASIAI0B' with importer (ScriptedImporter : UnityEditor.QuickSearchModule:UnityEditor.Search:ASIAI0B)
Imported 'GUID: 71b3035ad4d343cbbe033e93369d187e' -> (Import Result ID: '3bec6ef966bbba791d09506e3b7cce7d') in 0.005 seconds [static and dynamic dependencies]. Details - ImportResultOutputID=9acd5789e36951290ca2fac49d8407d6 DependenciesID=a9943d215752276585767d432019bac1 StaticDependenciesID=7f3337417eb41703e37a52f8a5d8ae56 
Number of updated asset objects reloaded before import = 0
Number of asset objects unloaded after import = 0
========================================================================
Received Import Request.
  Time of request: 2026-09-29T13:57:02.3638711Z
  Time since last request: 0.0004144 seconds.
  importAddress: GUID: 1984cd07fe96417f9e88f5771f6b4b32 - Path: Packages/com.unity.multiplayer.center/Editor/MultiplayerCenterWindow/UI/dark.uss - Importer: ScriptedImporter/UnityEditor.QuickSearchModule:UnityEditor.Search:ASIAI0B
Importing 'GUID: 1984cd07fe96417f9e88f5771f6b4b32 - Path: Packages/com.unity.multiplayer.center/Editor/MultiplayerCenterWindow/UI/dark.uss - Importer: ScriptedImporter/UnityEditor.QuickSearchModule:UnityEditor.Search:ASIAI0B' with importer (ScriptedImporter : UnityEditor.QuickSearchModule:UnityEditor.Search:ASIAI0B)
Imported 'GUID: 1984cd07fe96417f9e88f5771f6b4b32' -> (Import Result ID: 'cbbac5fc4a19f75cbfc85c29f81d37a7') in 0.009 seconds [static and dynamic dependencies]. Details - ImportResultOutputID=68a6ea56e6e487a756ab3908925ccc66 DependenciesID=6a5b1312b86f2a7657d9d3e7c68b483b StaticDependenciesID=88653429d607cb38daa99bd3b24408c2 
Number of updated asset objects reloaded before import = 0
Number of asset objects unloaded after import = 9
========================================================================
Received Import Request.
  Time of request: 2026-09-29T13:57:02.3765024Z
  Time since last request: 0.0024117 seconds.
  importAddress: GUID: bcf305fff4614e26a6979b63e954f6d6 - Path: Packages/com.unity.multiplayer.center/Editor/MultiplayerCenterWindow/UI/QuestionnaireView.cs - Importer: ScriptedImporter/UnityEditor.QuickSearchModule:UnityEditor.Search:ASIAI0B
Importing 'GUID: bcf305fff4614e26a6979b63e954f6d6 - Path: Packages/com.unity.multiplayer.center/Editor/MultiplayerCenterWindow/UI/QuestionnaireView.cs - Importer: ScriptedImporter/UnityEditor.QuickSearchModule:UnityEditor.Search:ASIAI0B' with importer (ScriptedImporter : UnityEditor.QuickSearchModule:UnityEditor.Search:ASIAI0B)
Imported 'GUID: bcf305fff4614e26a6979b63e954f6d6' -> (Import Result ID: '994711cef14e4d0b3aca5e386e994fe9') in 0.004 seconds [static and dynamic dependencies]. Details - ImportResultOutputID=dda16b5c772a9c7a4338008d93bca2a3 DependenciesID=d057689c475fc8f61c3304dc542c3934 StaticDependenciesID=fe92a2b779dec5c8f4d5aaa0472315f6 
Number of updated asset objects reloaded before import = 0
Number of asset objects unloaded after import = 0
========================================================================
Received Import Request.
  Time of request: 2026-09-29T13:57:02.3814429Z
  Time since last request: 0.0004385 seconds.
  importAddress: GUID: ea491f91a8b84866ad13371715bf90c8 - Path: Packages/com.unity.multiplayer.center/Tests/Editor/LogicTests.cs - Importer: ScriptedImporter/UnityEditor.QuickSearchModule:UnityEditor.Search:ASIAI0B
Importing 'GUID: ea491f91a8b84866ad13371715bf90c8 - Path: Packages/com.unity.multiplayer.center/Tests/Editor/LogicTests.cs - Importer: ScriptedImporter/UnityEditor.QuickSearchModule:UnityEditor.Search:ASIAI0B' with importer (ScriptedImporter : UnityEditor.QuickSearchModule:UnityEditor.Search:ASIAI0B)
Imported 'GUID: ea491f91a8b84866ad13371715bf90c8' -> (Import Result ID: '752153e8410f332629b396c1433d64f8') in 0.005 seconds [static and dynamic dependencies]. Details - ImportResultOutputID=ff7c8d5c4a73cde11ffc93f2c0cade02 DependenciesID=7f2afba13a56e00c91af188d8dcb0428 StaticDependenciesID=93c5ee8944326fc661df83ccec71a922 
Number of updated asset objects reloaded before import = 0
Number of asset objects unloaded after import = 0
========================================================================
Received Import Request.
  Time of request: 2026-09-29T13:57:02.3868324Z
  Time since last request: 0.000269 seconds.
  importAddress: GUID: 470a2d15035f44b7b2888a0db0704bff - Path: Packages/com.unity.multiplayer.center/Tests/Editor/TabGroupTests.cs - Importer: ScriptedImporter/UnityEditor.QuickSearchModule:UnityEditor.Search:ASIAI0B
Importing 'GUID: 470a2d15035f44b7b2888a0db0704bff - Path: Packages/com.unity.multiplayer.center/Tests/Editor/TabGroupTests.cs - Importer: ScriptedImporter/UnityEditor.QuickSearchModule:UnityEditor.Search:ASIAI0B' with importer (ScriptedImporter : UnityEditor.QuickSearchModule:UnityEditor.Search:ASIAI0B)
Imported 'GUID: 470a2d15035f44b7b2888a0db0704bff' -> (Import Result ID: '985b41fbdf7dca08a397066d8c9008d6') in 0.005 seconds [static and dynamic dependencies]. Details - ImportResultOutputID=d79ea5fbd0ae9f57b42a3dd5bc74c3b2 DependenciesID=3d1d8d75323ce4afb0ac8446655843c4 StaticDependenciesID=62649842ae29c31d7cd4ba6114379ab6 
Number of updated asset objects reloaded before import = 0
Number of asset objects unloaded after import = 0
========================================================================
Received Import Request.
  Time of request: 2026-09-29T13:57:02.3930531Z
  Time since last request: 0.0003766 seconds.
  importAddress: GUID: 2adffcc506285402aa795dee6f3166d0 - Path: Packages/com.unity.multiplayer.center/Editor/MultiplayerCenterWindow/UI/Icons/EmptyViewIcon@2x.png - Importer: ScriptedImporter/UnityEditor.QuickSearchModule:UnityEditor.Search:ASIAI0B
Importing 'GUID: 2adffcc506285402aa795dee6f3166d0 - Path: Packages/com.unity.multiplayer.center/Editor/MultiplayerCenterWindow/UI/Icons/EmptyViewIcon@2x.png - Importer: ScriptedImporter/UnityEditor.QuickSearchModule:UnityEditor.Search:ASIAI0B' with importer (ScriptedImporter : UnityEditor.QuickSearchModule:UnityEditor.Search:ASIAI0B)
Imported 'GUID: 2adffcc506285402aa795dee6f3166d0' -> (Import Result ID: '76a1db21e15543ef8d69bd66b8986e12') in 0.014 seconds [static and dynamic dependencies]. Details - ImportResultOutputID=d5ee84b62ec419d22e0db8a873a1e823 DependenciesID=9c10f783325ab4bcb674d99552082935 StaticDependenciesID=0bacef1520e749616cf5e362a3bae68c 
Number of updated asset objects reloaded before import = 0
Number of asset objects unloaded after import = 1
========================================================================
Received Import Request.
  Time of request: 2026-09-29T13:57:02.4071696Z
  Time since last request: 0.0002828 seconds.
  importAddress: GUID: c7a38e6eccbfc49778cb8b77f594a971 - Path: Packages/com.unity.multiplayer.center/Editor/MultiplayerCenterWindow/UI/Icons/ClientHosted@2x.png - Importer: ScriptedImporter/UnityEditor.QuickSearchModule:UnityEditor.Search:ASIAI0B
Importing 'GUID: c7a38e6eccbfc49778cb8b77f594a971 - Path: Packages/com.unity.multiplayer.center/Editor/MultiplayerCenterWindow/UI/Icons/ClientHosted@2x.png - Importer: ScriptedImporter/UnityEditor.QuickSearchModule:UnityEditor.Search:ASIAI0B' with importer (ScriptedImporter : UnityEditor.QuickSearchModule:UnityEditor.Search:ASIAI0B)
Imported 'GUID: c7a38e6eccbfc49778cb8b77f594a971' -> (Import Result ID: 'b92f410a15591b7072b5491a6c0410fc') in 0.011 seconds [static and dynamic dependencies]. Details - ImportResultOutputID=7db953b3138f954d5a0f809315458a0f DependenciesID=bf59a169fc247c5e088c991efe6f5ccd StaticDependenciesID=7687b4e7a78c54aa6a80cbdb018ddd20 
Number of updated asset objects reloaded before import = 0
Number of asset objects unloaded after import = 1
========================================================================
Received Import Request.
  Time of request: 2026-09-29T13:57:02.4278555Z
  Time since last request: 0.0096395 seconds.
  importAddress: GUID: 679f9999c6f8f497e806a2d5d0511879 - Path: Packages/com.unity.multiplayer.center/Editor/MultiplayerCenterWindow/UI/Icons/PackageManager.png - Importer: ScriptedImporter/UnityEditor.QuickSearchModule:UnityEditor.Search:ASIAI0B
Importing 'GUID: 679f9999c6f8f497e806a2d5d0511879 - Path: Packages/com.unity.multiplayer.center/Editor/MultiplayerCenterWindow/UI/Icons/PackageManager.png - Importer: ScriptedImporter/UnityEditor.QuickSearchModule:UnityEditor.Search:ASIAI0B' with importer (ScriptedImporter : UnityEditor.QuickSearchModule:UnityEditor.Search:ASIAI0B)
Imported 'GUID: 679f9999c6f8f497e806a2d5d0511879' -> (Import Result ID: 'e2d815c47f2e22ed2330d4f7429b5af8') in 0.011 seconds [static and dynamic dependencies]. Details - ImportResultOutputID=c3fa4b43aaa22f1b5def73794e527579 DependenciesID=dcf115bdf58ae090652d1fc6729df265 StaticDependenciesID=583aa5f31f73d70eff4bb3713d968ae3 
Number of updated asset objects reloaded before import = 0
Number of asset objects unloaded after import = 1
========================================================================
Received Import Request.
  Time of request: 2026-09-29T13:57:02.4395171Z
  Time since last request: 0.0004604 seconds.
  importAddress: GUID: 96d14b71b907bb52333b2886e665aba6 - Path: Packages/com.unity.modules.video/package.json - Importer: ScriptedImporter/UnityEditor.QuickSearchModule:UnityEditor.Search:ASIAI0B
Importing 'GUID: 96d14b71b907bb52333b2886e665aba6 - Path: Packages/com.unity.modules.video/package.json - Importer: ScriptedImporter/UnityEditor.QuickSearchModule:UnityEditor.Search:ASIAI0B' with importer (ScriptedImporter : UnityEditor.QuickSearchModule:UnityEditor.Search:ASIAI0B)
Imported 'GUID: 96d14b71b907bb52333b2886e665aba6' -> (Import Result ID: '0c63c2d777cc4d1df8727d2402f729af') in 0.006 seconds [static and dynamic dependencies]. Details - ImportResultOutputID=75fda12fc0889d4ffb40f49d874edaf4 DependenciesID=0fe8055ed0c504e918d91399e28235d4 StaticDependenciesID=073931a34670a2b446a70be469f0bdf1 
Number of updated asset objects reloaded before import = 0
Number of asset objects unloaded after import = 1
========================================================================
Received Import Request.
  Time of request: 2026-09-29T13:57:02.4459818Z
  Time since last request: 0.0003609 seconds.
  importAddress: GUID: fe6a6957b37b61417b457a1e0541791d - Path: Packages/com.unity.modules.physics2d/package.ModuleCompilationTrigger - Importer: ScriptedImporter/UnityEditor.QuickSearchModule:UnityEditor.Search:ASIAI0B
Importing 'GUID: fe6a6957b37b61417b457a1e0541791d - Path: Packages/com.unity.modules.physics2d/package.ModuleCompilationTrigger - Importer: ScriptedImporter/UnityEditor.QuickSearchModule:UnityEditor.Search:ASIAI0B' with importer (ScriptedImporter : UnityEditor.QuickSearchModule:UnityEditor.Search:ASIAI0B)
Imported 'GUID: fe6a6957b37b61417b457a1e0541791d' -> (Import Result ID: '8629a1a46adf47740ddaca0a45244e82') in 0.006 seconds [static and dynamic dependencies]. Details - ImportResultOutputID=d44b5a1499cd31cd93ecbaa2d4ea909d DependenciesID=5647ce72b3768bb8c45992f340f20e6e StaticDependenciesID=69dee1165741315e2436e76a95d2009a 
Number of updated asset objects reloaded before import = 0
Number of asset objects unloaded after import = 1
========================================================================
Received Import Request.
  Time of request: 2026-09-29T13:57:02.4526522Z
  Time since last request: 0.0003911 seconds.
  importAddress: GUID: 5262b119dc3e4259a40e6d93c8ea1048 - Path: Packages/com.unity.multiplayer.center/Editor/MultiplayerCenterWindow/UI/RecommendationView/PackageSelectionView.cs - Importer: ScriptedImporter/UnityEditor.QuickSearchModule:UnityEditor.Search:ASIAI0B
Importing 'GUID: 5262b119dc3e4259a40e6d93c8ea1048 - Path: Packages/com.unity.multiplayer.center/Editor/MultiplayerCenterWindow/UI/RecommendationView/PackageSelectionView.cs - Importer: ScriptedImporter/UnityEditor.QuickSearchModule:UnityEditor.Search:ASIAI0B' with importer (ScriptedImporter : UnityEditor.QuickSearchModule:UnityEditor.Search:ASIAI0B)
Imported 'GUID: 5262b119dc3e4259a40e6d93c8ea1048' -> (Import Result ID: 'aafab9c378fb17c7ebeb93336a374fd8') in 0.005 seconds [static and dynamic dependencies]. Details - ImportResultOutputID=af38d35c2fcb35e3c3189a295a2bd800 DependenciesID=729b760bc8aba634612d1f08fda328f2 StaticDependenciesID=9ad5c564a8872d555152dd7b27f5a341 
Number of updated asset objects reloaded before import = 0
Number of asset objects unloaded after import = 0
========================================================================
Received Import Request.
  Time of request: 2026-09-29T13:57:02.4579958Z
  Time since last request: 0.00036 seconds.
  importAddress: GUID: 4745d06d5a7ca576dcf9e5e67b417652 - Path: Packages/com.unity.modules.accessibility/package.ModuleCompilationTrigger - Importer: ScriptedImporter/UnityEditor.QuickSearchModule:UnityEditor.Search:ASIAI0B
Importing 'GUID: 4745d06d5a7ca576dcf9e5e67b417652 - Path: Packages/com.unity.modules.accessibility/package.ModuleCompilationTrigger - Importer: ScriptedImporter/UnityEditor.QuickSearchModule:UnityEditor.Search:ASIAI0B' with importer (ScriptedImporter : UnityEditor.QuickSearchModule:UnityEditor.Search:ASIAI0B)
Imported 'GUID: 4745d06d5a7ca576dcf9e5e67b417652' -> (Import Result ID: '538a44e9fa6867e01a5ead0742eb3176') in 0.005 seconds [static and dynamic dependencies]. Details - ImportResultOutputID=269ae1d1f96e165d7dce3c34b5293654 DependenciesID=981cd5d76296a12fcfe1d943344811ff StaticDependenciesID=688c0e5efd6dd3e300a07c96635167d9 
Number of updated asset objects reloaded before import = 0
Number of asset objects unloaded after import = 1
========================================================================
Received Import Request.
  Time of request: 2026-09-29T13:57:02.4631704Z
  Time since last request: 0.0003354 seconds.
  importAddress: GUID: f1e4f3f59aa446bfb097357fa8ad4a8b - Path: Packages/com.unity.multiplayer.center/Editor/MultiplayerCenterWindow/UI/RecommendationView/SolutionSelectionView.cs - Importer: ScriptedImporter/UnityEditor.QuickSearchModule:UnityEditor.Search:ASIAI0B
Importing 'GUID: f1e4f3f59aa446bfb097357fa8ad4a8b - Path: Packages/com.unity.multiplayer.center/Editor/MultiplayerCenterWindow/UI/RecommendationView/SolutionSelectionView.cs - Importer: ScriptedImporter/UnityEditor.QuickSearchModule:UnityEditor.Search:ASIAI0B' with importer (ScriptedImporter : UnityEditor.QuickSearchModule:UnityEditor.Search:ASIAI0B)
Imported 'GUID: f1e4f3f59aa446bfb097357fa8ad4a8b' -> (Import Result ID: '55ffc9f5e2f3e8916c873d66af388955') in 0.006 seconds [static and dynamic dependencies]. Details - ImportResultOutputID=5d8cf6841c66208d3e597cc6485eb98c DependenciesID=0ebf98aa4cbfdbea24e41b24657e20e8 StaticDependenciesID=29b9f17b09cf755a8f8616a8d4d607e6 
Number of updated asset objects reloaded before import = 0
Number of asset objects unloaded after import = 0
========================================================================
Received Import Request.
  Time of request: 2026-09-29T13:57:02.4698633Z
  Time since last request: 0.0000243 seconds.
  importAddress: GUID: 9b1a5759726ef9d39a0ab82047b615f1 - Path: Packages/com.unity.modules.hierarchycore/package.json - Importer: ScriptedImporter/UnityEditor.QuickSearchModule:UnityEditor.Search:ASIAI0B
Importing 'GUID: 9b1a5759726ef9d39a0ab82047b615f1 - Path: Packages/com.unity.modules.hierarchycore/package.json - Importer: ScriptedImporter/UnityEditor.QuickSearchModule:UnityEditor.Search:ASIAI0B' with importer (ScriptedImporter : UnityEditor.QuickSearchModule:UnityEditor.Search:ASIAI0B)
Imported 'GUID: 9b1a5759726ef9d39a0ab82047b615f1' -> (Import Result ID: '884a759bd153e4744250966283e99a55') in 0.006 seconds [static and dynamic dependencies]. Details - ImportResultOutputID=0651c616e23229a4a972a2094f49281e DependenciesID=c909f8c6a65121a971da3658eac7cf7b StaticDependenciesID=c0251f123f56545e175e44a9c3bd92c1 
Number of updated asset objects reloaded before import = 0
Number of asset objects unloaded after import = 1
========================================================================
Received Import Request.
  Time of request: 2026-09-29T13:57:02.4767344Z
  Time since last request: 0.0002199 seconds.
  importAddress: GUID: c82e859b16636ddd2ca4a1f63fd34938 - Path: Packages/com.unity.modules.androidjni/package.ModuleCompilationTrigger - Importer: ScriptedImporter/UnityEditor.QuickSearchModule:UnityEditor.Search:ASIAI0B
Importing 'GUID: c82e859b16636ddd2ca4a1f63fd34938 - Path: Packages/com.unity.modules.androidjni/package.ModuleCompilationTrigger - Importer: ScriptedImporter/UnityEditor.QuickSearchModule:UnityEditor.Search:ASIAI0B' with importer (ScriptedImporter : UnityEditor.QuickSearchModule:UnityEditor.Search:ASIAI0B)
Imported 'GUID: c82e859b16636ddd2ca4a1f63fd34938' -> (Import Result ID: 'abc1f845fd47bf90f48bbd6ebe581926') in 0.004 seconds [static and dynamic dependencies]. Details - ImportResultOutputID=75ee69f41a3ae50d76e1664eeb357990 DependenciesID=15ceb2d158639abc81ac6012baab6d32 StaticDependenciesID=3c85765e871405360eb6bfd56717e9d9 
Number of updated asset objects reloaded before import = 0
Number of asset objects unloaded after import = 1
========================================================================
Received Import Request.
  Time of request: 2026-09-29T13:57:02.4817445Z
  Time since last request: 0.0002831 seconds.
  importAddress: GUID: 0423146d9f51c4563a0f2a8200b6cd38 - Path: Packages/com.unity.multiplayer.center/Editor/MultiplayerCenterWindow/UI/Icons/PackageInstalled@2x.png - Importer: ScriptedImporter/UnityEditor.QuickSearchModule:UnityEditor.Search:ASIAI0B
Importing 'GUID: 0423146d9f51c4563a0f2a8200b6cd38 - Path: Packages/com.unity.multiplayer.center/Editor/MultiplayerCenterWindow/UI/Icons/PackageInstalled@2x.png - Importer: ScriptedImporter/UnityEditor.QuickSearchModule:UnityEditor.Search:ASIAI0B' with importer (ScriptedImporter : UnityEditor.QuickSearchModule:UnityEditor.Search:ASIAI0B)
Imported 'GUID: 0423146d9f51c4563a0f2a8200b6cd38' -> (Import Result ID: '9649976a144e3c4bbfa700a44f95fcf9') in 0.012 seconds [static and dynamic dependencies]. Details - ImportResultOutputID=190d6a4e665e32cc5cc8c059e573ea39 DependenciesID=458d3609582f70601b067ba2a696004a StaticDependenciesID=b8b968fc5596f1db774620a7cbbdd8f1 
Number of updated asset objects reloaded before import = 0
Number of asset objects unloaded after import = 1
========================================================================
Received Import Request.
  Time of request: 2026-09-29T13:57:02.4951591Z
  Time since last request: 0.0004164 seconds.
  importAddress: GUID: 4c413a81cadcce7038e446e56570117e - Path: Packages/com.unity.modules.adaptiveperformance/package.json - Importer: ScriptedImporter/UnityEditor.QuickSearchModule:UnityEditor.Search:ASIAI0B
Importing 'GUID: 4c413a81cadcce7038e446e56570117e - Path: Packages/com.unity.modules.adaptiveperformance/package.json - Importer: ScriptedImporter/UnityEditor.QuickSearchModule:UnityEditor.Search:ASIAI0B' with importer (ScriptedImporter : UnityEditor.QuickSearchModule:UnityEditor.Search:ASIAI0B)
Imported 'GUID: 4c413a81cadcce7038e446e56570117e' -> (Import Result ID: '5ee32d99b1ec823777fc1eb9395cd87f') in 0.005 seconds [static and dynamic dependencies]. Details - ImportResultOutputID=df65d63d4eb3a8bcf0a467b99c3e9c66 DependenciesID=0522fdef959f075715f8240f84a74a1c StaticDependenciesID=7940d73867baf2fb14393bf86bb7e0f8 
Number of updated asset objects reloaded before import = 0
Number of asset objects unloaded after import = 1
========================================================================
Received Import Request.
  Time of request: 2026-09-29T13:57:02.5009087Z
  Time since last request: 0.0003132 seconds.
  importAddress: GUID: 8d4bc6bfa28760b29f13174d6b6ea710 - Path: Packages/com.unity.modules.subsystems/package.ModuleCompilationTrigger - Importer: ScriptedImporter/UnityEditor.QuickSearchModule:UnityEditor.Search:ASIAI0B
Importing 'GUID: 8d4bc6bfa28760b29f13174d6b6ea710 - Path: Packages/com.unity.modules.subsystems/package.ModuleCompilationTrigger - Importer: ScriptedImporter/UnityEditor.QuickSearchModule:UnityEditor.Search:ASIAI0B' with importer (ScriptedImporter : UnityEditor.QuickSearchModule:UnityEditor.Search:ASIAI0B)
Imported 'GUID: 8d4bc6bfa28760b29f13174d6b6ea710' -> (Import Result ID: 'dd5e36145c09b2a12e1a75b7a4c3033a') in 0.005 seconds [static and dynamic dependencies]. Details - ImportResultOutputID=53dc5616a98091d5747daf84e8a45c89 DependenciesID=e8246deba088f5278f08ba7a5f1bc462 StaticDependenciesID=569c3bbc6c705a7e74b59b6b04cd2a88 
Number of updated asset objects reloaded before import = 0
Number of asset objects unloaded after import = 1
========================================================================
Received Import Request.
  Time of request: 2026-09-29T13:57:02.5067538Z
  Time since last request: 0.0003441 seconds.
  importAddress: GUID: 082fbee38a82835433261a5e9c00e267 - Path: Packages/com.unity.modules.cloth/package.ModuleCompilationTrigger - Importer: ScriptedImporter/UnityEditor.QuickSearchModule:UnityEditor.Search:ASIAI0B
Importing 'GUID: 082fbee38a82835433261a5e9c00e267 - Path: Packages/com.unity.modules.cloth/package.ModuleCompilationTrigger - Importer: ScriptedImporter/UnityEditor.QuickSearchModule:UnityEditor.Search:ASIAI0B' with importer (ScriptedImporter : UnityEditor.QuickSearchModule:UnityEditor.Search:ASIAI0B)
Imported 'GUID: 082fbee38a82835433261a5e9c00e267' -> (Import Result ID: '53f9cec913d5f182e58abf51ecc79a41') in 0.005 seconds [static and dynamic dependencies]. Details - ImportResultOutputID=5de647410c234a6373a599ed61476ebf DependenciesID=6c464e779d573d558278c25ac805e934 StaticDependenciesID=88a1ddda8b89766c5359df6f48efd9a6 
Number of updated asset objects reloaded before import = 0
Number of asset objects unloaded after import = 1
========================================================================
Received Import Request.
  Time of request: 2026-09-29T13:57:02.5125851Z
  Time since last request: 0.0006183 seconds.
  importAddress: GUID: 51fa60bb2bd1e5bc74e8cc95a7bfd5b7 - Path: Packages/com.unity.modules.ui/package.ModuleCompilationTrigger - Importer: ScriptedImporter/UnityEditor.QuickSearchModule:UnityEditor.Search:ASIAI0B
Importing 'GUID: 51fa60bb2bd1e5bc74e8cc95a7bfd5b7 - Path: Packages/com.unity.modules.ui/package.ModuleCompilationTrigger - Importer: ScriptedImporter/UnityEditor.QuickSearchModule:UnityEditor.Search:ASIAI0B' with importer (ScriptedImporter : UnityEditor.QuickSearchModule:UnityEditor.Search:ASIAI0B)
Imported 'GUID: 51fa60bb2bd1e5bc74e8cc95a7bfd5b7' -> (Import Result ID: 'a2d340183be5fcf859742f28930235a2') in 0.005 seconds [static and dynamic dependencies]. Details - ImportResultOutputID=5d1436beb3c1af243cd2002051057eac DependenciesID=597d32e37f6557ebfd049b5460075418 StaticDependenciesID=d430922f28c211a71b68c77eb4a36b35 
Number of updated asset objects reloaded before import = 0
Number of asset objects unloaded after import = 1
========================================================================
Received Import Request.
  Time of request: 2026-09-29T13:57:02.5187405Z
  Time since last request: 0.0004593 seconds.
  importAddress: GUID: 424a8de5def3b46dcb08edd00ad1c7bd - Path: Packages/com.unity.multiplayer.center/Editor/MultiplayerCenterWindow/UI/Icons/Loading.png - Importer: ScriptedImporter/UnityEditor.QuickSearchModule:UnityEditor.Search:ASIAI0B
Importing 'GUID: 424a8de5def3b46dcb08edd00ad1c7bd - Path: Packages/com.unity.multiplayer.center/Editor/MultiplayerCenterWindow/UI/Icons/Loading.png - Importer: ScriptedImporter/UnityEditor.QuickSearchModule:UnityEditor.Search:ASIAI0B' with importer (ScriptedImporter : UnityEditor.QuickSearchModule:UnityEditor.Search:ASIAI0B)
Imported 'GUID: 424a8de5def3b46dcb08edd00ad1c7bd' -> (Import Result ID: '8e90f990328dc7af40a9c0ef57343b11') in 0.013 seconds [static and dynamic dependencies]. Details - ImportResultOutputID=138df370f0f158646709b879058fd807 DependenciesID=9c9e1147231a76a1e866d51c75c4964b StaticDependenciesID=a113de49139d94e7b3d884910f075426 
Number of updated asset objects reloaded before import = 0
Number of asset objects unloaded after import = 1
========================================================================
Received Import Request.
  Time of request: 2026-09-29T13:57:02.5320818Z
  Time since last request: 0.0003705 seconds.
  importAddress: GUID: 17f093324b67f5bd57e55b546736750e - Path: Packages/com.unity.modules.particlesystem/package.ModuleCompilationTrigger - Importer: ScriptedImporter/UnityEditor.QuickSearchModule:UnityEditor.Search:ASIAI0B
Importing 'GUID: 17f093324b67f5bd57e55b546736750e - Path: Packages/com.unity.modules.particlesystem/package.ModuleCompilationTrigger - Importer: ScriptedImporter/UnityEditor.QuickSearchModule:UnityEditor.Search:ASIAI0B' with importer (ScriptedImporter : UnityEditor.QuickSearchModule:UnityEditor.Search:ASIAI0B)
Imported 'GUID: 17f093324b67f5bd57e55b546736750e' -> (Import Result ID: '5e298c5b8533e7fc2919b7f0b38e1f53') in 0.005 seconds [static and dynamic dependencies]. Details - ImportResultOutputID=aa3b765c14f838666eafaa5344595617 DependenciesID=9e7418bc7662d7a179d81afc10ffa9dd StaticDependenciesID=43d1286c8a495a5366ac3881b722e1a0 
Number of updated asset objects reloaded before import = 0
Number of asset objects unloaded after import = 1
========================================================================
Received Import Request.
  Time of request: 2026-09-29T13:57:02.5378485Z
  Time since last request: 0.0003583 seconds.
  importAddress: GUID: 87d720faa37005c08600090e04d8c739 - Path: Packages/com.unity.modules.particlesystem/package.json - Importer: ScriptedImporter/UnityEditor.QuickSearchModule:UnityEditor.Search:ASIAI0B
Importing 'GUID: 87d720faa37005c08600090e04d8c739 - Path: Packages/com.unity.modules.particlesystem/package.json - Importer: ScriptedImporter/UnityEditor.QuickSearchModule:UnityEditor.Search:ASIAI0B' with importer (ScriptedImporter : UnityEditor.QuickSearchModule:UnityEditor.Search:ASIAI0B)
Imported 'GUID: 87d720faa37005c08600090e04d8c739' -> (Import Result ID: '3dd2f9e15e6fd1a96a4df4d6bdcffe4e') in 0.006 seconds [static and dynamic dependencies]. Details - ImportResultOutputID=005f30a72d6fd1054ec8484951f91ef8 DependenciesID=16601a0d583a68121c247125436b68be StaticDependenciesID=5ede4ba35b12b052d735c01b212ebba6 
Number of updated asset objects reloaded before import = 0
Number of asset objects unloaded after import = 1
========================================================================
Received Import Request.
  Time of request: 2026-09-29T13:57:02.5449444Z
  Time since last request: 0.0000258 seconds.
  importAddress: GUID: 83b28bcaaf34b4fd580114fb05d9f160 - Path: Packages/com.unity.multiplayer.center/Editor/MultiplayerCenterWindow/UI/Icons/NGO@2x.png - Importer: ScriptedImporter/UnityEditor.QuickSearchModule:UnityEditor.Search:ASIAI0B
Importing 'GUID: 83b28bcaaf34b4fd580114fb05d9f160 - Path: Packages/com.unity.multiplayer.center/Editor/MultiplayerCenterWindow/UI/Icons/NGO@2x.png - Importer: ScriptedImporter/UnityEditor.QuickSearchModule:UnityEditor.Search:ASIAI0B' with importer (ScriptedImporter : UnityEditor.QuickSearchModule:UnityEditor.Search:ASIAI0B)
Imported 'GUID: 83b28bcaaf34b4fd580114fb05d9f160' -> (Import Result ID: '10d3fc20d2319eb282cfb3fc0fc6dd8a') in 0.013 seconds [static and dynamic dependencies]. Details - ImportResultOutputID=c1009aa3f04877b8efb33b2e5964c041 DependenciesID=8513c83985a9ffebadc1da35fa09b04b StaticDependenciesID=186a0fb58d5f65b966ba7a09d7a76845 
Number of updated asset objects reloaded before import = 0
Number of asset objects unloaded after import = 1
========================================================================
Received Import Request.
  Time of request: 2026-09-29T13:57:02.5582147Z
  Time since last request: 0.000425 seconds.
  importAddress: GUID: e2d09a26ce46dc617b54e49a534ace20 - Path: Packages/com.unity.modules.ai/package.ModuleCompilationTrigger - Importer: ScriptedImporter/UnityEditor.QuickSearchModule:UnityEditor.Search:ASIAI0B
Importing 'GUID: e2d09a26ce46dc617b54e49a534ace20 - Path: Packages/com.unity.modules.ai/package.ModuleCompilationTrigger - Importer: ScriptedImporter/UnityEditor.QuickSearchModule:UnityEditor.Search:ASIAI0B' with importer (ScriptedImporter : UnityEditor.QuickSearchModule:UnityEditor.Search:ASIAI0B)
Imported 'GUID: e2d09a26ce46dc617b54e49a534ace20' -> (Import Result ID: '6cbfc86ebfa47187d17dc931d6b1fd3e') in 0.005 seconds [static and dynamic dependencies]. Details - ImportResultOutputID=3bc1fda8553ee5dcd0cb835778834555 DependenciesID=1035214cb823621b25616822e4193abb StaticDependenciesID=de0e16b6698c943820e262034e0a0b92 
Number of updated asset objects reloaded before import = 0
Number of asset objects unloaded after import = 1
========================================================================
Received Import Request.
  Time of request: 2026-09-29T13:57:02.5641396Z
  Time since last request: 0.0000237 seconds.
  importAddress: GUID: c88e90bad18cceb5d182d0c805883056 - Path: Packages/com.unity.modules.director/package.ModuleCompilationTrigger - Importer: ScriptedImporter/UnityEditor.QuickSearchModule:UnityEditor.Search:ASIAI0B
Importing 'GUID: c88e90bad18cceb5d182d0c805883056 - Path: Packages/com.unity.modules.director/package.ModuleCompilationTrigger - Importer: ScriptedImporter/UnityEditor.QuickSearchModule:UnityEditor.Search:ASIAI0B' with importer (ScriptedImporter : UnityEditor.QuickSearchModule:UnityEditor.Search:ASIAI0B)
Imported 'GUID: c88e90bad18cceb5d182d0c805883056' -> (Import Result ID: 'f1a13b092998134b57a878ed44000f2f') in 0.005 seconds [static and dynamic dependencies]. Details - ImportResultOutputID=f04a92617ed728d4f4ab20b5cb592f75 DependenciesID=661a6a9167d205b7fec5f802ed56672d StaticDependenciesID=b9553544096cd428095952b321ff59d9 
Number of updated asset objects reloaded before import = 0
Number of asset objects unloaded after import = 1
========================================================================
Received Import Request.
  Time of request: 2026-09-29T13:57:02.5709812Z
  Time since last request: 0.0001975 seconds.
  importAddress: GUID: dd70cd654275d47db807e918055e004f - Path: Packages/com.unity.multiplayer.center/Editor/MultiplayerCenterWindow/UI/Icons/Questionnaire.png - Importer: ScriptedImporter/UnityEditor.QuickSearchModule:UnityEditor.Search:ASIAI0B
Importing 'GUID: dd70cd654275d47db807e918055e004f - Path: Packages/com.unity.multiplayer.center/Editor/MultiplayerCenterWindow/UI/Icons/Questionnaire.png - Importer: ScriptedImporter/UnityEditor.QuickSearchModule:UnityEditor.Search:ASIAI0B' with importer (ScriptedImporter : UnityEditor.QuickSearchModule:UnityEditor.Search:ASIAI0B)
Imported 'GUID: dd70cd654275d47db807e918055e004f' -> (Import Result ID: '16b47be4ac31ab6218ba2dedaea92b6e') in 0.013 seconds [static and dynamic dependencies]. Details - ImportResultOutputID=ccb5c9eabefcf5789fcd02de2da33315 DependenciesID=5da5327a5040e98d13540d01071e51a4 StaticDependenciesID=f540ff7dd05132686cedd5dd4610aefe 
Number of updated asset objects reloaded before import = 0
Number of asset objects unloaded after import = 1
========================================================================
Received Import Request.
  Time of request: 2026-09-29T13:57:02.5846179Z
  Time since last request: 0.0003339 seconds.
  importAddress: GUID: 906c12bc9cd95d3963c6d58f62522c78 - Path: Packages/com.unity.modules.cloth/package.json - Importer: ScriptedImporter/UnityEditor.QuickSearchModule:UnityEditor.Search:ASIAI0B
Importing 'GUID: 906c12bc9cd95d3963c6d58f62522c78 - Path: Packages/com.unity.modules.cloth/package.json - Importer: ScriptedImporter/UnityEditor.QuickSearchModule:UnityEditor.Search:ASIAI0B' with importer (ScriptedImporter : UnityEditor.QuickSearchModule:UnityEditor.Search:ASIAI0B)
Imported 'GUID: 906c12bc9cd95d3963c6d58f62522c78' -> (Import Result ID: '2d40ac668a4e9abd8b4706b51924fd4a') in 0.005 seconds [static and dynamic dependencies]. Details - ImportResultOutputID=d106750b02f007c5866a3f20295b57ea DependenciesID=5af902cac4117455f8eef68c527b4efa StaticDependenciesID=8b26a6fd47f8403fbc39887a08c6c291 
Number of updated asset objects reloaded before import = 0
Number of asset objects unloaded after import = 1
========================================================================
Received Import Request.
  Time of request: 2026-09-29T13:57:02.5899673Z
  Time since last request: 0.0004232 seconds.
  importAddress: GUID: a2c71c02b50345e99168bda191ec01b4 - Path: Packages/com.unity.multiplayer.center/Editor/MultiplayerCenterWindow/UI/RecommendationView/RecommendationView.cs - Importer: ScriptedImporter/UnityEditor.QuickSearchModule:UnityEditor.Search:ASIAI0B
Importing 'GUID: a2c71c02b50345e99168bda191ec01b4 - Path: Packages/com.unity.multiplayer.center/Editor/MultiplayerCenterWindow/UI/RecommendationView/RecommendationView.cs - Importer: ScriptedImporter/UnityEditor.QuickSearchModule:UnityEditor.Search:ASIAI0B' with importer (ScriptedImporter : UnityEditor.QuickSearchModule:UnityEditor.Search:ASIAI0B)
Imported 'GUID: a2c71c02b50345e99168bda191ec01b4' -> (Import Result ID: '251b157af04dfe19eb98f6e937506c0b') in 0.012 seconds [static and dynamic dependencies]. Details - ImportResultOutputID=77d61c06b9e23e34df81aaac84f6534a DependenciesID=2570c5d370ac8985113efb3e03ff846b StaticDependenciesID=c25869886ab8186974bc707f6a32a844 
Number of updated asset objects reloaded before import = 0
Number of asset objects unloaded after import = 0
========================================================================
Received Import Request.
  Time of request: 2026-09-29T13:57:02.6027213Z
  Time since last request: 0.0002481 seconds.
  importAddress: GUID: 1af35a910338381f753e8a985eb5daab - Path: Packages/com.unity.modules.adaptiveperformance/package.ModuleCompilationTrigger - Importer: ScriptedImporter/UnityEditor.QuickSearchModule:UnityEditor.Search:ASIAI0B
Importing 'GUID: 1af35a910338381f753e8a985eb5daab - Path: Packages/com.unity.modules.adaptiveperformance/package.ModuleCompilationTrigger - Importer: ScriptedImporter/UnityEditor.QuickSearchModule:UnityEditor.Search:ASIAI0B' with importer (ScriptedImporter : UnityEditor.QuickSearchModule:UnityEditor.Search:ASIAI0B)
Imported 'GUID: 1af35a910338381f753e8a985eb5daab' -> (Import Result ID: '4927506d84dfbe2410052e4a13009408') in 0.006 seconds [static and dynamic dependencies]. Details - ImportResultOutputID=47e8c11867df620ff70a804c741b8468 DependenciesID=045fa7ad7781343838abebca4d4ec0ea StaticDependenciesID=8189203b1cab84e876f3f0a02e2b20da 
Number of updated asset objects reloaded before import = 0
Number of asset objects unloaded after import = 1
========================================================================
Received Import Request.
  Time of request: 2026-09-29T13:57:02.6093Z
  Time since last request: 0.0003705 seconds.
  importAddress: GUID: 43674d438e19b89d7fe6af07234f3252 - Path: Packages/com.unity.modules.accessibility/package.json - Importer: ScriptedImporter/UnityEditor.QuickSearchModule:UnityEditor.Search:ASIAI0B
Importing 'GUID: 43674d438e19b89d7fe6af07234f3252 - Path: Packages/com.unity.modules.accessibility/package.json - Importer: ScriptedImporter/UnityEditor.QuickSearchModule:UnityEditor.Search:ASIAI0B' with importer (ScriptedImporter : UnityEditor.QuickSearchModule:UnityEditor.Search:ASIAI0B)
Imported 'GUID: 43674d438e19b89d7fe6af07234f3252' -> (Import Result ID: 'd5e1c2a696d21e5902c73c4e7fcf7e7c') in 0.012 seconds [static and dynamic dependencies]. Details - ImportResultOutputID=c9b5e8ba5a85e787ee17c78dad718261 DependenciesID=05e43597791aae7eff98c559906b51b0 StaticDependenciesID=037655a9c50dc1bb97a2cc078a92fcf1 
Number of updated asset objects reloaded before import = 0
Number of asset objects unloaded after import = 1
========================================================================
Received Import Request.
  Time of request: 2026-09-29T13:57:02.6222472Z
  Time since last request: 0.0001631 seconds.
  importAddress: GUID: 2adec19fac7df68adf1fd6eb83197bb1 - Path: Packages/com.unity.modules.wind/package.ModuleCompilationTrigger - Importer: ScriptedImporter/UnityEditor.QuickSearchModule:UnityEditor.Search:ASIAI0B
Importing 'GUID: 2adec19fac7df68adf1fd6eb83197bb1 - Path: Packages/com.unity.modules.wind/package.ModuleCompilationTrigger - Importer: ScriptedImporter/UnityEditor.QuickSearchModule:UnityEditor.Search:ASIAI0B' with importer (ScriptedImporter : UnityEditor.QuickSearchModule:UnityEditor.Search:ASIAI0B)
Imported 'GUID: 2adec19fac7df68adf1fd6eb83197bb1' -> (Import Result ID: '4a4bc92f3db300951c802caf472e5ec9') in 0.005 seconds [static and dynamic dependencies]. Details - ImportResultOutputID=1ff4140cd11bb9944e8291ff33866fc0 DependenciesID=28278c9ceb0a6a617e556612d76e1fe8 StaticDependenciesID=958681de67dfe767159dedd7d55526a9 
Number of updated asset objects reloaded before import = 0
Number of asset objects unloaded after import = 1
========================================================================
Received Import Request.
  Time of request: 2026-09-29T13:57:02.6281736Z
  Time since last request: 0.0003279 seconds.
  importAddress: GUID: bfd567a3d1631a761bca9e99fa53d86d - Path: Packages/com.unity.modules.ui/package.json - Importer: ScriptedImporter/UnityEditor.QuickSearchModule:UnityEditor.Search:ASIAI0B
Importing 'GUID: bfd567a3d1631a761bca9e99fa53d86d - Path: Packages/com.unity.modules.ui/package.json - Importer: ScriptedImporter/UnityEditor.QuickSearchModule:UnityEditor.Search:ASIAI0B' with importer (ScriptedImporter : UnityEditor.QuickSearchModule:UnityEditor.Search:ASIAI0B)
Imported 'GUID: bfd567a3d1631a761bca9e99fa53d86d' -> (Import Result ID: 'b7b20411e784c850a4a8f5d733b4d01e') in 0.006 seconds [static and dynamic dependencies]. Details - ImportResultOutputID=a387cfcc4ec4c080bd9409b05b641cb3 DependenciesID=81cf9cca0b0c4b51d58de28dc4cb993b StaticDependenciesID=eb56d7a43481864f19527ece3cab670b 
Number of updated asset objects reloaded before import = 0
Number of asset objects unloaded after import = 1
========================================================================
Received Import Request.
  Time of request: 2026-09-29T13:57:02.6354868Z
  Time since last request: 0.000432 seconds.
  importAddress: GUID: d104359075a97392b803d3d5aebc77f7 - Path: Packages/com.unity.modules.hierarchycore/package.ModuleCompilationTrigger - Importer: ScriptedImporter/UnityEditor.QuickSearchModule:UnityEditor.Search:ASIAI0B
Importing 'GUID: d104359075a97392b803d3d5aebc77f7 - Path: Packages/com.unity.modules.hierarchycore/package.ModuleCompilationTrigger - Importer: ScriptedImporter/UnityEditor.QuickSearchModule:UnityEditor.Search:ASIAI0B' with importer (ScriptedImporter : UnityEditor.QuickSearchModule:UnityEditor.Search:ASIAI0B)
Imported 'GUID: d104359075a97392b803d3d5aebc77f7' -> (Import Result ID: '07c2b806f1a358bc46e8bd0c9f43b456') in 0.006 seconds [static and dynamic dependencies]. Details - ImportResultOutputID=b734667f86e41aa52c69d5114a74a699 DependenciesID=83184813ffa13f062e2fc2ca9b238ad7 StaticDependenciesID=777bf9f5a809c118b4172931b316133a 
Number of updated asset objects reloaded before import = 0
Number of asset objects unloaded after import = 1
========================================================================
Received Import Request.
  Time of request: 2026-09-29T13:57:02.6427441Z
  Time since last request: 0.0002535 seconds.
  importAddress: GUID: f62135e79edb837b2d2ee3c524da864c - Path: Packages/com.unity.modules.video/package.ModuleCompilationTrigger - Importer: ScriptedImporter/UnityEditor.QuickSearchModule:UnityEditor.Search:ASIAI0B
Importing 'GUID: f62135e79edb837b2d2ee3c524da864c - Path: Packages/com.unity.modules.video/package.ModuleCompilationTrigger - Importer: ScriptedImporter/UnityEditor.QuickSearchModule:UnityEditor.Search:ASIAI0B' with importer (ScriptedImporter : UnityEditor.QuickSearchModule:UnityEditor.Search:ASIAI0B)
Imported 'GUID: f62135e79edb837b2d2ee3c524da864c' -> (Import Result ID: 'd59b1df3c0f120365c7d0efd9e51383b') in 0.005 seconds [static and dynamic dependencies]. Details - ImportResultOutputID=31a3efa266b1d4f4a630f1e8a0c0ba5d DependenciesID=706c3af2c691725a8b7b6aee4b13403a StaticDependenciesID=77f880c9639ef67321a05e3418e574a7 
Number of updated asset objects reloaded before import = 0
Number of asset objects unloaded after import = 1
========================================================================
Received Import Request.
  Time of request: 2026-09-29T13:57:02.6480643Z
  Time since last request: 0.0003719 seconds.
  importAddress: GUID: 4616b2fa4acd1429e931835b80966c2a - Path: Packages/com.unity.multiplayer.center/Editor/MultiplayerCenterWindow/UI/Icons/PackageInstalled.png - Importer: ScriptedImporter/UnityEditor.QuickSearchModule:UnityEditor.Search:ASIAI0B
Importing 'GUID: 4616b2fa4acd1429e931835b80966c2a - Path: Packages/com.unity.multiplayer.center/Editor/MultiplayerCenterWindow/UI/Icons/PackageInstalled.png - Importer: ScriptedImporter/UnityEditor.QuickSearchModule:UnityEditor.Search:ASIAI0B' with importer (ScriptedImporter : UnityEditor.QuickSearchModule:UnityEditor.Search:ASIAI0B)
Imported 'GUID: 4616b2fa4acd1429e931835b80966c2a' -> (Import Result ID: 'd0763ce762331e08cf722066b0898da6') in 0.013 seconds [static and dynamic dependencies]. Details - ImportResultOutputID=bdf0bf92937f29150b1401ea10e55a5c DependenciesID=112aea884fe5abdbb817c5b697986204 StaticDependenciesID=a41e42d29cc9b29a4873d0074c0d3770 
Number of updated asset objects reloaded before import = 0
Number of asset objects unloaded after import = 1
========================================================================
Received Import Request.
  Time of request: 2026-09-29T13:57:02.6617225Z
  Time since last request: 0.0003842 seconds.
  importAddress: GUID: f7a8357347c80dc69c08d0b1a05e2122 - Path: Packages/com.unity.modules.physics2d/package.json - Importer: ScriptedImporter/UnityEditor.QuickSearchModule:UnityEditor.Search:ASIAI0B
Importing 'GUID: f7a8357347c80dc69c08d0b1a05e2122 - Path: Packages/com.unity.modules.physics2d/package.json - Importer: ScriptedImporter/UnityEditor.QuickSearchModule:UnityEditor.Search:ASIAI0B' with importer (ScriptedImporter : UnityEditor.QuickSearchModule:UnityEditor.Search:ASIAI0B)
Imported 'GUID: f7a8357347c80dc69c08d0b1a05e2122' -> (Import Result ID: 'f6aad7af793cfa6ff3542e2ff192bb13') in 0.006 seconds [static and dynamic dependencies]. Details - ImportResultOutputID=9e76559eca437fa509518c94e351a24b DependenciesID=9ccd2045371a0cad3ea3a29568ee3c14 StaticDependenciesID=99e97b2da3a6c93e6e8d10ac4c913cff 
Number of updated asset objects reloaded before import = 0
Number of asset objects unloaded after import = 1
========================================================================
Received Import Request.
  Time of request: 2026-09-29T13:57:02.6683737Z
  Time since last request: 0.0002459 seconds.
  importAddress: GUID: 05f7f519769978b79b31d063a7fc6fa1 - Path: Packages/com.unity.modules.unitywebrequestassetbundle/package.json - Importer: ScriptedImporter/UnityEditor.QuickSearchModule:UnityEditor.Search:ASIAI0B
Importing 'GUID: 05f7f519769978b79b31d063a7fc6fa1 - Path: Packages/com.unity.modules.unitywebrequestassetbundle/package.json - Importer: ScriptedImporter/UnityEditor.QuickSearchModule:UnityEditor.Search:ASIAI0B' with importer (ScriptedImporter : UnityEditor.QuickSearchModule:UnityEditor.Search:ASIAI0B)
Imported 'GUID: 05f7f519769978b79b31d063a7fc6fa1' -> (Import Result ID: 'ffc268b2ad72dc37ea75ee8d29323136') in 0.007 seconds [static and dynamic dependencies]. Details - ImportResultOutputID=44170cca67b57c67b98793702f8210da DependenciesID=951c33b8d7927e4ca72361149b13434e StaticDependenciesID=72deb678d61652e5c51ef7d01fbf0602 
Number of updated asset objects reloaded before import = 0
Number of asset objects unloaded after import = 1
========================================================================
Received Import Request.
  Time of request: 2026-09-29T13:57:02.6762777Z
  Time since last request: 0.0002107 seconds.
  importAddress: GUID: e9669051ff70449b5923861e0e0b8838 - Path: Packages/com.unity.multiplayer.center/Editor/MultiplayerCenterWindow/UI/Icons/N4E.png - Importer: ScriptedImporter/UnityEditor.QuickSearchModule:UnityEditor.Search:ASIAI0B
Importing 'GUID: e9669051ff70449b5923861e0e0b8838 - Path: Packages/com.unity.multiplayer.center/Editor/MultiplayerCenterWindow/UI/Icons/N4E.png - Importer: ScriptedImporter/UnityEditor.QuickSearchModule:UnityEditor.Search:ASIAI0B' with importer (ScriptedImporter : UnityEditor.QuickSearchModule:UnityEditor.Search:ASIAI0B)
Imported 'GUID: e9669051ff70449b5923861e0e0b8838' -> (Import Result ID: 'a28970493b5b01588780719abf1bed86') in 0.012 seconds [static and dynamic dependencies]. Details - ImportResultOutputID=2a3f488d1f1c6df5e3a03b036bb68526 DependenciesID=e720f457198695aa2b03f2888f1e1351 StaticDependenciesID=7e943d6bfe3718c548bd7a4742ae247a 
Number of updated asset objects reloaded before import = 0
Number of asset objects unloaded after import = 1
========================================================================
Received Import Request.
  Time of request: 2026-09-29T13:57:02.6894271Z
  Time since last request: 0.0003449 seconds.
  importAddress: GUID: 5c1ee4056d0ac7ad3c5a16597fcaa38a - Path: Packages/com.unity.modules.physics/package.ModuleCompilationTrigger - Importer: ScriptedImporter/UnityEditor.QuickSearchModule:UnityEditor.Search:ASIAI0B
Importing 'GUID: 5c1ee4056d0ac7ad3c5a16597fcaa38a - Path: Packages/com.unity.modules.physics/package.ModuleCompilationTrigger - Importer: ScriptedImporter/UnityEditor.QuickSearchModule:UnityEditor.Search:ASIAI0B' with importer (ScriptedImporter : UnityEditor.QuickSearchModule:UnityEditor.Search:ASIAI0B)
Imported 'GUID: 5c1ee4056d0ac7ad3c5a16597fcaa38a' -> (Import Result ID: '3d7a5938da24b7e3493c9d8294010ddd') in 0.004 seconds [static and dynamic dependencies]. Details - ImportResultOutputID=de41bdf7573466bc4ef5780b79f4ac14 DependenciesID=cb934ef64b91b7f8225d1238d072ad7a StaticDependenciesID=a840f9a988ea0c472996846c059a3e0b 
Number of updated asset objects reloaded before import = 0
Number of asset objects unloaded after import = 1
========================================================================
Received Import Request.
  Time of request: 2026-09-29T13:57:02.6939982Z
  Time since last request: 0.0003607 seconds.
  importAddress: GUID: 1daed49eec0f94f7ebb36dfef6159884 - Path: Packages/com.unity.multiplayer.center/Editor/MultiplayerCenterWindow/UI/Icons/NoNetcode.png - Importer: ScriptedImporter/UnityEditor.QuickSearchModule:UnityEditor.Search:ASIAI0B
Importing 'GUID: 1daed49eec0f94f7ebb36dfef6159884 - Path: Packages/com.unity.multiplayer.center/Editor/MultiplayerCenterWindow/UI/Icons/NoNetcode.png - Importer: ScriptedImporter/UnityEditor.QuickSearchModule:UnityEditor.Search:ASIAI0B' with importer (ScriptedImporter : UnityEditor.QuickSearchModule:UnityEditor.Search:ASIAI0B)
Imported 'GUID: 1daed49eec0f94f7ebb36dfef6159884' -> (Import Result ID: '565484ca6ce5f1366729436e5e78500e') in 0.013 seconds [static and dynamic dependencies]. Details - ImportResultOutputID=05977281737f8d4bd34026a7f30d0edf DependenciesID=ddba7cb5225ced0fe1c3f932846608e6 StaticDependenciesID=d37b9b0318743a3888abd2461e39d199 
Number of updated asset objects reloaded before import = 0
Number of asset objects unloaded after import = 1
========================================================================
Received Import Request.
  Time of request: 2026-09-29T13:57:02.7080153Z
  Time since last request: 0.0002969 seconds.
  importAddress: GUID: e5c46c19ce0ce2e0103aa6f82df1043a - Path: Packages/com.unity.modules.vehicles/package.ModuleCompilationTrigger - Importer: ScriptedImporter/UnityEditor.QuickSearchModule:UnityEditor.Search:ASIAI0B
Importing 'GUID: e5c46c19ce0ce2e0103aa6f82df1043a - Path: Packages/com.unity.modules.vehicles/package.ModuleCompilationTrigger - Importer: ScriptedImporter/UnityEditor.QuickSearchModule:UnityEditor.Search:ASIAI0B' with importer (ScriptedImporter : UnityEditor.QuickSearchModule:UnityEditor.Search:ASIAI0B)
Imported 'GUID: e5c46c19ce0ce2e0103aa6f82df1043a' -> (Import Result ID: 'f29f93a03ba6ddb0cf867f86c10fbd5c') in 0.008 seconds [static and dynamic dependencies]. Details - ImportResultOutputID=292210ccfaad2c344a695143c38f1c4f DependenciesID=ef1dece6946ff18201b056891752ca42 StaticDependenciesID=d9e265e50840c485b23c82ea55fd048f 
Number of updated asset objects reloaded before import = 0
Number of asset objects unloaded after import = 1
========================================================================
Received Import Request.
  Time of request: 2026-09-29T13:57:02.7170833Z
  Time since last request: 0.0002817 seconds.
  importAddress: GUID: 830a36a23cf3ab1e61fa47940a6dc35e - Path: Packages/com.unity.modules.imageconversion/package.ModuleCompilationTrigger - Importer: ScriptedImporter/UnityEditor.QuickSearchModule:UnityEditor.Search:ASIAI0B
Importing 'GUID: 830a36a23cf3ab1e61fa47940a6dc35e - Path: Packages/com.unity.modules.imageconversion/package.ModuleCompilationTrigger - Importer: ScriptedImporter/UnityEditor.QuickSearchModule:UnityEditor.Search:ASIAI0B' with importer (ScriptedImporter : UnityEditor.QuickSearchModule:UnityEditor.Search:ASIAI0B)
Imported 'GUID: 830a36a23cf3ab1e61fa47940a6dc35e' -> (Import Result ID: 'ad8de4078d0c512f83937f0868ddec67') in 0.006 seconds [static and dynamic dependencies]. Details - ImportResultOutputID=b4546beb77dea5079d42c2038a0b6a81 DependenciesID=38cf82cb7ffa21beb1715c9f32c5d883 StaticDependenciesID=3b9ee5531ac2f847fc383679976b6cdb 
Number of updated asset objects reloaded before import = 0
Number of asset objects unloaded after import = 1
========================================================================
Received Import Request.
  Time of request: 2026-09-29T13:57:02.7238778Z
  Time since last request: 0.0003841 seconds.
  importAddress: GUID: db8e609a39b9b231fccc54e5fa4cbd1b - Path: Packages/com.unity.modules.animation/package.ModuleCompilationTrigger - Importer: ScriptedImporter/UnityEditor.QuickSearchModule:UnityEditor.Search:ASIAI0B
Importing 'GUID: db8e609a39b9b231fccc54e5fa4cbd1b - Path: Packages/com.unity.modules.animation/package.ModuleCompilationTrigger - Importer: ScriptedImporter/UnityEditor.QuickSearchModule:UnityEditor.Search:ASIAI0B' with importer (ScriptedImporter : UnityEditor.QuickSearchModule:UnityEditor.Search:ASIAI0B)
Imported 'GUID: db8e609a39b9b231fccc54e5fa4cbd1b' -> (Import Result ID: '92808087b294918d366c55dc0f3a0b54') in 0.004 seconds [static and dynamic dependencies]. Details - ImportResultOutputID=c85c28111a9f372df5cd22f273a12b6e DependenciesID=bbd9936e29c923d86187d9f4a6f6d835 StaticDependenciesID=18c559ea1b684bdd6c130f5af90cb966 
Number of updated asset objects reloaded before import = 0
Number of asset objects unloaded after import = 1
========================================================================
Received Import Request.
  Time of request: 2026-09-29T13:57:02.7288748Z
  Time since last request: 0.0002194 seconds.
  importAddress: GUID: 953fab16d15d5885b3600fcd6388b2ad - Path: Packages/com.unity.modules.imageconversion/package.json - Importer: ScriptedImporter/UnityEditor.QuickSearchModule:UnityEditor.Search:ASIAI0B
Importing 'GUID: 953fab16d15d5885b3600fcd6388b2ad - Path: Packages/com.unity.modules.imageconversion/package.json - Importer: ScriptedImporter/UnityEditor.QuickSearchModule:UnityEditor.Search:ASIAI0B' with importer (ScriptedImporter : UnityEditor.QuickSearchModule:UnityEditor.Search:ASIAI0B)
Imported 'GUID: 953fab16d15d5885b3600fcd6388b2ad' -> (Import Result ID: 'a56a30425d8395dcf6c7c968332f0a93') in 0.005 seconds [static and dynamic dependencies]. Details - ImportResultOutputID=89378a488696891ae0bc7ddfd4bad340 DependenciesID=564154946aa208f8717234d5aa58cfc6 StaticDependenciesID=1cdad6f07a9b9deaa88a0817f342f551 
Number of updated asset objects reloaded before import = 0
Number of asset objects unloaded after import = 1
========================================================================
Received Import Request.
  Time of request: 2026-09-29T13:57:02.7349565Z
  Time since last request: 0.0003097 seconds.
  importAddress: GUID: 1a4266815e998967becf686f9c71f0a6 - Path: Packages/com.unity.modules.physics/package.json - Importer: ScriptedImporter/UnityEditor.QuickSearchModule:UnityEditor.Search:ASIAI0B
Importing 'GUID: 1a4266815e998967becf686f9c71f0a6 - Path: Packages/com.unity.modules.physics/package.json - Importer: ScriptedImporter/UnityEditor.QuickSearchModule:UnityEditor.Search:ASIAI0B' with importer (ScriptedImporter : UnityEditor.QuickSearchModule:UnityEditor.Search:ASIAI0B)
Imported 'GUID: 1a4266815e998967becf686f9c71f0a6' -> (Import Result ID: '87f174fe02ebcb4d14e6973cb65002b4') in 0.006 seconds [static and dynamic dependencies]. Details - ImportResultOutputID=948559d79310a1fe40a185f4775ce6c2 DependenciesID=95b674003f4c756a7acade05afc5a3dc StaticDependenciesID=274dac7d81e2b3adde6dd4102751edd5 
Number of updated asset objects reloaded before import = 0
Number of asset objects unloaded after import = 1
========================================================================
Received Import Request.
  Time of request: 2026-09-29T13:57:02.7415681Z
  Time since last request: 0.000426 seconds.
  importAddress: GUID: 6afb166a156df2d20433d981f4bb2832 - Path: Packages/com.unity.modules.vehicles/package.json - Importer: ScriptedImporter/UnityEditor.QuickSearchModule:UnityEditor.Search:ASIAI0B
Importing 'GUID: 6afb166a156df2d20433d981f4bb2832 - Path: Packages/com.unity.modules.vehicles/package.json - Importer: ScriptedImporter/UnityEditor.QuickSearchModule:UnityEditor.Search:ASIAI0B' with importer (ScriptedImporter : UnityEditor.QuickSearchModule:UnityEditor.Search:ASIAI0B)
Imported 'GUID: 6afb166a156df2d20433d981f4bb2832' -> (Import Result ID: 'e54b8b29741e6a12c0f1d9ef2de45873') in 0.006 seconds [static and dynamic dependencies]. Details - ImportResultOutputID=08571cfe1766e86f1880a5605d737bf6 DependenciesID=ebd2fb4877da9487b794885b894d8a93 StaticDependenciesID=26282f897037d7fbbde01816a59d34db 
Number of updated asset objects reloaded before import = 0
Number of asset objects unloaded after import = 1
========================================================================
Received Import Request.
  Time of request: 2026-09-29T13:57:02.7481535Z
  Time since last request: 0.0001 seconds.
  importAddress: GUID: ec02776fe29df900b897106d61977735 - Path: Packages/com.unity.modules.director/package.json - Importer: ScriptedImporter/UnityEditor.QuickSearchModule:UnityEditor.Search:ASIAI0B
Importing 'GUID: ec02776fe29df900b897106d61977735 - Path: Packages/com.unity.modules.director/package.json - Importer: ScriptedImporter/UnityEditor.QuickSearchModule:UnityEditor.Search:ASIAI0B' with importer (ScriptedImporter : UnityEditor.QuickSearchModule:UnityEditor.Search:ASIAI0B)
Imported 'GUID: ec02776fe29df900b897106d61977735' -> (Import Result ID: 'b54b0a37bb33339879faedd39141e513') in 0.004 seconds [static and dynamic dependencies]. Details - ImportResultOutputID=a0b682a04e70e208fea4aabb7a575b2e DependenciesID=0cc818965ad58818203c9fdf629e103f StaticDependenciesID=9c8015b3cb5d3832cc3059386072b4bf 
Number of updated asset objects reloaded before import = 0
Number of asset objects unloaded after import = 1
========================================================================
Received Import Request.
  Time of request: 2026-09-29T13:57:02.7530551Z
  Time since last request: 0.0003253 seconds.
  importAddress: GUID: b58a826ca804e4c67bab4283ad5a6102 - Path: Packages/com.unity.multiplayer.center/Editor/MultiplayerCenterWindow/UI/Icons/NoNetcode@2x.png - Importer: ScriptedImporter/UnityEditor.QuickSearchModule:UnityEditor.Search:ASIAI0B
Importing 'GUID: b58a826ca804e4c67bab4283ad5a6102 - Path: Packages/com.unity.multiplayer.center/Editor/MultiplayerCenterWindow/UI/Icons/NoNetcode@2x.png - Importer: ScriptedImporter/UnityEditor.QuickSearchModule:UnityEditor.Search:ASIAI0B' with importer (ScriptedImporter : UnityEditor.QuickSearchModule:UnityEditor.Search:ASIAI0B)
Imported 'GUID: b58a826ca804e4c67bab4283ad5a6102' -> (Import Result ID: '914ccf3a83f8e8cfcd3981844274b6ac') in 0.014 seconds [static and dynamic dependencies]. Details - ImportResultOutputID=f9af7c82b8dcb5cfd18f50cd6c316c32 DependenciesID=1499b98b7c6d04096773f1c6c88b9c3e StaticDependenciesID=e7298d1f14d551db47311055c13bd348 
Number of updated asset objects reloaded before import = 0
Number of asset objects unloaded after import = 1
========================================================================
Received Import Request.
  Time of request: 2026-09-29T13:57:02.7679836Z
  Time since last request: 0.0003018 seconds.
  importAddress: GUID: bd1af0a6633ee94ae21c7d1d702cdc12 - Path: Packages/com.unity.modules.androidjni/package.json - Importer: ScriptedImporter/UnityEditor.QuickSearchModule:UnityEditor.Search:ASIAI0B
Importing 'GUID: bd1af0a6633ee94ae21c7d1d702cdc12 - Path: Packages/com.unity.modules.androidjni/package.json - Importer: ScriptedImporter/UnityEditor.QuickSearchModule:UnityEditor.Search:ASIAI0B' with importer (ScriptedImporter : UnityEditor.QuickSearchModule:UnityEditor.Search:ASIAI0B)
Imported 'GUID: bd1af0a6633ee94ae21c7d1d702cdc12' -> (Import Result ID: '7507f3e5f33b39a7f43e4bd24efbf0a5') in 0.005 seconds [static and dynamic dependencies]. Details - ImportResultOutputID=05617f05552e034768dd9c19ca150367 DependenciesID=e5863674acb58382940b7481dead7769 StaticDependenciesID=dec2df146fdb7efdce1e5a2dc0156c94 
Number of updated asset objects reloaded before import = 0
Number of asset objects unloaded after import = 1
========================================================================
Received Import Request.
  Time of request: 2026-09-29T13:57:02.7738226Z
  Time since last request: 0.0003215 seconds.
  importAddress: GUID: 7ef8348b8ea834d7e1bc214b07f7fb87 - Path: Packages/com.unity.modules.animation/package.json - Importer: ScriptedImporter/UnityEditor.QuickSearchModule:UnityEditor.Search:ASIAI0B
Importing 'GUID: 7ef8348b8ea834d7e1bc214b07f7fb87 - Path: Packages/com.unity.modules.animation/package.json - Importer: ScriptedImporter/UnityEditor.QuickSearchModule:UnityEditor.Search:ASIAI0B' with importer (ScriptedImporter : UnityEditor.QuickSearchModule:UnityEditor.Search:ASIAI0B)
Imported 'GUID: 7ef8348b8ea834d7e1bc214b07f7fb87' -> (Import Result ID: '0790d56cb2cdf58b18bb88ea731ca375') in 0.005 seconds [static and dynamic dependencies]. Details - ImportResultOutputID=a248042903d07bd5eec2cbf66be0c24a DependenciesID=c351a76d49ddbe871eb42738713cbed6 StaticDependenciesID=49eee52c2bb69cfe8a1e82a82ad5adec 
Number of updated asset objects reloaded before import = 0
Number of asset objects unloaded after import = 1
========================================================================
Received Import Request.
  Time of request: 2026-09-29T13:57:02.7793086Z
  Time since last request: 0.0003615 seconds.
  importAddress: GUID: 7610600f5c83e01041a6fe849d39279f - Path: Packages/com.unity.modules.unitywebrequestassetbundle/package.ModuleCompilationTrigger - Importer: ScriptedImporter/UnityEditor.QuickSearchModule:UnityEditor.Search:ASIAI0B
Importing 'GUID: 7610600f5c83e01041a6fe849d39279f - Path: Packages/com.unity.modules.unitywebrequestassetbundle/package.ModuleCompilationTrigger - Importer: ScriptedImporter/UnityEditor.QuickSearchModule:UnityEditor.Search:ASIAI0B' with importer (ScriptedImporter : UnityEditor.QuickSearchModule:UnityEditor.Search:ASIAI0B)
Imported 'GUID: 7610600f5c83e01041a6fe849d39279f' -> (Import Result ID: '201b776f6c0dd774a876bd875c930e00') in 0.006 seconds [static and dynamic dependencies]. Details - ImportResultOutputID=9d92b35b7e1d6497b88a25afcb0b5101 DependenciesID=124da89abd3f0a9d1f4b9ac4f3101c3f StaticDependenciesID=3345b05d890caf41865202e83269e73d 
Number of updated asset objects reloaded before import = 0
Number of asset objects unloaded after import = 1
========================================================================
Received Import Request.
  Time of request: 2026-09-29T13:57:02.785801Z
  Time since last request: 0.0004532 seconds.
  importAddress: GUID: f0f13f2ab3d6d13cfc6e4656824bfca8 - Path: Packages/com.unity.modules.ai/package.json - Importer: ScriptedImporter/UnityEditor.QuickSearchModule:UnityEditor.Search:ASIAI0B
Importing 'GUID: f0f13f2ab3d6d13cfc6e4656824bfca8 - Path: Packages/com.unity.modules.ai/package.json - Importer: ScriptedImporter/UnityEditor.QuickSearchModule:UnityEditor.Search:ASIAI0B' with importer (ScriptedImporter : UnityEditor.QuickSearchModule:UnityEditor.Search:ASIAI0B)
Imported 'GUID: f0f13f2ab3d6d13cfc6e4656824bfca8' -> (Import Result ID: '12ad7a78067fbfdf1dfa4d2f9fad7dc5') in 0.006 seconds [static and dynamic dependencies]. Details - ImportResultOutputID=61f21e9774a1b0419b5394491df95390 DependenciesID=6a4b5d0a559efb3ae255f9a80c29e151 StaticDependenciesID=f6b83dc5f5cecde58a042133fa8241d0 
Number of updated asset objects reloaded before import = 0
Number of asset objects unloaded after import = 1
========================================================================
Received Import Request.
  Time of request: 2026-09-29T13:57:02.7927639Z
  Time since last request: 0.0001947 seconds.
  importAddress: GUID: 99da7b3894f364efdb5fa1443952a55d - Path: Packages/com.unity.multiplayer.center/Editor/MultiplayerCenterWindow/UI/Icons/NGO.png - Importer: ScriptedImporter/UnityEditor.QuickSearchModule:UnityEditor.Search:ASIAI0B
Importing 'GUID: 99da7b3894f364efdb5fa1443952a55d - Path: Packages/com.unity.multiplayer.center/Editor/MultiplayerCenterWindow/UI/Icons/NGO.png - Importer: ScriptedImporter/UnityEditor.QuickSearchModule:UnityEditor.Search:ASIAI0B' with importer (ScriptedImporter : UnityEditor.QuickSearchModule:UnityEditor.Search:ASIAI0B)
Imported 'GUID: 99da7b3894f364efdb5fa1443952a55d' -> (Import Result ID: 'b49282c79c387a058396b4ab38417c0c') in 0.012 seconds [static and dynamic dependencies]. Details - ImportResultOutputID=a0be035ac23ff9136932f4ce5a7de4e3 DependenciesID=2948b9ed2b71ee554436b17762292f41 StaticDependenciesID=e17f262013fceaca9fa70690be290b70 
Number of updated asset objects reloaded before import = 0
Number of asset objects unloaded after import = 1
========================================================================
Received Import Request.
  Time of request: 2026-09-29T13:57:02.8058141Z
  Time since last request: 0.0003384 seconds.
  importAddress: GUID: 281e16dfc02f4a86bf924188eb96b176 - Path: Packages/com.unity.multiplayer.center/Editor/MultiplayerCenterWindow/UI/RecommendationView/RecommendationItemView.cs - Importer: ScriptedImporter/UnityEditor.QuickSearchModule:UnityEditor.Search:ASIAI0B
Importing 'GUID: 281e16dfc02f4a86bf924188eb96b176 - Path: Packages/com.unity.multiplayer.center/Editor/MultiplayerCenterWindow/UI/RecommendationView/RecommendationItemView.cs - Importer: ScriptedImporter/UnityEditor.QuickSearchModule:UnityEditor.Search:ASIAI0B' with importer (ScriptedImporter : UnityEditor.QuickSearchModule:UnityEditor.Search:ASIAI0B)
Imported 'GUID: 281e16dfc02f4a86bf924188eb96b176' -> (Import Result ID: 'a5fee1c5558e85c197f33cd00eb35997') in 0.004 seconds [static and dynamic dependencies]. Details - ImportResultOutputID=cbfd7a9a7a41fa43c5febc642e220085 DependenciesID=e33e0d81c6bdec3eb4939f76f7e782b2 StaticDependenciesID=e1653fd56957e70f763e2547e725bb71 
Number of updated asset objects reloaded before import = 0
Number of asset objects unloaded after import = 0
========================================================================
Received Import Request.
  Time of request: 2026-09-29T13:57:02.8101774Z
  Time since last request: 0.0003588 seconds.
  importAddress: GUID: b83f06ac0c0696e9563230865ca72b81 - Path: Packages/com.unity.modules.wind/package.json - Importer: ScriptedImporter/UnityEditor.QuickSearchModule:UnityEditor.Search:ASIAI0B
Importing 'GUID: b83f06ac0c0696e9563230865ca72b81 - Path: Packages/com.unity.modules.wind/package.json - Importer: ScriptedImporter/UnityEditor.QuickSearchModule:UnityEditor.Search:ASIAI0B' with importer (ScriptedImporter : UnityEditor.QuickSearchModule:UnityEditor.Search:ASIAI0B)
Imported 'GUID: b83f06ac0c0696e9563230865ca72b81' -> (Import Result ID: '08beebb421f3d9809794cfd211ce1ad3') in 0.005 seconds [static and dynamic dependencies]. Details - ImportResultOutputID=6443ea24596c06126c6af1a7e66b9075 DependenciesID=713e23b7998b60eb5844ebd440067582 StaticDependenciesID=bde6f6cda6f3a83dfed4758f57afa58b 
Number of updated asset objects reloaded before import = 0
Number of asset objects unloaded after import = 1
========================================================================
Received Import Request.
  Time of request: 2026-09-29T13:57:02.8153725Z
  Time since last request: 0.0003457 seconds.
  importAddress: GUID: 2cb589d4e01184d928bb698f06e77561 - Path: Packages/com.unity.multiplayer.center/Editor/MultiplayerCenterWindow/UI/Icons/N4E@2x.png - Importer: ScriptedImporter/UnityEditor.QuickSearchModule:UnityEditor.Search:ASIAI0B
Importing 'GUID: 2cb589d4e01184d928bb698f06e77561 - Path: Packages/com.unity.multiplayer.center/Editor/MultiplayerCenterWindow/UI/Icons/N4E@2x.png - Importer: ScriptedImporter/UnityEditor.QuickSearchModule:UnityEditor.Search:ASIAI0B' with importer (ScriptedImporter : UnityEditor.QuickSearchModule:UnityEditor.Search:ASIAI0B)
Imported 'GUID: 2cb589d4e01184d928bb698f06e77561' -> (Import Result ID: '5c41e7e181e4c819151b1a155c8428ce') in 0.011 seconds [static and dynamic dependencies]. Details - ImportResultOutputID=11b2e0c4b3bcd17620523f3d5860ed27 DependenciesID=583e6269e3448a62110cb4f707ad2684 StaticDependenciesID=d4608a7afce781ec9721b2915d4bfd1a 
Number of updated asset objects reloaded before import = 0
Number of asset objects unloaded after import = 1
========================================================================
Received Import Request.
  Time of request: 2026-09-29T13:57:02.8274023Z
  Time since last request: 0.0003699 seconds.
  importAddress: GUID: 9d9689eab72c8480c90679f4dcf18820 - Path: Packages/com.unity.multiplayer.center/Editor/MultiplayerCenterWindow/UI/Icons/Package.png - Importer: ScriptedImporter/UnityEditor.QuickSearchModule:UnityEditor.Search:ASIAI0B
Importing 'GUID: 9d9689eab72c8480c90679f4dcf18820 - Path: Packages/com.unity.multiplayer.center/Editor/MultiplayerCenterWindow/UI/Icons/Package.png - Importer: ScriptedImporter/UnityEditor.QuickSearchModule:UnityEditor.Search:ASIAI0B' with importer (ScriptedImporter : UnityEditor.QuickSearchModule:UnityEditor.Search:ASIAI0B)
Imported 'GUID: 9d9689eab72c8480c90679f4dcf18820' -> (Import Result ID: '5d7850364fa8a5e3742544b54cb6d4c0') in 0.017 seconds [static and dynamic dependencies]. Details - ImportResultOutputID=c53e9f6623e01170c84a343515945c66 DependenciesID=8003ec32bedd4247aea85e8315b2636b StaticDependenciesID=8d063dfa8600ca19c23582a8f7bd474b 
Number of updated asset objects reloaded before import = 0
Number of asset objects unloaded after import = 1
========================================================================
Received Import Request.
  Time of request: 2026-09-29T13:57:02.8449847Z
  Time since last request: 0.0003257 seconds.
  importAddress: GUID: 30b312a167534621b316172253b08723 - Path: Packages/com.unity.modules.subsystems/package.json - Importer: ScriptedImporter/UnityEditor.QuickSearchModule:UnityEditor.Search:ASIAI0B
Importing 'GUID: 30b312a167534621b316172253b08723 - Path: Packages/com.unity.modules.subsystems/package.json - Importer: ScriptedImporter/UnityEditor.QuickSearchModule:UnityEditor.Search:ASIAI0B' with importer (ScriptedImporter : UnityEditor.QuickSearchModule:UnityEditor.Search:ASIAI0B)
Imported 'GUID: 30b312a167534621b316172253b08723' -> (Import Result ID: '047c8418c51d4c8142035686ec71f7f2') in 0.005 seconds [static and dynamic dependencies]. Details - ImportResultOutputID=d6fe5bb487a2be53780bc6c86dbec5e5 DependenciesID=aee9c0e52faf20fdbac5d784e1bfc082 StaticDependenciesID=f9137328d0f2ed9702b41a6c384b8e89 
Number of updated asset objects reloaded before import = 0
Number of asset objects unloaded after import = 1
========================================================================
Received Import Request.
  Time of request: 2026-09-29T13:57:02.8506564Z
  Time since last request: 0.0003131 seconds.
  importAddress: GUID: 63314900d81e4a15814496af1889cb51 - Path: Packages/com.unity.multiplayer.center/Editor/MultiplayerCenterWindow/UI/RecommendationView/SectionHeader.cs - Importer: ScriptedImporter/UnityEditor.QuickSearchModule:UnityEditor.Search:ASIAI0B
Importing 'GUID: 63314900d81e4a15814496af1889cb51 - Path: Packages/com.unity.multiplayer.center/Editor/MultiplayerCenterWindow/UI/RecommendationView/SectionHeader.cs - Importer: ScriptedImporter/UnityEditor.QuickSearchModule:UnityEditor.Search:ASIAI0B' with importer (ScriptedImporter : UnityEditor.QuickSearchModule:UnityEditor.Search:ASIAI0B)
Imported 'GUID: 63314900d81e4a15814496af1889cb51' -> (Import Result ID: '106e464c409a6d73d9a4cfe3e9e0ea21') in 0.005 seconds [static and dynamic dependencies]. Details - ImportResultOutputID=5bd40184fcca81cb806a4d8acde649c5 DependenciesID=aa663f8f747895da78c29862e9fe283a StaticDependenciesID=f47ff65f885c345c3aaeaac4fe8cf8b9 
Number of updated asset objects reloaded before import = 0
Number of asset objects unloaded after import = 0
========================================================================
Received Import Request.
  Time of request: 2026-09-29T13:57:02.8560772Z
  Time since last request: 0.0004405 seconds.
  importAddress: GUID: 9431e8221045c4af189b2fa7174b9e9f - Path: Packages/com.unity.multiplayer.center/Editor/MultiplayerCenterWindow/UI/Icons/PackageManager@2x.png - Importer: ScriptedImporter/UnityEditor.QuickSearchModule:UnityEditor.Search:ASIAI0B
Importing 'GUID: 9431e8221045c4af189b2fa7174b9e9f - Path: Packages/com.unity.multiplayer.center/Editor/MultiplayerCenterWindow/UI/Icons/PackageManager@2x.png - Importer: ScriptedImporter/UnityEditor.QuickSearchModule:UnityEditor.Search:ASIAI0B' with importer (ScriptedImporter : UnityEditor.QuickSearchModule:UnityEditor.Search:ASIAI0B)
Imported 'GUID: 9431e8221045c4af189b2fa7174b9e9f' -> (Import Result ID: '207a4da712cc4aad4b3183fb21ff5c26') in 0.014 seconds [static and dynamic dependencies]. Details - ImportResultOutputID=36fbd9d3e0e90563fa91f23b20848a6a DependenciesID=bf1020a9cbdf815931fe515a85dd82ce StaticDependenciesID=018a8aa4bf3148d4668c61b16611e9f3 
Number of updated asset objects reloaded before import = 0
Number of asset objects unloaded after import = 1
========================================================================
Received Import Request.
  Time of request: 2026-09-29T13:57:02.8782275Z
  Time since last request: 0.0077497 seconds.
  importAddress: GUID: 3cc1ebf2abb7fef6871ad48f499b6e21 - Path: Packages/com.unity.modules.vectorgraphics/package.ModuleCompilationTrigger - Importer: ScriptedImporter/UnityEditor.QuickSearchModule:UnityEditor.Search:ASIAI0B
Importing 'GUID: 3cc1ebf2abb7fef6871ad48f499b6e21 - Path: Packages/com.unity.modules.vectorgraphics/package.ModuleCompilationTrigger - Importer: ScriptedImporter/UnityEditor.QuickSearchModule:UnityEditor.Search:ASIAI0B' with importer (ScriptedImporter : UnityEditor.QuickSearchModule:UnityEditor.Search:ASIAI0B)
Imported 'GUID: 3cc1ebf2abb7fef6871ad48f499b6e21' -> (Import Result ID: 'b4acc5c2bc4f3d0df18917b42aae61a4') in 0.005 seconds [static and dynamic dependencies]. Details - ImportResultOutputID=b8c29bc6af78de05f3801d7d384cad68 DependenciesID=33e23ec09f2157c8c888ad8c41e80232 StaticDependenciesID=91f16ef788375314def576571cc72f35 
Number of updated asset objects reloaded before import = 0
Number of asset objects unloaded after import = 1
========================================================================
Received Import Request.
  Time of request: 2026-09-29T13:57:02.8840511Z
  Time since last request: 0.0003966 seconds.
  importAddress: GUID: d2ec2d1228c8e67cdd913cb5609176a2 - Path: Packages/com.unity.modules.unitywebrequest/package.ModuleCompilationTrigger - Importer: ScriptedImporter/UnityEditor.QuickSearchModule:UnityEditor.Search:ASIAI0B
Importing 'GUID: d2ec2d1228c8e67cdd913cb5609176a2 - Path: Packages/com.unity.modules.unitywebrequest/package.ModuleCompilationTrigger - Importer: ScriptedImporter/UnityEditor.QuickSearchModule:UnityEditor.Search:ASIAI0B' with importer (ScriptedImporter : UnityEditor.QuickSearchModule:UnityEditor.Search:ASIAI0B)
Imported 'GUID: d2ec2d1228c8e67cdd913cb5609176a2' -> (Import Result ID: '033ba36bcab006a23c7738f3bf8cca01') in 0.005 seconds [static and dynamic dependencies]. Details - ImportResultOutputID=bc07a6c21ab123c8d1b687383f34eae3 DependenciesID=ea8b9c66115e0fd8868c523510e36281 StaticDependenciesID=8a91491cbf389786d09c45543a1b2682 
Number of updated asset objects reloaded before import = 0
Number of asset objects unloaded after import = 1
========================================================================
Received Import Request.
  Time of request: 2026-09-29T13:57:02.8895823Z
  Time since last request: 0.0005444 seconds.
  importAddress: GUID: 3fdd83b151eb8d25c5e2f82fc39dcb04 - Path: Packages/com.unity.modules.unitywebrequest/package.json - Importer: ScriptedImporter/UnityEditor.QuickSearchModule:UnityEditor.Search:ASIAI0B
Importing 'GUID: 3fdd83b151eb8d25c5e2f82fc39dcb04 - Path: Packages/com.unity.modules.unitywebrequest/package.json - Importer: ScriptedImporter/UnityEditor.QuickSearchModule:UnityEditor.Search:ASIAI0B' with importer (ScriptedImporter : UnityEditor.QuickSearchModule:UnityEditor.Search:ASIAI0B)
Imported 'GUID: 3fdd83b151eb8d25c5e2f82fc39dcb04' -> (Import Result ID: '96c6bed18924bd47610fd5067b47d19b') in 0.005 seconds [static and dynamic dependencies]. Details - ImportResultOutputID=3d638d17fa7bc009ff15732317e1c210 DependenciesID=d4cc75172f3da45ca2d46b3898cd25b6 StaticDependenciesID=e8143ef487ce67fb30c5f06e4094016f 
Number of updated asset objects reloaded before import = 0
Number of asset objects unloaded after import = 1
========================================================================
Received Import Request.
  Time of request: 2026-09-29T13:57:02.895204Z
  Time since last request: 0.0003511 seconds.
  importAddress: GUID: 78e5667e52329c3ceef41288763404ae - Path: Packages/com.unity.modules.vectorgraphics/package.json - Importer: ScriptedImporter/UnityEditor.QuickSearchModule:UnityEditor.Search:ASIAI0B
Importing 'GUID: 78e5667e52329c3ceef41288763404ae - Path: Packages/com.unity.modules.vectorgraphics/package.json - Importer: ScriptedImporter/UnityEditor.QuickSearchModule:UnityEditor.Search:ASIAI0B' with importer (ScriptedImporter : UnityEditor.QuickSearchModule:UnityEditor.Search:ASIAI0B)
Imported 'GUID: 78e5667e52329c3ceef41288763404ae' -> (Import Result ID: 'a004d2648659bd0b1b59b096466dde2b') in 0.004 seconds [static and dynamic dependencies]. Details - ImportResultOutputID=98b698f8a77d51f69659cea30e995363 DependenciesID=9db875a715c52929207f4a71a7f376cc StaticDependenciesID=b19b19cd96f149bac66b30ab810de0ba 
Number of updated asset objects reloaded before import = 0
Number of asset objects unloaded after import = 1
========================================================================
Received Import Request.
  Time of request: 2026-09-29T13:58:00.8444483Z
  Time since last request: 57.9444607 seconds.
  importAddress: GUID: 00000000000000001000000000000000 - Path: Assets - Importer: PreviewImporter
Importing 'GUID: 00000000000000001000000000000000 - Path: Assets - Importer: PreviewImporter' with importer (PreviewImporter)
Imported 'GUID: 00000000000000001000000000000000' -> (Import Result ID: '241dc6ce296e0f395a599982586f164f') in 0.010 seconds [static and dynamic dependencies]. Details - ImportResultOutputID=923ecb25fcaecb4cb3c936046707f967 DependenciesID=221c3962d6a6510e18d5efe90910aefa StaticDependenciesID=7fecd3d90c84567c1f366ff9261d59d3 
Number of updated asset objects reloaded before import = 0
Number of asset objects unloaded after import = 0
========================================================================
Received Prepare
AcceleratorClientConnectionCallback - disconnected - :0
Unloading 0 Unused Serialized files (Serialized files now loaded: 0)
Unloading 62 unused Assets / (1.0 KB). Loaded Objects now: 688.
Memory consumption went from 157.4 MB to 157.4 MB.
Total: 7.906600 ms (FindLiveObjects: 0.103800 ms CreateObjectMapping: 0.019900 ms MarkObjects: 7.730700 ms  DeleteObjects: 0.050800 ms)

Prepare: number of updated asset objects reloaded= 0
========================================================================
Received Import Request.
  Time of request: 2026-09-29T13:58:09.0128838Z
  Time since last request: 8.1581432 seconds.
  importAddress: GUID: a8ef48b91ced5a5429bb2c1e967ecec4 - Path: Assets/Scripts - Importer: PreviewImporter
Importing 'GUID: a8ef48b91ced5a5429bb2c1e967ecec4 - Path: Assets/Scripts - Importer: PreviewImporter' with importer (PreviewImporter)
Imported 'GUID: a8ef48b91ced5a5429bb2c1e967ecec4' -> (Import Result ID: 'd64f2994ea822fac04bdd3ba280076d3') in 0.000 seconds [static and dynamic dependencies]. Details - ImportResultOutputID=bd5d52a75600d9ab6f6ee17ea8f65ee7 DependenciesID=e6fb3f4388bcf8796a714050d90eefa9 StaticDependenciesID=956185945ec9440fe3a7e2c932d42ea9 
Number of updated asset objects reloaded before import = 0
Number of asset objects unloaded after import = 0
========================================================================
Received Import Request.
  Time of request: 2026-09-29T13:58:09.9767365Z
  Time since last request: 0.9632606 seconds.
  importAddress: GUID: a8ef48b91ced5a5429bb2c1e967ecec4 - Path: Assets/Scripts - Importer: ScriptedImporter/UnityEditor.QuickSearchModule:UnityEditor.Search:ASIAI0B
Importing 'GUID: a8ef48b91ced5a5429bb2c1e967ecec4 - Path: Assets/Scripts - Importer: ScriptedImporter/UnityEditor.QuickSearchModule:UnityEditor.Search:ASIAI0B' with importer (ScriptedImporter : UnityEditor.QuickSearchModule:UnityEditor.Search:ASIAI0B)
Imported 'GUID: a8ef48b91ced5a5429bb2c1e967ecec4' -> (Import Result ID: '2d3595b8a75736c224ca1b5c9abf7a20') in 0.005 seconds [static and dynamic dependencies]. Details - ImportResultOutputID=c31e7fa42afd173c44177e5d13fd47c8 DependenciesID=f0b5f39a63ef8c5100923da2df5e1348 StaticDependenciesID=5a659ba4cf5e78a9bcf43f2baf0cb3fb 
Number of updated asset objects reloaded before import = 0
Number of asset objects unloaded after import = 1
========================================================================
Received Prepare
AcceleratorClientConnectionCallback - disconnected - :0
Unloading 0 Unused Serialized files (Serialized files now loaded: 0)
Unloading 63 unused Assets / (1.0 KB). Loaded Objects now: 689.
Memory consumption went from 157.4 MB to 157.4 MB.
Total: 7.848400 ms (FindLiveObjects: 0.061300 ms CreateObjectMapping: 0.014300 ms MarkObjects: 7.724000 ms  DeleteObjects: 0.047700 ms)

Prepare: number of updated asset objects reloaded= 0
========================================================================
Received Import Request.
  Time of request: 2026-09-29T13:58:24.1034523Z
  Time since last request: 14.1217454 seconds.
  importAddress: GUID: 638f614fc4119034490d943d3380d49b - Path: Assets/Scripts/PlayerMovement.cs - Importer: PreviewImporter
Importing 'GUID: 638f614fc4119034490d943d3380d49b - Path: Assets/Scripts/PlayerMovement.cs - Importer: PreviewImporter' with importer (PreviewImporter)
Imported 'GUID: 638f614fc4119034490d943d3380d49b' -> (Import Result ID: 'd0e5daf46a27d45b1fd256861902aee0') in 0.001 seconds [static and dynamic dependencies]. Details - ImportResultOutputID=76930a0b2be47450922a2a875299181f DependenciesID=0e35f6deb9d6ab1eccc570a93010fd0a StaticDependenciesID=1239c2dbbf59857a9e2373c9af092e04 
Number of updated asset objects reloaded before import = 0
Number of asset objects unloaded after import = 0
========================================================================
Received Import Request.
  Time of request: 2026-09-29T13:58:24.7616449Z
  Time since last request: 0.6572294 seconds.
  importAddress: GUID: 638f614fc4119034490d943d3380d49b - Path: Assets/Scripts/PlayerMovement.cs - Importer: ScriptedImporter/UnityEditor.QuickSearchModule:UnityEditor.Search:ASIAI0B
Importing 'GUID: 638f614fc4119034490d943d3380d49b - Path: Assets/Scripts/PlayerMovement.cs - Importer: ScriptedImporter/UnityEditor.QuickSearchModule:UnityEditor.Search:ASIAI0B' with importer (ScriptedImporter : UnityEditor.QuickSearchModule:UnityEditor.Search:ASIAI0B)
Imported 'GUID: 638f614fc4119034490d943d3380d49b' -> (Import Result ID: 'b0af8c268066c9cfad92e63164287ff2') in 0.006 seconds [static and dynamic dependencies]. Details - ImportResultOutputID=4be30319890c840d8523da54bb36d2d9 DependenciesID=e8f5f48e1db2a3c58605d2bf5f8a48ce StaticDependenciesID=78171512681946926b2ad29d51f00131 
Number of updated asset objects reloaded before import = 0
Number of asset objects unloaded after import = 0
========================================================================
Received Prepare
AcceleratorClientConnectionCallback - disconnected - :0
Begin MonoManager ReloadAssembly
[Licensing::Client] Successfully resolved entitlement details
Native extension for iOS target not found
Native extension for Android target not found
Native extension for UWP target not found
Native extension for WindowsStandalone target not found
[Package Manager] Failed to launch server process. Reason: Unity was launched with the -noUpm command-line argument
[Package Manager] Unable to send message (not connected to server process).
[Package Manager] Cannot connect to Unity Package Manager local server
ScheduleIndexationOnStartup MainProcess:False IndexOnStartup:True
Mono: successfully reloaded assembly
- Finished resetting the current domain, in  0.655 seconds
Domain Reload Profiling: 1215ms
	BeginReloadAssembly (316ms)
		DisableScriptedObjects (12ms)
		CreateAndSetChildDomain (44ms)
	RebuildCommonClasses (12ms)
	RebuildNativeTypeToScriptingClass (28ms)
	initialDomainReloadingComplete (56ms)
	LoadAllAssembliesAndSetupDomain (146ms)
		LoadAssemblies (194ms)
		AnalyzeDomain (15ms)
			TypeCache.Refresh (7ms)
			BuildScriptInfoCaches (6ms)
	FinalizeReload (657ms)
		SetupLoadedEditorAssemblies (0ms)
			InitializePlatformSupportModulesInManaged (27ms)
			BeforeProcessingInitializeOnLoad (137ms)
			ProcessInitializeOnLoadAttributes (163ms)
			ProcessInitializeOnLoadMethodAttributes (108ms)
			AfterProcessingInitializeOnLoad (5ms)
		AwakeInstancesAfterBackupRestoration (7ms)
Unloading 0 Unused Serialized files (Serialized files now loaded: 0)
Unloading 63 unused Assets / (1.0 KB). Loaded Objects now: 689.
Memory consumption went from 156.6 MB to 156.6 MB.
Total: 6.322300 ms (FindLiveObjects: 0.073400 ms CreateObjectMapping: 0.019800 ms MarkObjects: 6.188900 ms  DeleteObjects: 0.038500 ms)

Prepare: number of updated asset objects reloaded= 0
========================================================================
Received Import Request.
  Time of request: 2026-09-29T13:58:35.5007167Z
  Time since last request: 10.7330453 seconds.
  importAddress: GUID: 638f614fc4119034490d943d3380d49b - Path: Assets/Scripts/PlayerMovement.cs - Importer: PreviewImporter
Importing 'GUID: 638f614fc4119034490d943d3380d49b - Path: Assets/Scripts/PlayerMovement.cs - Importer: PreviewImporter' with importer (PreviewImporter)
Imported 'GUID: 638f614fc4119034490d943d3380d49b' -> (Import Result ID: 'b63ba41c18c3b18e5cc34b03034b773f') in 0.001 seconds [static and dynamic dependencies]. Details - ImportResultOutputID=76930a0b2be47450922a2a875299181f DependenciesID=4a9fedbb88383f2ee3728ffe0f302529 StaticDependenciesID=1239c2dbbf59857a9e2373c9af092e04 
Number of updated asset objects reloaded before import = 0
Number of asset objects unloaded after import = 0
========================================================================
Received Prepare
AcceleratorClientConnectionCallback - disconnected - :0
Begin MonoManager ReloadAssembly
Native extension for iOS target not found
Native extension for Android target not found
Native extension for UWP target not found
Native extension for WindowsStandalone target not found
[Package Manager] Failed to launch server process. Reason: Unity was launched with the -noUpm command-line argument
[Package Manager] Unable to send message (not connected to server process).
[Package Manager] Cannot connect to Unity Package Manager local server
ScheduleIndexationOnStartup MainProcess:False IndexOnStartup:True
Mono: successfully reloaded assembly
- Finished resetting the current domain, in  0.744 seconds
Domain Reload Profiling: 1377ms
	BeginReloadAssembly (311ms)
		DisableScriptedObjects (9ms)
		CreateAndSetChildDomain (32ms)
	RebuildCommonClasses (20ms)
	RebuildNativeTypeToScriptingClass (34ms)
	initialDomainReloadingComplete (75ms)
	LoadAllAssembliesAndSetupDomain (192ms)
		LoadAssemblies (200ms)
		AnalyzeDomain (24ms)
			TypeCache.Refresh (11ms)
			BuildScriptInfoCaches (9ms)
	FinalizeReload (745ms)
		SetupLoadedEditorAssemblies (0ms)
			InitializePlatformSupportModulesInManaged (37ms)
			BeforeProcessingInitializeOnLoad (153ms)
			ProcessInitializeOnLoadAttributes (133ms)
			ProcessInitializeOnLoadMethodAttributes (158ms)
			AfterProcessingInitializeOnLoad (3ms)
		AwakeInstancesAfterBackupRestoration (3ms)
Unloading 0 Unused Serialized files (Serialized files now loaded: 0)
Unloading 63 unused Assets / (1.1 KB). Loaded Objects now: 689.
Memory consumption went from 157.6 MB to 157.6 MB.
Total: 5.345600 ms (FindLiveObjects: 0.045600 ms CreateObjectMapping: 0.014100 ms MarkObjects: 5.256900 ms  DeleteObjects: 0.028200 ms)

Prepare: number of updated asset objects reloaded= 0
========================================================================
Received Import Request.
  Time of request: 2026-09-29T13:59:09.4603545Z
  Time since last request: 33.9568035 seconds.
  importAddress: GUID: 638f614fc4119034490d943d3380d49b - Path: Assets/Scripts/PlayerMovement.cs - Importer: PreviewImporter
Importing 'GUID: 638f614fc4119034490d943d3380d49b - Path: Assets/Scripts/PlayerMovement.cs - Importer: PreviewImporter' with importer (PreviewImporter)
Imported 'GUID: 638f614fc4119034490d943d3380d49b' -> (Import Result ID: 'a268244cc045fee3d0c75d955dbe12a6') in 0.001 seconds [static and dynamic dependencies]. Details - ImportResultOutputID=76930a0b2be47450922a2a875299181f DependenciesID=23f3186f77e62c3b4afa03cd973aee72 StaticDependenciesID=92c3d97ab809add8db90f71942f52b2f 
Number of updated asset objects reloaded before import = 0
Number of asset objects unloaded after import = 0
========================================================================
Received Import Request.
  Time of request: 2026-09-29T13:59:12.3828351Z
  Time since last request: 2.9208861 seconds.
  importAddress: GUID: 638f614fc4119034490d943d3380d49b - Path: Assets/Scripts/PlayerMovement.cs - Importer: ScriptedImporter/UnityEditor.QuickSearchModule:UnityEditor.Search:ASIAI0B
Importing 'GUID: 638f614fc4119034490d943d3380d49b - Path: Assets/Scripts/PlayerMovement.cs - Importer: ScriptedImporter/UnityEditor.QuickSearchModule:UnityEditor.Search:ASIAI0B' with importer (ScriptedImporter : UnityEditor.QuickSearchModule:UnityEditor.Search:ASIAI0B)
Imported 'GUID: 638f614fc4119034490d943d3380d49b' -> (Import Result ID: '1c982fbfff7b41b92922a8be5cbc1367') in 0.204 seconds [static and dynamic dependencies]. Details - ImportResultOutputID=a88f8ba8d3922d8c8e7db9e346dd1767 DependenciesID=7bfcf7fb876a2cf2c422c12a08b3454e StaticDependenciesID=7d5baac817a3b49740c30ff205213af7 
Number of updated asset objects reloaded before import = 0
Number of asset objects unloaded after import = 0
========================================================================
Received Prepare
AcceleratorClientConnectionCallback - disconnected - :0
Unloading 0 Unused Serialized files (Serialized files now loaded: 0)
Unloading 1 unused Assets / (0 B). Loaded Objects now: 689.
Memory consumption went from 159.5 MB to 159.5 MB.
Total: 7.959400 ms (FindLiveObjects: 0.062000 ms CreateObjectMapping: 0.014800 ms MarkObjects: 7.863300 ms  DeleteObjects: 0.017500 ms)

Prepare: number of updated asset objects reloaded= 0
========================================================================
Received Import Request.
  Time of request: 2026-09-29T14:05:13.2706502Z
  Time since last request: 360.68342030000002 seconds.
  importAddress: GUID: 8cfd574729ae46c45b4c4952e8c9b0dd - Path: Assets/Ghost - Importer: PreviewImporter
Importing 'GUID: 8cfd574729ae46c45b4c4952e8c9b0dd - Path: Assets/Ghost - Importer: PreviewImporter' with importer (PreviewImporter)
Imported 'GUID: 8cfd574729ae46c45b4c4952e8c9b0dd' -> (Import Result ID: 'd328224ea96c863a20ed5333f5f7c5b3') in 0.001 seconds [static and dynamic dependencies]. Details - ImportResultOutputID=2d6989a414deb6174e0ff4d594a1791f DependenciesID=c9c4afac7c40ca7791312441c75eba6e StaticDependenciesID=cf32bd0d08b8cc13e0eed4747fb68020 
Number of updated asset objects reloaded before import = 0
Number of asset objects unloaded after import = 0
========================================================================
Received Import Request.
  Time of request: 2026-09-29T14:05:14.1267256Z
  Time since last request: 0.855021 seconds.
  importAddress: GUID: 8cfd574729ae46c45b4c4952e8c9b0dd - Path: Assets/Ghost - Importer: ScriptedImporter/UnityEditor.QuickSearchModule:UnityEditor.Search:ASIAI0B
Importing 'GUID: 8cfd574729ae46c45b4c4952e8c9b0dd - Path: Assets/Ghost - Importer: ScriptedImporter/UnityEditor.QuickSearchModule:UnityEditor.Search:ASIAI0B' with importer (ScriptedImporter : UnityEditor.QuickSearchModule:UnityEditor.Search:ASIAI0B)
Imported 'GUID: 8cfd574729ae46c45b4c4952e8c9b0dd' -> (Import Result ID: 'f761c20f2c137b2b6d52f232b0223bca') in 0.021 seconds [static and dynamic dependencies]. Details - ImportResultOutputID=ffacd59579a2aa015018986b22a37d24 DependenciesID=e592c70d50c2b6a63b314bfdecf860ea StaticDependenciesID=4ed535cc491e12abea7dafa3fe6874ad 
Number of updated asset objects reloaded before import = 0
Number of asset objects unloaded after import = 1
========================================================================
Received Import Request.
  Time of request: 2026-09-29T14:07:08.9642138Z
  Time since last request: 114.81539960000001 seconds.
  importAddress: GUID: b826d68f9c6c68449b1c91542f0fe300 - Path: Assets/Ghost/Ghosts - Layer 1.png - Importer: PreviewImporter
Importing 'GUID: b826d68f9c6c68449b1c91542f0fe300 - Path: Assets/Ghost/Ghosts - Layer 1.png - Importer: PreviewImporter' with importer (PreviewImporter)
Imported 'GUID: b826d68f9c6c68449b1c91542f0fe300' -> (Import Result ID: '291eb85961eef2bd252e0e5c9d62d611') in 0.724 seconds [static and dynamic dependencies]. Details - ImportResultOutputID=1ba7893a26a69eeed63ce4812b4506ae DependenciesID=1e5b45298a107e63315e5890d76ab785 StaticDependenciesID=90c3dd9e97bd94fccfdd1b2470752be0 
Number of updated asset objects reloaded before import = 0
Number of asset objects unloaded after import = 2
========================================================================
Received Import Request.
  Time of request: 2026-09-29T14:07:09.6894209Z
  Time since last request: 0.0003013 seconds.
  importAddress: GUID: 34ef6ffce518d464a985b75de9dbecc8 - Path: Assets/Ghost/Ghosts - Layer 4.png - Importer: PreviewImporter
Importing 'GUID: 34ef6ffce518d464a985b75de9dbecc8 - Path: Assets/Ghost/Ghosts - Layer 4.png - Importer: PreviewImporter' with importer (PreviewImporter)
Imported 'GUID: 34ef6ffce518d464a985b75de9dbecc8' -> (Import Result ID: '0293a62884b647237c8e990ab37e069c') in 0.010 seconds [static and dynamic dependencies]. Details - ImportResultOutputID=3c22443dd4f3e963d24de7123ff85b4c DependenciesID=59ca4edec929e6e9cea022d29c718595 StaticDependenciesID=9dfefc36a4ad113bccbfdb52b8508a5c 
Number of updated asset objects reloaded before import = 0
Number of asset objects unloaded after import = 2
========================================================================
Received Import Request.
  Time of request: 2026-09-29T14:07:09.7007474Z
  Time since last request: 0.0003411 seconds.
  importAddress: GUID: 8f1c1573cddb63646a85d12a29ad6f09 - Path: Assets/Ghost/Ghosts - Layer 3 (3).png - Importer: PreviewImporter
Importing 'GUID: 8f1c1573cddb63646a85d12a29ad6f09 - Path: Assets/Ghost/Ghosts - Layer 3 (3).png - Importer: PreviewImporter' with importer (PreviewImporter)
Imported 'GUID: 8f1c1573cddb63646a85d12a29ad6f09' -> (Import Result ID: 'b2e5438671703e22482f1d1361d62155') in 0.011 seconds [static and dynamic dependencies]. Details - ImportResultOutputID=9e1bd6b1ebf8c1e2671739fb075c93c8 DependenciesID=8cae665207cacccba7f89a73302eeb14 StaticDependenciesID=67dd026edf6216bbc317a1bcb1ef1c4a 
Number of updated asset objects reloaded before import = 0
Number of asset objects unloaded after import = 2
========================================================================
Received Import Request.
  Time of request: 2026-09-29T14:07:09.7460197Z
  Time since last request: 0.0339941 seconds.
  importAddress: GUID: 34ef6ffce518d464a985b75de9dbecc8 - Path: Assets/Ghost/Ghosts - Layer 4.png - Importer: ScriptedImporter/UnityEditor.QuickSearchModule:UnityEditor.Search:ASIAI0B
Importing 'GUID: 34ef6ffce518d464a985b75de9dbecc8 - Path: Assets/Ghost/Ghosts - Layer 4.png - Importer: ScriptedImporter/UnityEditor.QuickSearchModule:UnityEditor.Search:ASIAI0B' with importer (ScriptedImporter : UnityEditor.QuickSearchModule:UnityEditor.Search:ASIAI0B)
Imported 'GUID: 34ef6ffce518d464a985b75de9dbecc8' -> (Import Result ID: '7163e5cf980fcb0aa0d5beb089f4a9c8') in 0.067 seconds [static and dynamic dependencies]. Details - ImportResultOutputID=ea3c299d4202377314ef87f0f95a0f1b DependenciesID=3c89873731096f3dbe4e329b82e5afc9 StaticDependenciesID=1253b68e15f7e5cc5e2d7bac3ad5b372 
Number of updated asset objects reloaded before import = 0
Number of asset objects unloaded after import = 1
========================================================================
Received Import Request.
  Time of request: 2026-09-29T14:07:09.8133734Z
  Time since last request: 0.0004215 seconds.
  importAddress: GUID: 972a02464cac8224c8c030a6dc31f477 - Path: Assets/Ghost/Ghosts - Layer 3.png - Importer: ScriptedImporter/UnityEditor.QuickSearchModule:UnityEditor.Search:ASIAI0B
Importing 'GUID: 972a02464cac8224c8c030a6dc31f477 - Path: Assets/Ghost/Ghosts - Layer 3.png - Importer: ScriptedImporter/UnityEditor.QuickSearchModule:UnityEditor.Search:ASIAI0B' with importer (ScriptedImporter : UnityEditor.QuickSearchModule:UnityEditor.Search:ASIAI0B)
Imported 'GUID: 972a02464cac8224c8c030a6dc31f477' -> (Import Result ID: 'f9453d28a91919618658cac808182010') in 0.013 seconds [static and dynamic dependencies]. Details - ImportResultOutputID=861beb04d69cf9ef2c771135cdb22159 DependenciesID=0c0cfaf55d5ebe2e6336817d4179efee StaticDependenciesID=bd1de634a3e4cb47fcef837eab9330c3 
Number of updated asset objects reloaded before import = 0
Number of asset objects unloaded after import = 1
========================================================================
Received Import Request.
  Time of request: 2026-09-29T14:07:09.8272888Z
  Time since last request: 0.0003254 seconds.
  importAddress: GUID: b826d68f9c6c68449b1c91542f0fe300 - Path: Assets/Ghost/Ghosts - Layer 1.png - Importer: ScriptedImporter/UnityEditor.QuickSearchModule:UnityEditor.Search:ASIAI0B
Importing 'GUID: b826d68f9c6c68449b1c91542f0fe300 - Path: Assets/Ghost/Ghosts - Layer 1.png - Importer: ScriptedImporter/UnityEditor.QuickSearchModule:UnityEditor.Search:ASIAI0B' with importer (ScriptedImporter : UnityEditor.QuickSearchModule:UnityEditor.Search:ASIAI0B)
Imported 'GUID: b826d68f9c6c68449b1c91542f0fe300' -> (Import Result ID: 'b00b0d2d27612140e30c8850c394d51c') in 0.013 seconds [static and dynamic dependencies]. Details - ImportResultOutputID=fd1750039d1c3a0d6a5bfac762f5e841 DependenciesID=4c1ddc2ebfa0ac74f62157a761e7a4d2 StaticDependenciesID=c4b2f590ca581bf335c4f0a65a89bf37 
Number of updated asset objects reloaded before import = 0
Number of asset objects unloaded after import = 1
========================================================================
Received Import Request.
  Time of request: 2026-09-29T14:07:09.841371Z
  Time since last request: 0.0003329 seconds.
  importAddress: GUID: 8f1c1573cddb63646a85d12a29ad6f09 - Path: Assets/Ghost/Ghosts - Layer 3 (3).png - Importer: ScriptedImporter/UnityEditor.QuickSearchModule:UnityEditor.Search:ASIAI0B
Importing 'GUID: 8f1c1573cddb63646a85d12a29ad6f09 - Path: Assets/Ghost/Ghosts - Layer 3 (3).png - Importer: ScriptedImporter/UnityEditor.QuickSearchModule:UnityEditor.Search:ASIAI0B' with importer (ScriptedImporter : UnityEditor.QuickSearchModule:UnityEditor.Search:ASIAI0B)
Imported 'GUID: 8f1c1573cddb63646a85d12a29ad6f09' -> (Import Result ID: 'd9c950a9dfa3d5c485c25e9ec2da84cc') in 0.012 seconds [static and dynamic dependencies]. Details - ImportResultOutputID=85c64feb9e744f36cc6ccc91328bf9b9 DependenciesID=f900b09c95e7d2b44a31d3d59cbbcb95 StaticDependenciesID=64cf609f4960da9912cec0a3a6e064c3 
Number of updated asset objects reloaded before import = 0
Number of asset objects unloaded after import = 1
========================================================================
Received Import Request.
  Time of request: 2026-09-29T14:08:07.336669Z
  Time since last request: 57.483298 seconds.
  importAddress: GUID: b826d68f9c6c68449b1c91542f0fe300 - Path: Assets/Ghost/Ghosts - Player 1.png - Importer: PreviewImporter
Importing 'GUID: b826d68f9c6c68449b1c91542f0fe300 - Path: Assets/Ghost/Ghosts - Player 1.png - Importer: PreviewImporter' with importer (PreviewImporter)
Imported 'GUID: b826d68f9c6c68449b1c91542f0fe300' -> (Import Result ID: '5c22cebfd7b9d5070420fc654e509a09') in 0.008 seconds [static and dynamic dependencies]. Details - ImportResultOutputID=1ba7893a26a69eeed63ce4812b4506ae DependenciesID=d6645314963031d6acc6771ab2c3d347 StaticDependenciesID=1a46f0a7195a876696d50a60de3f6358 
Number of updated asset objects reloaded before import = 0
Number of asset objects unloaded after import = 2
========================================================================
Received Import Request.
  Time of request: 2026-09-29T14:08:08.2818301Z
  Time since last request: 0.9362262 seconds.
  importAddress: GUID: b826d68f9c6c68449b1c91542f0fe300 - Path: Assets/Ghost/Ghosts - Player 1.png - Importer: ScriptedImporter/UnityEditor.QuickSearchModule:UnityEditor.Search:ASIAI0B
Importing 'GUID: b826d68f9c6c68449b1c91542f0fe300 - Path: Assets/Ghost/Ghosts - Player 1.png - Importer: ScriptedImporter/UnityEditor.QuickSearchModule:UnityEditor.Search:ASIAI0B' with importer (ScriptedImporter : UnityEditor.QuickSearchModule:UnityEditor.Search:ASIAI0B)
Imported 'GUID: b826d68f9c6c68449b1c91542f0fe300' -> (Import Result ID: 'efa3186bc3267c02abb9b138fd34da17') in 0.010 seconds [static and dynamic dependencies]. Details - ImportResultOutputID=cae9452eac3217b692dd24ce0258a666 DependenciesID=938629c34c60683792ad34e3c6033a57 StaticDependenciesID=9971ca06e685282b5a286194369c2bf6 
Number of updated asset objects reloaded before import = 0
Number of asset objects unloaded after import = 1
========================================================================
Received Import Request.
  Time of request: 2026-09-29T14:08:21.1407345Z
  Time since last request: 12.848177 seconds.
  importAddress: GUID: b826d68f9c6c68449b1c91542f0fe300 - Path: Assets/Ghost/Ghosts - Player.png - Importer: PreviewImporter
Importing 'GUID: b826d68f9c6c68449b1c91542f0fe300 - Path: Assets/Ghost/Ghosts - Player.png - Importer: PreviewImporter' with importer (PreviewImporter)
Imported 'GUID: b826d68f9c6c68449b1c91542f0fe300' -> (Import Result ID: '12b39f8591b2a430e1142c98bffb83b2') in 0.007 seconds [static and dynamic dependencies]. Details - ImportResultOutputID=1ba7893a26a69eeed63ce4812b4506ae DependenciesID=9c1007ac503cb105fdee04e057bbba67 StaticDependenciesID=91afafeed9e5900bd05704ddc71d1dae 
Number of updated asset objects reloaded before import = 0
Number of asset objects unloaded after import = 2
========================================================================
Received Import Request.
  Time of request: 2026-09-29T14:08:22.1046084Z
  Time since last request: 0.9566462 seconds.
  importAddress: GUID: b826d68f9c6c68449b1c91542f0fe300 - Path: Assets/Ghost/Ghosts - Player.png - Importer: ScriptedImporter/UnityEditor.QuickSearchModule:UnityEditor.Search:ASIAI0B
Importing 'GUID: b826d68f9c6c68449b1c91542f0fe300 - Path: Assets/Ghost/Ghosts - Player.png - Importer: ScriptedImporter/UnityEditor.QuickSearchModule:UnityEditor.Search:ASIAI0B' with importer (ScriptedImporter : UnityEditor.QuickSearchModule:UnityEditor.Search:ASIAI0B)
Imported 'GUID: b826d68f9c6c68449b1c91542f0fe300' -> (Import Result ID: '8c10c551b8bd8afe793de64c0867397e') in 0.012 seconds [static and dynamic dependencies]. Details - ImportResultOutputID=f47ab3352db46c71a49a847e1650f50f DependenciesID=673c53cd2111787cd052a2045cd3e2a9 StaticDependenciesID=36568ec769c13c5be562a92d792a07e0 
Number of updated asset objects reloaded before import = 0
Number of asset objects unloaded after import = 1
========================================================================
Received Prepare
AcceleratorClientConnectionCallback - disconnected - :0
Unloading 0 Unused Serialized files (Serialized files now loaded: 0)
Unloading 0 unused Assets / (0 B). Loaded Objects now: 692.
Memory consumption went from 161.2 MB to 161.2 MB.
Total: 14.775300 ms (FindLiveObjects: 0.096000 ms CreateObjectMapping: 0.024000 ms MarkObjects: 14.644400 ms  DeleteObjects: 0.007100 ms)

Prepare: number of updated asset objects reloaded= 0
========================================================================
Received Import Request.
  Time of request: 2026-09-29T14:09:59.917956Z
  Time since last request: 97.8010116 seconds.
  importAddress: GUID: 236b1053103b6c74693a1f1a3998f577 - Path: Assets/Ghost/New Scene.unity - Importer: PreviewImporter
Importing 'GUID: 236b1053103b6c74693a1f1a3998f577 - Path: Assets/Ghost/New Scene.unity - Importer: PreviewImporter' with importer (PreviewImporter)
Imported 'GUID: 236b1053103b6c74693a1f1a3998f577' -> (Import Result ID: 'ff9cbd6314bce044e88ff17a8d1ffedd') in 0.001 seconds [static and dynamic dependencies]. Details - ImportResultOutputID=b0b0184a22b2b05a6b766948291f9f58 DependenciesID=2ba188333bc7b09b3279362d059a4a15 StaticDependenciesID=e717739427e5d860b6f74d888dc1cfdd 
Number of updated asset objects reloaded before import = 0
Number of asset objects unloaded after import = 0
========================================================================
Received Import Request.
  Time of request: 2026-09-29T14:10:00.8493091Z
  Time since last request: 0.9303679 seconds.
  importAddress: GUID: 236b1053103b6c74693a1f1a3998f577 - Path: Assets/Ghost/New Scene.unity - Importer: ScriptedImporter/UnityEditor.QuickSearchModule:UnityEditor.Search:ASIAI0B
Importing 'GUID: 236b1053103b6c74693a1f1a3998f577 - Path: Assets/Ghost/New Scene.unity - Importer: ScriptedImporter/UnityEditor.QuickSearchModule:UnityEditor.Search:ASIAI0B' with importer (ScriptedImporter : UnityEditor.QuickSearchModule:UnityEditor.Search:ASIAI0B)
Imported 'GUID: 236b1053103b6c74693a1f1a3998f577' -> (Import Result ID: 'a72702dcc58ee44271e2215809341628') in 0.012 seconds [static and dynamic dependencies]. Details - ImportResultOutputID=8cb197afe7094e1239f8e7ca35e513aa DependenciesID=1bfc768c8bb3bb355ed65607a0015cd5 StaticDependenciesID=14fcbc9f38da31acec3db470897c05da 
Number of updated asset objects reloaded before import = 0
Number of asset objects unloaded after import = 1
========================================================================
Received Import Request.
  Time of request: 2026-09-29T14:10:11.4824954Z
  Time since last request: 10.6198163 seconds.
  importAddress: GUID: 236b1053103b6c74693a1f1a3998f577 - Path: Assets/Ghost/PlayerTest.unity - Importer: PreviewImporter
Importing 'GUID: 236b1053103b6c74693a1f1a3998f577 - Path: Assets/Ghost/PlayerTest.unity - Importer: PreviewImporter' with importer (PreviewImporter)
Imported 'GUID: 236b1053103b6c74693a1f1a3998f577' -> (Import Result ID: '2f7d53d6aa5adb5fe79fc2673b13ac72') in 0.000 seconds [static and dynamic dependencies]. Details - ImportResultOutputID=b0b0184a22b2b05a6b766948291f9f58 DependenciesID=5d08882f9fdc221d54c6d8928a370fc8 StaticDependenciesID=67fd95e20e7185392fb6277acebded56 
Number of updated asset objects reloaded before import = 0
Number of asset objects unloaded after import = 0
========================================================================
Received Import Request.
  Time of request: 2026-09-29T14:10:12.4586742Z
  Time since last request: 0.9752143 seconds.
  importAddress: GUID: 236b1053103b6c74693a1f1a3998f577 - Path: Assets/Ghost/PlayerTest.unity - Importer: ScriptedImporter/UnityEditor.QuickSearchModule:UnityEditor.Search:ASIAI0B
Importing 'GUID: 236b1053103b6c74693a1f1a3998f577 - Path: Assets/Ghost/PlayerTest.unity - Importer: ScriptedImporter/UnityEditor.QuickSearchModule:UnityEditor.Search:ASIAI0B' with importer (ScriptedImporter : UnityEditor.QuickSearchModule:UnityEditor.Search:ASIAI0B)
Imported 'GUID: 236b1053103b6c74693a1f1a3998f577' -> (Import Result ID: '929ae79c216acdd8f243ff363e0fb995') in 0.009 seconds [static and dynamic dependencies]. Details - ImportResultOutputID=ffac037944b06d8cb191f6d98f805844 DependenciesID=e44d77f6a023c5825374ac6b3d8389d4 StaticDependenciesID=f0cf06f68945fa678b3edcf5337a5f77 
Number of updated asset objects reloaded before import = 0
Number of asset objects unloaded after import = 1
========================================================================
Received Import Request.
  Time of request: 2026-09-29T14:10:16.7469015Z
  Time since last request: 4.2778299 seconds.
  importAddress: GUID: 236b1053103b6c74693a1f1a3998f577 - Path: Assets/PlayerTest.unity - Importer: ScriptedImporter/UnityEditor.QuickSearchModule:UnityEditor.Search:ASIAI0B
Importing 'GUID: 236b1053103b6c74693a1f1a3998f577 - Path: Assets/PlayerTest.unity - Importer: ScriptedImporter/UnityEditor.QuickSearchModule:UnityEditor.Search:ASIAI0B' with importer (ScriptedImporter : UnityEditor.QuickSearchModule:UnityEditor.Search:ASIAI0B)
Imported 'GUID: 236b1053103b6c74693a1f1a3998f577' -> (Import Result ID: '876c7bca5119f7a14e5946ca695fd56c') in 0.010 seconds [static and dynamic dependencies]. Details - ImportResultOutputID=2b70f768b0aa305f832dce2acbe50244 DependenciesID=8b741cfaa21e97a51ff1db01065e602e StaticDependenciesID=f0cf06f68945fa678b3edcf5337a5f77 
Number of updated asset objects reloaded before import = 0
Number of asset objects unloaded after import = 1
========================================================================
Received Import Request.
  Time of request: 2026-09-29T14:10:23.3283092Z
  Time since last request: 6.5695463 seconds.
  importAddress: GUID: b00acb8f299cbb445a4e12d232be1ffd - Path: Assets/Scenes - Importer: PreviewImporter
Importing 'GUID: b00acb8f299cbb445a4e12d232be1ffd - Path: Assets/Scenes - Importer: PreviewImporter' with importer (PreviewImporter)
Imported 'GUID: b00acb8f299cbb445a4e12d232be1ffd' -> (Import Result ID: '2376daa41ba040e817f46351a4fd0879') in 0.000 seconds [static and dynamic dependencies]. Details - ImportResultOutputID=c2c243b4666d0a6defd8e209ea793986 DependenciesID=7f2386955d7263471a1e7f093bf564d6 StaticDependenciesID=f163eed2477c1c71e2490926646b31e9 
Number of updated asset objects reloaded before import = 0
Number of asset objects unloaded after import = 0
========================================================================
Received Import Request.
  Time of request: 2026-09-29T14:10:24.2811828Z
  Time since last request: 0.9520086 seconds.
  importAddress: GUID: b00acb8f299cbb445a4e12d232be1ffd - Path: Assets/Scenes - Importer: ScriptedImporter/UnityEditor.QuickSearchModule:UnityEditor.Search:ASIAI0B
Importing 'GUID: b00acb8f299cbb445a4e12d232be1ffd - Path: Assets/Scenes - Importer: ScriptedImporter/UnityEditor.QuickSearchModule:UnityEditor.Search:ASIAI0B' with importer (ScriptedImporter : UnityEditor.QuickSearchModule:UnityEditor.Search:ASIAI0B)
Imported 'GUID: b00acb8f299cbb445a4e12d232be1ffd' -> (Import Result ID: '7cde78d15a71da78b2fedc69010fcfda') in 0.004 seconds [static and dynamic dependencies]. Details - ImportResultOutputID=a5996550a401c23612355f0d4fb2f516 DependenciesID=ed3294f7b1b1e0ed9ddc47d0c886c2e6 StaticDependenciesID=99485faa2af9f54f0566151594067c81 
Number of updated asset objects reloaded before import = 0
Number of asset objects unloaded after import = 1
========================================================================
Received Import Request.
  Time of request: 2026-09-29T14:10:26.4452889Z
  Time since last request: 2.159399 seconds.
  importAddress: GUID: 236b1053103b6c74693a1f1a3998f577 - Path: Assets/Scenes/PlayerTest.unity - Importer: ScriptedImporter/UnityEditor.QuickSearchModule:UnityEditor.Search:ASIAI0B
Importing 'GUID: 236b1053103b6c74693a1f1a3998f577 - Path: Assets/Scenes/PlayerTest.unity - Importer: ScriptedImporter/UnityEditor.QuickSearchModule:UnityEditor.Search:ASIAI0B' with importer (ScriptedImporter : UnityEditor.QuickSearchModule:UnityEditor.Search:ASIAI0B)
Imported 'GUID: 236b1053103b6c74693a1f1a3998f577' -> (Import Result ID: 'da41fd6216ba789ab9ec823c89edba10') in 0.007 seconds [static and dynamic dependencies]. Details - ImportResultOutputID=e52c7ceb242fd2535121b33810e2406e DependenciesID=83e2b9456f7d96633570a999fb7b70c5 StaticDependenciesID=f0cf06f68945fa678b3edcf5337a5f77 
Number of updated asset objects reloaded before import = 0
Number of asset objects unloaded after import = 1
========================================================================
Received Prepare
AcceleratorClientConnectionCallback - disconnected - :0
Unloading 0 Unused Serialized files (Serialized files now loaded: 0)
Unloading 0 unused Assets / (0 B). Loaded Objects now: 692.
Memory consumption went from 161.2 MB to 161.2 MB.
Total: 11.735900 ms (FindLiveObjects: 0.080600 ms CreateObjectMapping: 0.033200 ms MarkObjects: 11.613300 ms  DeleteObjects: 0.007200 ms)

Prepare: number of updated asset objects reloaded= 0
========================================================================
Received Import Request.
  Time of request: 2026-09-29T14:10:45.2574723Z
  Time since last request: 18.803995 seconds.
  importAddress: GUID: e1fc82e946fca7c4290faaaf8facdcff - Path: Assets/Scenes/New Folder - Importer: PreviewImporter
Importing 'GUID: e1fc82e946fca7c4290faaaf8facdcff - Path: Assets/Scenes/New Folder - Importer: PreviewImporter' with importer (PreviewImporter)
Imported 'GUID: e1fc82e946fca7c4290faaaf8facdcff' -> (Import Result ID: '45e6514a72ed78d7bdb9c636971c00d7') in 0.000 seconds [static and dynamic dependencies]. Details - ImportResultOutputID=465b0e2abae40a44fa3c81f5c984d7fd DependenciesID=fdf781252a2b92a8468fd4466c57cb60 StaticDependenciesID=7c73fb486a8e780ae7379b27345fe927 
Number of updated asset objects reloaded before import = 0
Number of asset objects unloaded after import = 0
========================================================================
Received Import Request.
  Time of request: 2026-09-29T14:10:46.2166992Z
  Time since last request: 0.9585874 seconds.
  importAddress: GUID: e1fc82e946fca7c4290faaaf8facdcff - Path: Assets/Scenes/New Folder - Importer: ScriptedImporter/UnityEditor.QuickSearchModule:UnityEditor.Search:ASIAI0B
Importing 'GUID: e1fc82e946fca7c4290faaaf8facdcff - Path: Assets/Scenes/New Folder - Importer: ScriptedImporter/UnityEditor.QuickSearchModule:UnityEditor.Search:ASIAI0B' with importer (ScriptedImporter : UnityEditor.QuickSearchModule:UnityEditor.Search:ASIAI0B)
Imported 'GUID: e1fc82e946fca7c4290faaaf8facdcff' -> (Import Result ID: '3cdcf22412fba0200dc977ca45e088d1') in 0.009 seconds [static and dynamic dependencies]. Details - ImportResultOutputID=291c0e6e72db59bda59103a616f7b3c9 DependenciesID=df48df05533628c951b44948d629ddf7 StaticDependenciesID=a87391b6e6eec2be5dfa775bf7d878e9 
Number of updated asset objects reloaded before import = 0
Number of asset objects unloaded after import = 1
========================================================================
Received Import Request.
  Time of request: 2026-09-29T14:11:00.0016989Z
  Time since last request: 13.7751541 seconds.
  importAddress: GUID: 7baafb2209f1be8478273c045829e282 - Path: Assets/Scenes/MainScene.unity - Importer: PreviewImporter
Importing 'GUID: 7baafb2209f1be8478273c045829e282 - Path: Assets/Scenes/MainScene.unity - Importer: PreviewImporter' with importer (PreviewImporter)
Imported 'GUID: 7baafb2209f1be8478273c045829e282' -> (Import Result ID: '0185b8a8d091755768a8509f87c6d05a') in 0.001 seconds [static and dynamic dependencies]. Details - ImportResultOutputID=5378d1527281a43ab3277d59c2f0d780 DependenciesID=5ca8dc6b68a1c8f9429a67ff74abb494 StaticDependenciesID=55df0f10de237461e9e4f799ffb41c95 
Number of updated asset objects reloaded before import = 0
Number of asset objects unloaded after import = 0
========================================================================
Received Import Request.
  Time of request: 2026-09-29T14:11:00.9681715Z
  Time since last request: 0.9654647 seconds.
  importAddress: GUID: 7baafb2209f1be8478273c045829e282 - Path: Assets/Scenes/MainScene.unity - Importer: ScriptedImporter/UnityEditor.QuickSearchModule:UnityEditor.Search:ASIAI0B
Importing 'GUID: 7baafb2209f1be8478273c045829e282 - Path: Assets/Scenes/MainScene.unity - Importer: ScriptedImporter/UnityEditor.QuickSearchModule:UnityEditor.Search:ASIAI0B' with importer (ScriptedImporter : UnityEditor.QuickSearchModule:UnityEditor.Search:ASIAI0B)
Imported 'GUID: 7baafb2209f1be8478273c045829e282' -> (Import Result ID: '5a881497bf039a9579008d4e3fa50a67') in 0.012 seconds [static and dynamic dependencies]. Details - ImportResultOutputID=13a6b358bb620c400a4c24c3a3100f55 DependenciesID=af48bad8c12d00d03d5767b5bc2f5fd7 StaticDependenciesID=f6e255703945c52607c7c29fed58ede1 
Number of updated asset objects reloaded before import = 0
Number of asset objects unloaded after import = 1
========================================================================
Received Prepare
AcceleratorClientConnectionCallback - disconnected - :0
Begin MonoManager ReloadAssembly
[Licensing::Client] Successfully resolved entitlement details
Native extension for iOS target not found
Native extension for Android target not found
Native extension for UWP target not found
Native extension for WindowsStandalone target not found
[Package Manager] Failed to launch server process. Reason: Unity was launched with the -noUpm command-line argument
[Package Manager] Unable to send message (not connected to server process).
[Package Manager] Cannot connect to Unity Package Manager local server
ScheduleIndexationOnStartup MainProcess:False IndexOnStartup:True
Mono: successfully reloaded assembly
- Finished resetting the current domain, in  0.573 seconds
Domain Reload Profiling: 1130ms
	BeginReloadAssembly (302ms)
		DisableScriptedObjects (12ms)
		CreateAndSetChildDomain (44ms)
	RebuildCommonClasses (14ms)
	RebuildNativeTypeToScriptingClass (27ms)
	initialDomainReloadingComplete (48ms)
	LoadAllAssembliesAndSetupDomain (165ms)
		LoadAssemblies (165ms)
		AnalyzeDomain (16ms)
			TypeCache.Refresh (9ms)
				TypeCache.ScanAssembly (3ms)
			BuildScriptInfoCaches (5ms)
	FinalizeReload (574ms)
		SetupLoadedEditorAssemblies (0ms)
			InitializePlatformSupportModulesInManaged (25ms)
			BeforeProcessingInitializeOnLoad (136ms)
			ProcessInitializeOnLoadAttributes (113ms)
			ProcessInitializeOnLoadMethodAttributes (100ms)
			AfterProcessingInitializeOnLoad (3ms)
		AwakeInstancesAfterBackupRestoration (3ms)
Unloading 0 Unused Serialized files (Serialized files now loaded: 0)
Unloading 116 unused Assets / (3.1 KB). Loaded Objects now: 745.
Memory consumption went from 162.6 MB to 162.6 MB.
Total: 5.895200 ms (FindLiveObjects: 0.071000 ms CreateObjectMapping: 0.021800 ms MarkObjects: 5.758700 ms  DeleteObjects: 0.042700 ms)

Prepare: number of updated asset objects reloaded= 0
========================================================================
Received Import Request.
  Time of request: 2026-09-29T14:18:05.1991048Z
  Time since last request: 424.14179840000003 seconds.
  importAddress: GUID: 2e807806bf2b76cc518cb2475c77eba8 - Path: Packages/com.unity.2d.sprite - Importer: ScriptedImporter/UnityEditor.QuickSearchModule:UnityEditor.Search:ASIAI0B
Importing 'GUID: 2e807806bf2b76cc518cb2475c77eba8 - Path: Packages/com.unity.2d.sprite - Importer: ScriptedImporter/UnityEditor.QuickSearchModule:UnityEditor.Search:ASIAI0B' with importer (ScriptedImporter : UnityEditor.QuickSearchModule:UnityEditor.Search:ASIAI0B)
Imported 'GUID: 2e807806bf2b76cc518cb2475c77eba8' -> (Import Result ID: '521f414eccdb39e5960dbca736a294bc') in 0.079 seconds [static and dynamic dependencies]. Details - ImportResultOutputID=9952ae23111acda44466973f25981f34 DependenciesID=0b0ca05d6e665feb6abdfe6114368e03 StaticDependenciesID=2ddcec608203fcdcdb94fbf6528f101a 
Number of updated asset objects reloaded before import = 0
Number of asset objects unloaded after import = 1
========================================================================
Received Import Request.
  Time of request: 2026-09-29T14:18:05.2798855Z
  Time since last request: 0.0004667 seconds.
  importAddress: GUID: 71ebafeef3c03457483266a33ab2b270 - Path: Packages/com.unity.2d.sprite/Editor/ObjectMenuCreation/DefaultAssets/Textures/9-Sliced.png - Importer: ScriptedImporter/UnityEditor.QuickSearchModule:UnityEditor.Search:ASIAI0B
Importing 'GUID: 71ebafeef3c03457483266a33ab2b270 - Path: Packages/com.unity.2d.sprite/Editor/ObjectMenuCreation/DefaultAssets/Textures/9-Sliced.png - Importer: ScriptedImporter/UnityEditor.QuickSearchModule:UnityEditor.Search:ASIAI0B' with importer (ScriptedImporter : UnityEditor.QuickSearchModule:UnityEditor.Search:ASIAI0B)
Imported 'GUID: 71ebafeef3c03457483266a33ab2b270' -> (Import Result ID: 'c446cc606e34e9744227234a6313db47') in 0.119 seconds [static and dynamic dependencies]. Details - ImportResultOutputID=3a0a6f44d4eb88153e4d85bd130d9ce6 DependenciesID=fc889d922f6a477bd8191fb85be30f21 StaticDependenciesID=0cc50f1d322b9977c02c25bc0a6914d6 
Number of updated asset objects reloaded before import = 0
Number of asset objects unloaded after import = 3
========================================================================
Received Import Request.
  Time of request: 2026-09-29T14:18:05.3996545Z
  Time since last request: 0.0004959 seconds.
  importAddress: GUID: 7f0671c40ca5e46f5bf215ab8ac0464f - Path: Packages/com.unity.2d.sprite/Editor/SpriteEditorModule/SpriteFrameModule/DefaultSpriteNameFileIdDataProvider.cs - Importer: ScriptedImporter/UnityEditor.QuickSearchModule:UnityEditor.Search:ASIAI0B
Importing 'GUID: 7f0671c40ca5e46f5bf215ab8ac0464f - Path: Packages/com.unity.2d.sprite/Editor/SpriteEditorModule/SpriteFrameModule/DefaultSpriteNameFileIdDataProvider.cs - Importer: ScriptedImporter/UnityEditor.QuickSearchModule:UnityEditor.Search:ASIAI0B' with importer (ScriptedImporter : UnityEditor.QuickSearchModule:UnityEditor.Search:ASIAI0B)
Imported 'GUID: 7f0671c40ca5e46f5bf215ab8ac0464f' -> (Import Result ID: '13b4716c2176191b3fde3ab3c6ea3fee') in 0.005 seconds [static and dynamic dependencies]. Details - ImportResultOutputID=4819da1e0ad0872afb3b68a84537cef7 DependenciesID=40d6db0e2d561259761efc186a06cdeb StaticDependenciesID=01d6dc2fc1deb9a8fdbd3aaeb11a66ad 
Number of updated asset objects reloaded before import = 0
Number of asset objects unloaded after import = 0
========================================================================
Received Import Request.
  Time of request: 2026-09-29T14:18:05.4050628Z
  Time since last request: 0.000352 seconds.
  importAddress: GUID: c693be034becdaf47950682a32609856 - Path: Packages/com.unity.2d.sprite/Editor/Interface/IHandles.cs - Importer: ScriptedImporter/UnityEditor.QuickSearchModule:UnityEditor.Search:ASIAI0B
Importing 'GUID: c693be034becdaf47950682a32609856 - Path: Packages/com.unity.2d.sprite/Editor/Interface/IHandles.cs - Importer: ScriptedImporter/UnityEditor.QuickSearchModule:UnityEditor.Search:ASIAI0B' with importer (ScriptedImporter : UnityEditor.QuickSearchModule:UnityEditor.Search:ASIAI0B)
Imported 'GUID: c693be034becdaf47950682a32609856' -> (Import Result ID: 'be9d91638a2fce34aadd4a8d7b8d8011') in 0.007 seconds [static and dynamic dependencies]. Details - ImportResultOutputID=563778a59c6de9a0ed77f883efa4685b DependenciesID=6d90666240086b00c9897ce914074252 StaticDependenciesID=fa6a7ae3b8e2400efb525c01cc8f9364 
Number of updated asset objects reloaded before import = 0
Number of asset objects unloaded after import = 0
========================================================================
Received Import Request.
  Time of request: 2026-09-29T14:18:05.4128172Z
  Time since last request: 0.0005102 seconds.
  importAddress: GUID: 75f5f34dc1b5347e0b8351032682f224 - Path: Packages/com.unity.2d.sprite/Editor/ObjectMenuCreation/DefaultAssets/Textures/v2/Triangle.png - Importer: ScriptedImporter/UnityEditor.QuickSearchModule:UnityEditor.Search:ASIAI0B
Importing 'GUID: 75f5f34dc1b5347e0b8351032682f224 - Path: Packages/com.unity.2d.sprite/Editor/ObjectMenuCreation/DefaultAssets/Textures/v2/Triangle.png - Importer: ScriptedImporter/UnityEditor.QuickSearchModule:UnityEditor.Search:ASIAI0B' with importer (ScriptedImporter : UnityEditor.QuickSearchModule:UnityEditor.Search:ASIAI0B)
Imported 'GUID: 75f5f34dc1b5347e0b8351032682f224' -> (Import Result ID: '8f3aeb48d4e7c7713aef8542cb414605') in 0.014 seconds [static and dynamic dependencies]. Details - ImportResultOutputID=eea839c1b6927f52e2ee1bcd03e8c917 DependenciesID=e961128b40839472834c72cbf6201417 StaticDependenciesID=8fb5e1bb401617d5571f5339db8effb0 
Number of updated asset objects reloaded before import = 0
Number of asset objects unloaded after import = 3
========================================================================
Received Import Request.
  Time of request: 2026-09-29T14:18:05.4279482Z
  Time since last request: 0.0004247 seconds.
  importAddress: GUID: 7013f35dfb10340ecbb956ca7e17de0d - Path: Packages/com.unity.2d.sprite/Editor/Assets/SpriteEditor@2x.png - Importer: ScriptedImporter/UnityEditor.QuickSearchModule:UnityEditor.Search:ASIAI0B
Importing 'GUID: 7013f35dfb10340ecbb956ca7e17de0d - Path: Packages/com.unity.2d.sprite/Editor/Assets/SpriteEditor@2x.png - Importer: ScriptedImporter/UnityEditor.QuickSearchModule:UnityEditor.Search:ASIAI0B' with importer (ScriptedImporter : UnityEditor.QuickSearchModule:UnityEditor.Search:ASIAI0B)
Imported 'GUID: 7013f35dfb10340ecbb956ca7e17de0d' -> (Import Result ID: 'b29487bf2f4beb23e242945ad4d34238') in 0.012 seconds [static and dynamic dependencies]. Details - ImportResultOutputID=f5fde9c7ebd6463b28fbcdf3f69ce4d9 DependenciesID=4b25181195743bd7db2e51e8dcce8b09 StaticDependenciesID=42f1f99c2feaab2c25ba0d490a0aac1f 
Number of updated asset objects reloaded before import = 0
Number of asset objects unloaded after import = 1
========================================================================
Received Import Request.
  Time of request: 2026-09-29T14:18:05.4407315Z
  Time since last request: 0.0003128 seconds.
  importAddress: GUID: 3a4e10ab16352fd4e9a36d87445caaa2 - Path: Packages/com.unity.2d.sprite/Editor/SpriteEditor/SpriteEditorUtility.cs - Importer: ScriptedImporter/UnityEditor.QuickSearchModule:UnityEditor.Search:ASIAI0B
Importing 'GUID: 3a4e10ab16352fd4e9a36d87445caaa2 - Path: Packages/com.unity.2d.sprite/Editor/SpriteEditor/SpriteEditorUtility.cs - Importer: ScriptedImporter/UnityEditor.QuickSearchModule:UnityEditor.Search:ASIAI0B' with importer (ScriptedImporter : UnityEditor.QuickSearchModule:UnityEditor.Search:ASIAI0B)
Imported 'GUID: 3a4e10ab16352fd4e9a36d87445caaa2' -> (Import Result ID: '37beb028d88628c4df7aa2bb7ec9191f') in 0.004 seconds [static and dynamic dependencies]. Details - ImportResultOutputID=17cdf5975d0c688424f2c663c0b9d3e1 DependenciesID=fa6d68c3ba24109d292b8abbefac2ace StaticDependenciesID=a9dc06cd83a161de3298d4149af97c06 
Number of updated asset objects reloaded before import = 0
Number of asset objects unloaded after import = 0
========================================================================
Received Import Request.
  Time of request: 2026-09-29T14:18:05.4456453Z
  Time since last request: 0.0003908 seconds.
  importAddress: GUID: 7dc5f1e5d04ac8549ac21802071e983b - Path: Packages/com.unity.2d.sprite/package.json - Importer: ScriptedImporter/UnityEditor.QuickSearchModule:UnityEditor.Search:ASIAI0B
Importing 'GUID: 7dc5f1e5d04ac8549ac21802071e983b - Path: Packages/com.unity.2d.sprite/package.json - Importer: ScriptedImporter/UnityEditor.QuickSearchModule:UnityEditor.Search:ASIAI0B' with importer (ScriptedImporter : UnityEditor.QuickSearchModule:UnityEditor.Search:ASIAI0B)
Imported 'GUID: 7dc5f1e5d04ac8549ac21802071e983b' -> (Import Result ID: '0bbf750d72b9383d135c3566dd0d261a') in 0.005 seconds [static and dynamic dependencies]. Details - ImportResultOutputID=453e9ce654c0182e8a0ebcc6069c2068 DependenciesID=2338fd7ab79b71d509973190c8ccaa6e StaticDependenciesID=26322db4ebdf56b3cb376f969ca15851 
Number of updated asset objects reloaded before import = 0
Number of asset objects unloaded after import = 1
========================================================================
Received Import Request.
  Time of request: 2026-09-29T14:18:05.4515682Z
  Time since last request: 0.000355 seconds.
  importAddress: GUID: ffc051df01eb64128a79b31b97748c4c - Path: Packages/com.unity.2d.sprite/Editor/ObjectMenuCreation - Importer: ScriptedImporter/UnityEditor.QuickSearchModule:UnityEditor.Search:ASIAI0B
Importing 'GUID: ffc051df01eb64128a79b31b97748c4c - Path: Packages/com.unity.2d.sprite/Editor/ObjectMenuCreation - Importer: ScriptedImporter/UnityEditor.QuickSearchModule:UnityEditor.Search:ASIAI0B' with importer (ScriptedImporter : UnityEditor.QuickSearchModule:UnityEditor.Search:ASIAI0B)
Imported 'GUID: ffc051df01eb64128a79b31b97748c4c' -> (Import Result ID: 'b3f2e93b26491d68d998085cc0ea3238') in 0.006 seconds [static and dynamic dependencies]. Details - ImportResultOutputID=4da14d0181a5c6d939545e2b35b17525 DependenciesID=f56696e69d2f4239116bff8df4381440 StaticDependenciesID=b1bbd43663decbe9bcc6f7db4adfb2e4 
Number of updated asset objects reloaded before import = 0
Number of asset objects unloaded after import = 1
========================================================================
Received Import Request.
  Time of request: 2026-09-29T14:18:05.4584247Z
  Time since last request: 0.0003513 seconds.
  importAddress: GUID: 498df720f0ae4254699297d8a529a729 - Path: Packages/com.unity.2d.sprite/Editor/SpriteEditor/SpriteEditorHandles.cs - Importer: ScriptedImporter/UnityEditor.QuickSearchModule:UnityEditor.Search:ASIAI0B
Importing 'GUID: 498df720f0ae4254699297d8a529a729 - Path: Packages/com.unity.2d.sprite/Editor/SpriteEditor/SpriteEditorHandles.cs - Importer: ScriptedImporter/UnityEditor.QuickSearchModule:UnityEditor.Search:ASIAI0B' with importer (ScriptedImporter : UnityEditor.QuickSearchModule:UnityEditor.Search:ASIAI0B)
Imported 'GUID: 498df720f0ae4254699297d8a529a729' -> (Import Result ID: '085b1a89c3b55a7625f99b162461bd39') in 0.004 seconds [static and dynamic dependencies]. Details - ImportResultOutputID=23e78b0255ebfaeb0516fd425e5b0040 DependenciesID=8951b641f0f2ef91fe94a45d2070e5ae StaticDependenciesID=56dcc0e3173efc687124c2c2483c1cdb 
Number of updated asset objects reloaded before import = 0
Number of asset objects unloaded after import = 0
========================================================================
Received Import Request.
  Time of request: 2026-09-29T14:18:05.4632297Z
  Time since last request: 0.0003672 seconds.
  importAddress: GUID: 892011c7f9f44a1f808d79c1b1799242 - Path: Packages/com.unity.2d.sprite/Editor/SpriteEditorModule/SpriteFrameModule/SpriteFrameEditor/SpriteFrameScenePreview.cs - Importer: ScriptedImporter/UnityEditor.QuickSearchModule:UnityEditor.Search:ASIAI0B
Importing 'GUID: 892011c7f9f44a1f808d79c1b1799242 - Path: Packages/com.unity.2d.sprite/Editor/SpriteEditorModule/SpriteFrameModule/SpriteFrameEditor/SpriteFrameScenePreview.cs - Importer: ScriptedImporter/UnityEditor.QuickSearchModule:UnityEditor.Search:ASIAI0B' with importer (ScriptedImporter : UnityEditor.QuickSearchModule:UnityEditor.Search:ASIAI0B)
Imported 'GUID: 892011c7f9f44a1f808d79c1b1799242' -> (Import Result ID: 'ff4379c7405064f24c117f879043d507') in 0.005 seconds [static and dynamic dependencies]. Details - ImportResultOutputID=fb47b8c31dc01e191b24477540a7397a DependenciesID=502ff425cbee857f0ac610b6477619f2 StaticDependenciesID=2a032ed2b85a22fd7c671f4448eb7c02 
Number of updated asset objects reloaded before import = 0
Number of asset objects unloaded after import = 0
========================================================================
Received Import Request.
  Time of request: 2026-09-29T14:18:05.4693244Z
  Time since last request: 0.0005565 seconds.
  importAddress: GUID: f321d58a3ae74a3d93a1671b48cadbc1 - Path: Packages/com.unity.2d.sprite/Editor/SpriteEditorModule/SpriteFrameModule/IsometricSlicingUtility.cs - Importer: ScriptedImporter/UnityEditor.QuickSearchModule:UnityEditor.Search:ASIAI0B
Importing 'GUID: f321d58a3ae74a3d93a1671b48cadbc1 - Path: Packages/com.unity.2d.sprite/Editor/SpriteEditorModule/SpriteFrameModule/IsometricSlicingUtility.cs - Importer: ScriptedImporter/UnityEditor.QuickSearchModule:UnityEditor.Search:ASIAI0B' with importer (ScriptedImporter : UnityEditor.QuickSearchModule:UnityEditor.Search:ASIAI0B)
Imported 'GUID: f321d58a3ae74a3d93a1671b48cadbc1' -> (Import Result ID: '35551a0a53d017859f48c76b3212847a') in 0.005 seconds [static and dynamic dependencies]. Details - ImportResultOutputID=29d0f6b71ed1a22d732133f846e6bc0e DependenciesID=05dcd86c27f1ef2f45c1037723ebb89d StaticDependenciesID=4a182290bcbda6d5509c2f7a3345e86f 
Number of updated asset objects reloaded before import = 0
Number of asset objects unloaded after import = 0
========================================================================
Received Import Request.
  Time of request: 2026-09-29T14:18:05.4748784Z
  Time since last request: 0.0003897 seconds.
  importAddress: GUID: 25120529dad8a144fb8aa8b2f55d2562 - Path: Packages/com.unity.2d.sprite/Editor/SpriteEditorModule/SpriteFrameModule/SpriteFrameModuleBaseView.cs - Importer: ScriptedImporter/UnityEditor.QuickSearchModule:UnityEditor.Search:ASIAI0B
Importing 'GUID: 25120529dad8a144fb8aa8b2f55d2562 - Path: Packages/com.unity.2d.sprite/Editor/SpriteEditorModule/SpriteFrameModule/SpriteFrameModuleBaseView.cs - Importer: ScriptedImporter/UnityEditor.QuickSearchModule:UnityEditor.Search:ASIAI0B' with importer (ScriptedImporter : UnityEditor.QuickSearchModule:UnityEditor.Search:ASIAI0B)
Imported 'GUID: 25120529dad8a144fb8aa8b2f55d2562' -> (Import Result ID: '78354197b20106d5a02f01d4a26195a4') in 0.005 seconds [static and dynamic dependencies]. Details - ImportResultOutputID=cb2b95f6ed7250a34708be46652d853c DependenciesID=abbb50af9ba7f2cf0852f1c04ad63e0f StaticDependenciesID=5c1b7d184895bc34efb512924805ef7a 
Number of updated asset objects reloaded before import = 0
Number of asset objects unloaded after import = 0
========================================================================
Received Import Request.
  Time of request: 2026-09-29T14:18:05.4806688Z
  Time since last request: 0.000269 seconds.
  importAddress: GUID: 697cfdfbecf74341b95e4e53e01ebd6a - Path: Packages/com.unity.2d.sprite/Editor/Utilities.cs - Importer: ScriptedImporter/UnityEditor.QuickSearchModule:UnityEditor.Search:ASIAI0B
Importing 'GUID: 697cfdfbecf74341b95e4e53e01ebd6a - Path: Packages/com.unity.2d.sprite/Editor/Utilities.cs - Importer: ScriptedImporter/UnityEditor.QuickSearchModule:UnityEditor.Search:ASIAI0B' with importer (ScriptedImporter : UnityEditor.QuickSearchModule:UnityEditor.Search:ASIAI0B)
Imported 'GUID: 697cfdfbecf74341b95e4e53e01ebd6a' -> (Import Result ID: '61a80c78f36d045d25ecc4d1a5c86420') in 0.004 seconds [static and dynamic dependencies]. Details - ImportResultOutputID=c30cb557fcc6708a36baebabde230cf1 DependenciesID=6119c9db86f5d0f0fc48f58a0b6c4805 StaticDependenciesID=0a71402e289f136bbe6628ab8f93fb2a 
Number of updated asset objects reloaded before import = 0
Number of asset objects unloaded after import = 0
========================================================================
Received Import Request.
  Time of request: 2026-09-29T14:18:05.485459Z
  Time since last request: 0.0004439 seconds.
  importAddress: GUID: f1ac44b28dd46344faf8592380505aa5 - Path: Packages/com.unity.2d.sprite/Editor/Interface/ISpriteEditorDataProvider.cs - Importer: ScriptedImporter/UnityEditor.QuickSearchModule:UnityEditor.Search:ASIAI0B
Importing 'GUID: f1ac44b28dd46344faf8592380505aa5 - Path: Packages/com.unity.2d.sprite/Editor/Interface/ISpriteEditorDataProvider.cs - Importer: ScriptedImporter/UnityEditor.QuickSearchModule:UnityEditor.Search:ASIAI0B' with importer (ScriptedImporter : UnityEditor.QuickSearchModule:UnityEditor.Search:ASIAI0B)
Imported 'GUID: f1ac44b28dd46344faf8592380505aa5' -> (Import Result ID: 'd9f8e41c658b8e9d4eab9e58867274a9') in 0.005 seconds [static and dynamic dependencies]. Details - ImportResultOutputID=16f2cdeac5af2ae975ec9be6b5656bd2 DependenciesID=7bdf4270e720af7c2fc11e6161caeea6 StaticDependenciesID=89c3b06cf11113a96e2adad05994d8ea 
Number of updated asset objects reloaded before import = 0
Number of asset objects unloaded after import = 0
========================================================================
Received Import Request.
  Time of request: 2026-09-29T14:18:05.4909715Z
  Time since last request: 0.0004321 seconds.
  importAddress: GUID: 99f08c278783a314091b218d2a38fa4f - Path: Packages/com.unity.2d.sprite/Editor/SpriteEditorModule/SpriteFrameModule/SpriteFrameModuleBase.cs - Importer: ScriptedImporter/UnityEditor.QuickSearchModule:UnityEditor.Search:ASIAI0B
Importing 'GUID: 99f08c278783a314091b218d2a38fa4f - Path: Packages/com.unity.2d.sprite/Editor/SpriteEditorModule/SpriteFrameModule/SpriteFrameModuleBase.cs - Importer: ScriptedImporter/UnityEditor.QuickSearchModule:UnityEditor.Search:ASIAI0B' with importer (ScriptedImporter : UnityEditor.QuickSearchModule:UnityEditor.Search:ASIAI0B)
Imported 'GUID: 99f08c278783a314091b218d2a38fa4f' -> (Import Result ID: '90f3381a6ca307aa770dc0b7bbc63dff') in 0.004 seconds [static and dynamic dependencies]. Details - ImportResultOutputID=8cf350112149f38fb210a4682c186f40 DependenciesID=a1bf9b775573ac3837d3d7642855adfb StaticDependenciesID=6be1c6f028eacbffe09e0519abc8c28f 
Number of updated asset objects reloaded before import = 0
Number of asset objects unloaded after import = 0
========================================================================
Received Import Request.
  Time of request: 2026-09-29T14:18:05.4959753Z
  Time since last request: 0.0003855 seconds.
  importAddress: GUID: 280bc809637244098831703fe59e51be - Path: Packages/com.unity.2d.sprite/Editor/SpriteEditorModule/SpriteFrameModule/UndoObject/SpriteFrameModeUndoObject.cs - Importer: ScriptedImporter/UnityEditor.QuickSearchModule:UnityEditor.Search:ASIAI0B
Importing 'GUID: 280bc809637244098831703fe59e51be - Path: Packages/com.unity.2d.sprite/Editor/SpriteEditorModule/SpriteFrameModule/UndoObject/SpriteFrameModeUndoObject.cs - Importer: ScriptedImporter/UnityEditor.QuickSearchModule:UnityEditor.Search:ASIAI0B' with importer (ScriptedImporter : UnityEditor.QuickSearchModule:UnityEditor.Search:ASIAI0B)
Imported 'GUID: 280bc809637244098831703fe59e51be' -> (Import Result ID: 'f4e38ddbfd986f51cb21f709a90e4d61') in 0.005 seconds [static and dynamic dependencies]. Details - ImportResultOutputID=7e2041b5b32ca2d1fee1a7c04d78b3d5 DependenciesID=292171593576d841598465ca0e9c8fcd StaticDependenciesID=a1235a2585520c00f90a4b8aa89fad21 
Number of updated asset objects reloaded before import = 0
Number of asset objects unloaded after import = 0
========================================================================
Received Import Request.
  Time of request: 2026-09-29T14:18:05.5013273Z
  Time since last request: 0.0003698 seconds.
  importAddress: GUID: 4adeaf2d2b1c7417e89f026626d8264f - Path: Packages/com.unity.2d.sprite/Editor/ObjectMenuCreation/DefaultAssets/Textures/CircleWithBorder.png - Importer: ScriptedImporter/UnityEditor.QuickSearchModule:UnityEditor.Search:ASIAI0B
Importing 'GUID: 4adeaf2d2b1c7417e89f026626d8264f - Path: Packages/com.unity.2d.sprite/Editor/ObjectMenuCreation/DefaultAssets/Textures/CircleWithBorder.png - Importer: ScriptedImporter/UnityEditor.QuickSearchModule:UnityEditor.Search:ASIAI0B' with importer (ScriptedImporter : UnityEditor.QuickSearchModule:UnityEditor.Search:ASIAI0B)
Imported 'GUID: 4adeaf2d2b1c7417e89f026626d8264f' -> (Import Result ID: '660eb5e5f906077107e757cf8ce220cf') in 0.012 seconds [static and dynamic dependencies]. Details - ImportResultOutputID=6132f7321e4c123afb21adc6e025445e DependenciesID=dfe5d64b0615a503c96147712523ef4e StaticDependenciesID=75fe80a1638467162a660c0c8e52a502 
Number of updated asset objects reloaded before import = 0
Number of asset objects unloaded after import = 3
========================================================================
Received Import Request.
  Time of request: 2026-09-29T14:18:05.5138298Z
  Time since last request: 0.0002857 seconds.
  importAddress: GUID: 6980eb2a267119340ba441b9f427461a - Path: Packages/com.unity.2d.sprite/Editor/SpriteEditorModule/SpritePhysicsShapeModule.cs - Importer: ScriptedImporter/UnityEditor.QuickSearchModule:UnityEditor.Search:ASIAI0B
Importing 'GUID: 6980eb2a267119340ba441b9f427461a - Path: Packages/com.unity.2d.sprite/Editor/SpriteEditorModule/SpritePhysicsShapeModule.cs - Importer: ScriptedImporter/UnityEditor.QuickSearchModule:UnityEditor.Search:ASIAI0B' with importer (ScriptedImporter : UnityEditor.QuickSearchModule:UnityEditor.Search:ASIAI0B)
Imported 'GUID: 6980eb2a267119340ba441b9f427461a' -> (Import Result ID: 'ac03145ca78677059c8e1e394a948ee7') in 0.005 seconds [static and dynamic dependencies]. Details - ImportResultOutputID=bdeaf9faa4b2c431ba9278656d6c5d96 DependenciesID=bb1d2a484911baeeb0625b3db9c9bd66 StaticDependenciesID=0b60fbbff226ea9b732c5c91447a6767 
Number of updated asset objects reloaded before import = 0
Number of asset objects unloaded after import = 0
========================================================================
Received Import Request.
  Time of request: 2026-09-29T14:18:05.5195755Z
  Time since last request: 0.00039 seconds.
  importAddress: GUID: ea6dbc5d03b50f148a26b55c617dcb22 - Path: Packages/com.unity.2d.sprite/Tests/Editor/SpritePackageTests.cs - Importer: ScriptedImporter/UnityEditor.QuickSearchModule:UnityEditor.Search:ASIAI0B
Importing 'GUID: ea6dbc5d03b50f148a26b55c617dcb22 - Path: Packages/com.unity.2d.sprite/Tests/Editor/SpritePackageTests.cs - Importer: ScriptedImporter/UnityEditor.QuickSearchModule:UnityEditor.Search:ASIAI0B' with importer (ScriptedImporter : UnityEditor.QuickSearchModule:UnityEditor.Search:ASIAI0B)
Imported 'GUID: ea6dbc5d03b50f148a26b55c617dcb22' -> (Import Result ID: '2069871e3375f5bda6240cfbd878add4') in 0.004 seconds [static and dynamic dependencies]. Details - ImportResultOutputID=a979f8f2cf68dc324e4c0da953e960a0 DependenciesID=e17eeb83655359b78a69b6ad322dc875 StaticDependenciesID=c17a1d8d0d2b6cace3a6f98d0efd138a 
Number of updated asset objects reloaded before import = 0
Number of asset objects unloaded after import = 0
========================================================================
Received Import Request.
  Time of request: 2026-09-29T14:18:05.5243827Z
  Time since last request: 0.0004302 seconds.
  importAddress: GUID: 2481b0bd772f54e48a4e5760f5cb0192 - Path: Packages/com.unity.2d.sprite/Editor/SpriteEditorModule/SpriteOutlineModule.cs - Importer: ScriptedImporter/UnityEditor.QuickSearchModule:UnityEditor.Search:ASIAI0B
Importing 'GUID: 2481b0bd772f54e48a4e5760f5cb0192 - Path: Packages/com.unity.2d.sprite/Editor/SpriteEditorModule/SpriteOutlineModule.cs - Importer: ScriptedImporter/UnityEditor.QuickSearchModule:UnityEditor.Search:ASIAI0B' with importer (ScriptedImporter : UnityEditor.QuickSearchModule:UnityEditor.Search:ASIAI0B)
Imported 'GUID: 2481b0bd772f54e48a4e5760f5cb0192' -> (Import Result ID: 'f34d5bf47d0dcb892493737253c185ee') in 0.005 seconds [static and dynamic dependencies]. Details - ImportResultOutputID=15d1acffacf51c905d9e3b4d2454d8a0 DependenciesID=855f4c49130adfb5d3ab1e19067b190b StaticDependenciesID=519f14183b89863b861bc279064d9a73 
Number of updated asset objects reloaded before import = 0
Number of asset objects unloaded after import = 0
========================================================================
Received Import Request.
  Time of request: 2026-09-29T14:18:05.5298642Z
  Time since last request: 0.0003945 seconds.
  importAddress: GUID: b670ab75dde984907b8570040daa08c5 - Path: Packages/com.unity.2d.sprite/Editor/ObjectMenuCreation/DefaultAssets/Textures/v2/HexagonFlatTop.png - Importer: ScriptedImporter/UnityEditor.QuickSearchModule:UnityEditor.Search:ASIAI0B
Importing 'GUID: b670ab75dde984907b8570040daa08c5 - Path: Packages/com.unity.2d.sprite/Editor/ObjectMenuCreation/DefaultAssets/Textures/v2/HexagonFlatTop.png - Importer: ScriptedImporter/UnityEditor.QuickSearchModule:UnityEditor.Search:ASIAI0B' with importer (ScriptedImporter : UnityEditor.QuickSearchModule:UnityEditor.Search:ASIAI0B)
Imported 'GUID: b670ab75dde984907b8570040daa08c5' -> (Import Result ID: '35fbc6d7aa7157390019aad96caecc01') in 0.012 seconds [static and dynamic dependencies]. Details - ImportResultOutputID=af1784b5843d528b8ceefb64305f7313 DependenciesID=d6d1474ed821bc986b1c8eb25216327b StaticDependenciesID=fa351ae9ed3574dde0b0751636389872 
Number of updated asset objects reloaded before import = 0
Number of asset objects unloaded after import = 3
========================================================================
Received Import Request.
  Time of request: 2026-09-29T14:18:05.5428377Z
  Time since last request: 0.0004498 seconds.
  importAddress: GUID: a11d1252397454e6d90d7a5514e76ce5 - Path: Packages/com.unity.2d.sprite/Editor/Assets/SpriteFrameToggle@32.png - Importer: ScriptedImporter/UnityEditor.QuickSearchModule:UnityEditor.Search:ASIAI0B
Importing 'GUID: a11d1252397454e6d90d7a5514e76ce5 - Path: Packages/com.unity.2d.sprite/Editor/Assets/SpriteFrameToggle@32.png - Importer: ScriptedImporter/UnityEditor.QuickSearchModule:UnityEditor.Search:ASIAI0B' with importer (ScriptedImporter : UnityEditor.QuickSearchModule:UnityEditor.Search:ASIAI0B)
Imported 'GUID: a11d1252397454e6d90d7a5514e76ce5' -> (Import Result ID: '3bad1cc5ac334a7512313304685c2134') in 0.010 seconds [static and dynamic dependencies]. Details - ImportResultOutputID=2009bf3a1f63e8197cd7f51c2a315035 DependenciesID=38b7039af3c93ff159ed769ff908095d StaticDependenciesID=bc2093e3473d69dd6295c1f58d2c89b1 
Number of updated asset objects reloaded before import = 0
Number of asset objects unloaded after import = 1
========================================================================
Received Import Request.
  Time of request: 2026-09-29T14:18:05.5537926Z
  Time since last request: 0.000339 seconds.
  importAddress: GUID: 09192641a853d984fbc894d1ecad33a4 - Path: Packages/com.unity.2d.sprite/Editor/SpriteEditor/SpriteEditorMenu.cs - Importer: ScriptedImporter/UnityEditor.QuickSearchModule:UnityEditor.Search:ASIAI0B
Importing 'GUID: 09192641a853d984fbc894d1ecad33a4 - Path: Packages/com.unity.2d.sprite/Editor/SpriteEditor/SpriteEditorMenu.cs - Importer: ScriptedImporter/UnityEditor.QuickSearchModule:UnityEditor.Search:ASIAI0B' with importer (ScriptedImporter : UnityEditor.QuickSearchModule:UnityEditor.Search:ASIAI0B)
Imported 'GUID: 09192641a853d984fbc894d1ecad33a4' -> (Import Result ID: 'c265d1591cbcbccecd839edd34b9abfc') in 0.004 seconds [static and dynamic dependencies]. Details - ImportResultOutputID=b3b548f326c2324ec5e7efdfc7668fd6 DependenciesID=3ecdc51fb1eeef6b525f16cb98cd09b0 StaticDependenciesID=40339f73312bfef471a4912b965e6a70 
Number of updated asset objects reloaded before import = 0
Number of asset objects unloaded after import = 0
========================================================================
Received Import Request.
  Time of request: 2026-09-29T14:18:05.5586464Z
  Time since last request: 0.0003479 seconds.
  importAddress: GUID: eed45a33cd08446c8b88325cf82fc52f - Path: Packages/com.unity.2d.sprite/Editor/ObjectMenuCreation/DefaultAssets/Textures/HexagonPointTop.png - Importer: ScriptedImporter/UnityEditor.QuickSearchModule:UnityEditor.Search:ASIAI0B
Importing 'GUID: eed45a33cd08446c8b88325cf82fc52f - Path: Packages/com.unity.2d.sprite/Editor/ObjectMenuCreation/DefaultAssets/Textures/HexagonPointTop.png - Importer: ScriptedImporter/UnityEditor.QuickSearchModule:UnityEditor.Search:ASIAI0B' with importer (ScriptedImporter : UnityEditor.QuickSearchModule:UnityEditor.Search:ASIAI0B)
Imported 'GUID: eed45a33cd08446c8b88325cf82fc52f' -> (Import Result ID: 'f2cbef4157a098fbcee6e89f41d0f556') in 0.010 seconds [static and dynamic dependencies]. Details - ImportResultOutputID=6e3fa716bc82f7e3f1ed75a4e9d09ec4 DependenciesID=cc73d211b689506d0858fae4e021be88 StaticDependenciesID=af57a9f433f083f8d7156f5aa93fa2bb 
Number of updated asset objects reloaded before import = 0
Number of asset objects unloaded after import = 3
========================================================================
Received Import Request.
  Time of request: 2026-09-29T14:18:05.569506Z
  Time since last request: 0.0003928 seconds.
  importAddress: GUID: bd3cb4af8406d4436a2ae8c2aafe1f8d - Path: Packages/com.unity.2d.sprite/Editor/ObjectMenuCreation/DefaultAssets/Textures/Capsule.png - Importer: ScriptedImporter/UnityEditor.QuickSearchModule:UnityEditor.Search:ASIAI0B
Importing 'GUID: bd3cb4af8406d4436a2ae8c2aafe1f8d - Path: Packages/com.unity.2d.sprite/Editor/ObjectMenuCreation/DefaultAssets/Textures/Capsule.png - Importer: ScriptedImporter/UnityEditor.QuickSearchModule:UnityEditor.Search:ASIAI0B' with importer (ScriptedImporter : UnityEditor.QuickSearchModule:UnityEditor.Search:ASIAI0B)
Imported 'GUID: bd3cb4af8406d4436a2ae8c2aafe1f8d' -> (Import Result ID: '97e34e0c48325bc0ab301a8d2644ed87') in 0.015 seconds [static and dynamic dependencies]. Details - ImportResultOutputID=0b672530d85d83c9fbff4a9040c02696 DependenciesID=0db935077409b0095346babe6c043acd StaticDependenciesID=ef65073f0d8b89670fc1103abdd32299 
Number of updated asset objects reloaded before import = 0
Number of asset objects unloaded after import = 3
========================================================================
Received Import Request.
  Time of request: 2026-09-29T14:18:05.5848585Z
  Time since last request: 0.0002562 seconds.
  importAddress: GUID: 2ce4b92d8aa4ac14c9dd8eda0f422c89 - Path: Packages/com.unity.2d.sprite/Editor/SpriteEditorModule/TextureImporterDataProvider.cs - Importer: ScriptedImporter/UnityEditor.QuickSearchModule:UnityEditor.Search:ASIAI0B
Importing 'GUID: 2ce4b92d8aa4ac14c9dd8eda0f422c89 - Path: Packages/com.unity.2d.sprite/Editor/SpriteEditorModule/TextureImporterDataProvider.cs - Importer: ScriptedImporter/UnityEditor.QuickSearchModule:UnityEditor.Search:ASIAI0B' with importer (ScriptedImporter : UnityEditor.QuickSearchModule:UnityEditor.Search:ASIAI0B)
Imported 'GUID: 2ce4b92d8aa4ac14c9dd8eda0f422c89' -> (Import Result ID: 'f6298defee77623c974c3f5e2d7eca73') in 0.006 seconds [static and dynamic dependencies]. Details - ImportResultOutputID=17994345ea873c4592d2ba319e9141d4 DependenciesID=4d8305a2744162105660273c32424015 StaticDependenciesID=3f5f116419657cde577ee907a56c9d73 
Number of updated asset objects reloaded before import = 0
Number of asset objects unloaded after import = 0
========================================================================
Received Import Request.
  Time of request: 2026-09-29T14:18:05.5917808Z
  Time since last request: 0.000371 seconds.
  importAddress: GUID: b0d2f6baf710dbe49ab4cc9c63a02bdb - Path: Packages/com.unity.2d.sprite/Editor/SpriteEditorModule/SpriteFrameModule/SpritePolygonModeModuleView.cs - Importer: ScriptedImporter/UnityEditor.QuickSearchModule:UnityEditor.Search:ASIAI0B
Importing 'GUID: b0d2f6baf710dbe49ab4cc9c63a02bdb - Path: Packages/com.unity.2d.sprite/Editor/SpriteEditorModule/SpriteFrameModule/SpritePolygonModeModuleView.cs - Importer: ScriptedImporter/UnityEditor.QuickSearchModule:UnityEditor.Search:ASIAI0B' with importer (ScriptedImporter : UnityEditor.QuickSearchModule:UnityEditor.Search:ASIAI0B)
Imported 'GUID: b0d2f6baf710dbe49ab4cc9c63a02bdb' -> (Import Result ID: 'dfd4fea3691c27f365e57df6e048f437') in 0.006 seconds [static and dynamic dependencies]. Details - ImportResultOutputID=8f14a5009349b899bcc8c31ce5f9f68f DependenciesID=9e0cf430c7b88af57a2b94f79d307d56 StaticDependenciesID=f4fb830797e6475e388caa04cb3377cf 
Number of updated asset objects reloaded before import = 0
Number of asset objects unloaded after import = 0
========================================================================
Received Import Request.
  Time of request: 2026-09-29T14:18:05.598612Z
  Time since last request: 0.0003002 seconds.
  importAddress: GUID: 0d15278383d04786998d121cd31e71f4 - Path: Packages/com.unity.2d.sprite/Editor/Undo/UndoObject.cs - Importer: ScriptedImporter/UnityEditor.QuickSearchModule:UnityEditor.Search:ASIAI0B
Importing 'GUID: 0d15278383d04786998d121cd31e71f4 - Path: Packages/com.unity.2d.sprite/Editor/Undo/UndoObject.cs - Importer: ScriptedImporter/UnityEditor.QuickSearchModule:UnityEditor.Search:ASIAI0B' with importer (ScriptedImporter : UnityEditor.QuickSearchModule:UnityEditor.Search:ASIAI0B)
Imported 'GUID: 0d15278383d04786998d121cd31e71f4' -> (Import Result ID: '4fdc00cd932662a2372275bf1b134b31') in 0.007 seconds [static and dynamic dependencies]. Details - ImportResultOutputID=ad05b5d133de2c21a4dbeb7d4ba6040b DependenciesID=db004ac64997c1b923373b028bf69dae StaticDependenciesID=837f75b6c856c6b012f9fc16304f4b4c 
Number of updated asset objects reloaded before import = 0
Number of asset objects unloaded after import = 0
========================================================================
Received Import Request.
  Time of request: 2026-09-29T14:18:05.6065726Z
  Time since last request: 0.0002344 seconds.
  importAddress: GUID: dde790a688b0426aa8b203f14ba9ced2 - Path: Packages/com.unity.2d.sprite/Editor/UI/SpriteEditor/SpriteFrameCapabilityWindow.uxml - Importer: ScriptedImporter/UnityEditor.QuickSearchModule:UnityEditor.Search:ASIAI0B
Importing 'GUID: dde790a688b0426aa8b203f14ba9ced2 - Path: Packages/com.unity.2d.sprite/Editor/UI/SpriteEditor/SpriteFrameCapabilityWindow.uxml - Importer: ScriptedImporter/UnityEditor.QuickSearchModule:UnityEditor.Search:ASIAI0B' with importer (ScriptedImporter : UnityEditor.QuickSearchModule:UnityEditor.Search:ASIAI0B)
Imported 'GUID: dde790a688b0426aa8b203f14ba9ced2' -> (Import Result ID: '8956faeb0e1fbf6e6813c5c5e437efc7') in 0.114 seconds [static and dynamic dependencies]. Details - ImportResultOutputID=b8546aeba58aada14ecebb69a3ae76ab DependenciesID=efe0929627a443c1404274260066a934 StaticDependenciesID=2febb2cd89623a7f4e99f9aee3ad2e42 
Number of updated asset objects reloaded before import = 0
Number of asset objects unloaded after import = 2
========================================================================
Received Import Request.
  Time of request: 2026-09-29T14:18:05.7218191Z
  Time since last request: 0.0005849 seconds.
  importAddress: GUID: bbde88425e2d4dbfbcdd8d11d5002c3a - Path: Packages/com.unity.2d.sprite/Editor/SpriteEditorModule/SpriteFrameModule/UndoObject - Importer: ScriptedImporter/UnityEditor.QuickSearchModule:UnityEditor.Search:ASIAI0B
Importing 'GUID: bbde88425e2d4dbfbcdd8d11d5002c3a - Path: Packages/com.unity.2d.sprite/Editor/SpriteEditorModule/SpriteFrameModule/UndoObject - Importer: ScriptedImporter/UnityEditor.QuickSearchModule:UnityEditor.Search:ASIAI0B' with importer (ScriptedImporter : UnityEditor.QuickSearchModule:UnityEditor.Search:ASIAI0B)
Imported 'GUID: bbde88425e2d4dbfbcdd8d11d5002c3a' -> (Import Result ID: '9d1922008db996f1fb56b2b28d7dc764') in 0.005 seconds [static and dynamic dependencies]. Details - ImportResultOutputID=0b3d92da534c495c8fe0281b67205f70 DependenciesID=e689618aa2bf75eaf68ae08e8e5f32b7 StaticDependenciesID=0ca60bc3e9f38044c17f4c4fedd08e73 
Number of updated asset objects reloaded before import = 0
Number of asset objects unloaded after import = 1
========================================================================
Received Import Request.
  Time of request: 2026-09-29T14:18:05.7277181Z
  Time since last request: 0.0003836 seconds.
  importAddress: GUID: 20ef7441e2dc7954c9ba3a12ffbac4d9 - Path: Packages/com.unity.2d.sprite/LICENSE.md - Importer: ScriptedImporter/UnityEditor.QuickSearchModule:UnityEditor.Search:ASIAI0B
Importing 'GUID: 20ef7441e2dc7954c9ba3a12ffbac4d9 - Path: Packages/com.unity.2d.sprite/LICENSE.md - Importer: ScriptedImporter/UnityEditor.QuickSearchModule:UnityEditor.Search:ASIAI0B' with importer (ScriptedImporter : UnityEditor.QuickSearchModule:UnityEditor.Search:ASIAI0B)
Imported 'GUID: 20ef7441e2dc7954c9ba3a12ffbac4d9' -> (Import Result ID: '6ae88688f70f17f3c48e26d67b86b86d') in 0.007 seconds [static and dynamic dependencies]. Details - ImportResultOutputID=a00874dc725ee3c0969cab184fea7188 DependenciesID=ae9a21c1d25027ab9f3af0646981a134 StaticDependenciesID=29c00822d4feef6a8de4dad99192d55a 
Number of updated asset objects reloaded before import = 0
Number of asset objects unloaded after import = 1
========================================================================
Received Import Request.
  Time of request: 2026-09-29T14:18:05.7351245Z
  Time since last request: 0.0003831 seconds.
  importAddress: GUID: 92218ba33a004d4188bcfaaabc0cf8e7 - Path: Packages/com.unity.2d.sprite/Editor/SpriteEditorModule/SpriteFrameModule/SpriteFrameEditor/SpriteFrameEditorMode.cs - Importer: ScriptedImporter/UnityEditor.QuickSearchModule:UnityEditor.Search:ASIAI0B
Importing 'GUID: 92218ba33a004d4188bcfaaabc0cf8e7 - Path: Packages/com.unity.2d.sprite/Editor/SpriteEditorModule/SpriteFrameModule/SpriteFrameEditor/SpriteFrameEditorMode.cs - Importer: ScriptedImporter/UnityEditor.QuickSearchModule:UnityEditor.Search:ASIAI0B' with importer (ScriptedImporter : UnityEditor.QuickSearchModule:UnityEditor.Search:ASIAI0B)
Imported 'GUID: 92218ba33a004d4188bcfaaabc0cf8e7' -> (Import Result ID: 'c17d59ab2c5e7ce0176a68f15b33262d') in 0.005 seconds [static and dynamic dependencies]. Details - ImportResultOutputID=21704b2924f96d40ce7760f027fa1bd6 DependenciesID=44cef4b42c5ca30ed5e5d863722ab72d StaticDependenciesID=beb440b73c3c2afc977d171bf06bc120 
Number of updated asset objects reloaded before import = 0
Number of asset objects unloaded after import = 0
========================================================================
Received Import Request.
  Time of request: 2026-09-29T14:18:05.7406011Z
  Time since last request: 0.0003866 seconds.
  importAddress: GUID: ee0cc032b1dc4910a56877874fd77a0a - Path: Packages/com.unity.2d.sprite/Editor/SpriteEditorModule/SpriteFrameModule/Overlay/SpriteFrameModeToolStripBase.cs - Importer: ScriptedImporter/UnityEditor.QuickSearchModule:UnityEditor.Search:ASIAI0B
Importing 'GUID: ee0cc032b1dc4910a56877874fd77a0a - Path: Packages/com.unity.2d.sprite/Editor/SpriteEditorModule/SpriteFrameModule/Overlay/SpriteFrameModeToolStripBase.cs - Importer: ScriptedImporter/UnityEditor.QuickSearchModule:UnityEditor.Search:ASIAI0B' with importer (ScriptedImporter : UnityEditor.QuickSearchModule:UnityEditor.Search:ASIAI0B)
Imported 'GUID: ee0cc032b1dc4910a56877874fd77a0a' -> (Import Result ID: '6ce8dae292bea1e6c82b5723285055bb') in 0.008 seconds [static and dynamic dependencies]. Details - ImportResultOutputID=0d9cfd83fecd979af078bd114ad19372 DependenciesID=991cfeb6ab3eda28e6a5ace95876b7bf StaticDependenciesID=4881c4b7f632b5682d42133b754c0ac9 
Number of updated asset objects reloaded before import = 0
Number of asset objects unloaded after import = 0
========================================================================
Received Import Request.
  Time of request: 2026-09-29T14:18:05.7493421Z
  Time since last request: 0.0003373 seconds.
  importAddress: GUID: b7784190913354d4fb9b7f77888f915f - Path: Packages/com.unity.2d.sprite/Editor/Assets/d_SpriteEditor.png - Importer: ScriptedImporter/UnityEditor.QuickSearchModule:UnityEditor.Search:ASIAI0B
Importing 'GUID: b7784190913354d4fb9b7f77888f915f - Path: Packages/com.unity.2d.sprite/Editor/Assets/d_SpriteEditor.png - Importer: ScriptedImporter/UnityEditor.QuickSearchModule:UnityEditor.Search:ASIAI0B' with importer (ScriptedImporter : UnityEditor.QuickSearchModule:UnityEditor.Search:ASIAI0B)
Imported 'GUID: b7784190913354d4fb9b7f77888f915f' -> (Import Result ID: '34203281393808f2c02b85c6c175b6a4') in 0.010 seconds [static and dynamic dependencies]. Details - ImportResultOutputID=338c082caed8c683213508881c0c5f9b DependenciesID=e1851c3f11a124b2ab720409f919672b StaticDependenciesID=85c293be26d1ddfea577f160723202e6 
Number of updated asset objects reloaded before import = 0
Number of asset objects unloaded after import = 1
========================================================================
Received Import Request.
  Time of request: 2026-09-29T14:18:05.7596665Z
  Time since last request: 0.0003576 seconds.
  importAddress: GUID: ebe73ca9363db456bacf42c025bb4847 - Path: Packages/com.unity.2d.sprite/Editor/ObjectMenuCreation/DefaultAssets/Textures/Circle.png - Importer: ScriptedImporter/UnityEditor.QuickSearchModule:UnityEditor.Search:ASIAI0B
Importing 'GUID: ebe73ca9363db456bacf42c025bb4847 - Path: Packages/com.unity.2d.sprite/Editor/ObjectMenuCreation/DefaultAssets/Textures/Circle.png - Importer: ScriptedImporter/UnityEditor.QuickSearchModule:UnityEditor.Search:ASIAI0B' with importer (ScriptedImporter : UnityEditor.QuickSearchModule:UnityEditor.Search:ASIAI0B)
Imported 'GUID: ebe73ca9363db456bacf42c025bb4847' -> (Import Result ID: 'b709ffaab2b7f4e01a739931401707c4') in 0.013 seconds [static and dynamic dependencies]. Details - ImportResultOutputID=4c9b1310b949a3e9ae07c1bc22f0b517 DependenciesID=bf336de1b1101348afdad335414b471b StaticDependenciesID=b9162d75b85f32cc394ca1a1d94fd578 
Number of updated asset objects reloaded before import = 0
Number of asset objects unloaded after import = 3
========================================================================
Received Import Request.
  Time of request: 2026-09-29T14:18:05.7935293Z
  Time since last request: 0.0200843 seconds.
  importAddress: GUID: 7a102b8a65a8437b961da9f48269e876 - Path: Packages/com.unity.2d.sprite/Editor/Undo - Importer: ScriptedImporter/UnityEditor.QuickSearchModule:UnityEditor.Search:ASIAI0B
Importing 'GUID: 7a102b8a65a8437b961da9f48269e876 - Path: Packages/com.unity.2d.sprite/Editor/Undo - Importer: ScriptedImporter/UnityEditor.QuickSearchModule:UnityEditor.Search:ASIAI0B' with importer (ScriptedImporter : UnityEditor.QuickSearchModule:UnityEditor.Search:ASIAI0B)
Imported 'GUID: 7a102b8a65a8437b961da9f48269e876' -> (Import Result ID: '3105a5ea5665783d4e5c9fae29bf5b3a') in 0.004 seconds [static and dynamic dependencies]. Details - ImportResultOutputID=93ea31fb45ce79a0a0e6a9dea47350df DependenciesID=d977cfb2f6773df91548e7465d7b6fd9 StaticDependenciesID=3028341473ec8b4795fb434c52cd41ce 
Number of updated asset objects reloaded before import = 0
Number of asset objects unloaded after import = 1
========================================================================
Received Import Request.
  Time of request: 2026-09-29T14:18:05.7985894Z
  Time since last request: 0.0004348 seconds.
  importAddress: GUID: 2f2c60f27061464ba01b5e2273842fb3 - Path: Packages/com.unity.2d.sprite/Editor/SpriteEditorModule/SpriteFrameModule/EditCapability.cs - Importer: ScriptedImporter/UnityEditor.QuickSearchModule:UnityEditor.Search:ASIAI0B
Importing 'GUID: 2f2c60f27061464ba01b5e2273842fb3 - Path: Packages/com.unity.2d.sprite/Editor/SpriteEditorModule/SpriteFrameModule/EditCapability.cs - Importer: ScriptedImporter/UnityEditor.QuickSearchModule:UnityEditor.Search:ASIAI0B' with importer (ScriptedImporter : UnityEditor.QuickSearchModule:UnityEditor.Search:ASIAI0B)
Imported 'GUID: 2f2c60f27061464ba01b5e2273842fb3' -> (Import Result ID: '63f067335d74b0981d5bd8ddb13e7916') in 0.005 seconds [static and dynamic dependencies]. Details - ImportResultOutputID=c29d126a8c7be13a9520c264f7b379be DependenciesID=6be193b595cccc25573be51a0cb3a041 StaticDependenciesID=12c525e17a365fe9e0146a727c309319 
Number of updated asset objects reloaded before import = 0
Number of asset objects unloaded after import = 0
========================================================================
Received Import Request.
  Time of request: 2026-09-29T14:18:05.8038745Z
  Time since last request: 0.0003789 seconds.
  importAddress: GUID: fd3d7c275a0958b4fa0f26a0ee9b8481 - Path: Packages/com.unity.2d.sprite/Editor/UI/SpriteEditor/SpriteEditor.uss - Importer: ScriptedImporter/UnityEditor.QuickSearchModule:UnityEditor.Search:ASIAI0B
Importing 'GUID: fd3d7c275a0958b4fa0f26a0ee9b8481 - Path: Packages/com.unity.2d.sprite/Editor/UI/SpriteEditor/SpriteEditor.uss - Importer: ScriptedImporter/UnityEditor.QuickSearchModule:UnityEditor.Search:ASIAI0B' with importer (ScriptedImporter : UnityEditor.QuickSearchModule:UnityEditor.Search:ASIAI0B)
Imported 'GUID: fd3d7c275a0958b4fa0f26a0ee9b8481' -> (Import Result ID: '47033c7d09bfbf529e22f845df9f11bb') in 0.020 seconds [static and dynamic dependencies]. Details - ImportResultOutputID=4a43f00df8d59c75da96a6200355c0bf DependenciesID=c8f0b1ba0e3b7619554d41f176aa9bea StaticDependenciesID=310dd2de71beeca2f20ba6b2d8ac63fa 
Number of updated asset objects reloaded before import = 0
Number of asset objects unloaded after import = 1
========================================================================
Received Import Request.
  Time of request: 2026-09-29T14:18:05.8249541Z
  Time since last request: 0.000791 seconds.
  importAddress: GUID: 5cebb8a885d4e4a6992c4fcd598b67c8 - Path: Packages/com.unity.2d.sprite/Editor/ObjectMenuCreation/DefaultAssets - Importer: ScriptedImporter/UnityEditor.QuickSearchModule:UnityEditor.Search:ASIAI0B
Importing 'GUID: 5cebb8a885d4e4a6992c4fcd598b67c8 - Path: Packages/com.unity.2d.sprite/Editor/ObjectMenuCreation/DefaultAssets - Importer: ScriptedImporter/UnityEditor.QuickSearchModule:UnityEditor.Search:ASIAI0B' with importer (ScriptedImporter : UnityEditor.QuickSearchModule:UnityEditor.Search:ASIAI0B)
Imported 'GUID: 5cebb8a885d4e4a6992c4fcd598b67c8' -> (Import Result ID: '7ad22ed7a11473d59e9b1c7c391a859d') in 0.004 seconds [static and dynamic dependencies]. Details - ImportResultOutputID=27557914a23b594f0c4694d513a7a7c4 DependenciesID=268a68a01ea7e0b1ac36c3b40380307b StaticDependenciesID=b4133a2724df29acd28ed24b0b5054a6 
Number of updated asset objects reloaded before import = 0
Number of asset objects unloaded after import = 1
========================================================================
Received Import Request.
  Time of request: 2026-09-29T14:18:05.8294035Z
  Time since last request: 0.0003564 seconds.
  importAddress: GUID: 19fb86013d8c24d6cb8410c0aadf30fa - Path: Packages/com.unity.2d.sprite/Editor/ObjectMenuCreation/DefaultAssets/Textures/v2/IsometricDiamond.png - Importer: ScriptedImporter/UnityEditor.QuickSearchModule:UnityEditor.Search:ASIAI0B
Importing 'GUID: 19fb86013d8c24d6cb8410c0aadf30fa - Path: Packages/com.unity.2d.sprite/Editor/ObjectMenuCreation/DefaultAssets/Textures/v2/IsometricDiamond.png - Importer: ScriptedImporter/UnityEditor.QuickSearchModule:UnityEditor.Search:ASIAI0B' with importer (ScriptedImporter : UnityEditor.QuickSearchModule:UnityEditor.Search:ASIAI0B)
Imported 'GUID: 19fb86013d8c24d6cb8410c0aadf30fa' -> (Import Result ID: 'b9b0c2ca2b0e6cceff683a89e84095ac') in 0.013 seconds [static and dynamic dependencies]. Details - ImportResultOutputID=c26845485f3bb1239553ea62e777520a DependenciesID=7486e8422f6e63d3c9d24958c12c73c8 StaticDependenciesID=86fa8bf55647598928def05b39872f1a 
Number of updated asset objects reloaded before import = 0
Number of asset objects unloaded after import = 3
========================================================================
Received Import Request.
  Time of request: 2026-09-29T14:18:05.8435716Z
  Time since last request: 0.0005498 seconds.
  importAddress: GUID: 16037dbd798344f57a526d53d48f5ead - Path: Packages/com.unity.2d.sprite/Editor/ObjectMenuCreation/DefaultAssets/Textures/HexagonFlatTop.png - Importer: ScriptedImporter/UnityEditor.QuickSearchModule:UnityEditor.Search:ASIAI0B
Importing 'GUID: 16037dbd798344f57a526d53d48f5ead - Path: Packages/com.unity.2d.sprite/Editor/ObjectMenuCreation/DefaultAssets/Textures/HexagonFlatTop.png - Importer: ScriptedImporter/UnityEditor.QuickSearchModule:UnityEditor.Search:ASIAI0B' with importer (ScriptedImporter : UnityEditor.QuickSearchModule:UnityEditor.Search:ASIAI0B)
Imported 'GUID: 16037dbd798344f57a526d53d48f5ead' -> (Import Result ID: '06ee04120b98e2eb52e20e052e6ae259') in 0.012 seconds [static and dynamic dependencies]. Details - ImportResultOutputID=f8c61229f74e6e1ba4dd9c792e42ee07 DependenciesID=98e90d57cb051f125e465891ff09751f StaticDependenciesID=9d6a0c3e4d1a1a54414a96dc9c1488e7 
Number of updated asset objects reloaded before import = 0
Number of asset objects unloaded after import = 3
========================================================================
Received Import Request.
  Time of request: 2026-09-29T14:18:05.8557414Z
  Time since last request: 0.0002607 seconds.
  importAddress: GUID: 08dd6aaafc7b42c99ecb6b641e9aa5a6 - Path: Packages/com.unity.2d.sprite/Editor/SpriteEditor/SpriteNameFileIdPair.cs - Importer: ScriptedImporter/UnityEditor.QuickSearchModule:UnityEditor.Search:ASIAI0B
Importing 'GUID: 08dd6aaafc7b42c99ecb6b641e9aa5a6 - Path: Packages/com.unity.2d.sprite/Editor/SpriteEditor/SpriteNameFileIdPair.cs - Importer: ScriptedImporter/UnityEditor.QuickSearchModule:UnityEditor.Search:ASIAI0B' with importer (ScriptedImporter : UnityEditor.QuickSearchModule:UnityEditor.Search:ASIAI0B)
Imported 'GUID: 08dd6aaafc7b42c99ecb6b641e9aa5a6' -> (Import Result ID: '40748053bf19297a2c2569f2e31b1277') in 0.005 seconds [static and dynamic dependencies]. Details - ImportResultOutputID=23ff789509ab7033ad63b902248c37c8 DependenciesID=92608123a05464063f1d5e6d6b96a41f StaticDependenciesID=2a209e650b13d6f957363facae8b9d6d 
Number of updated asset objects reloaded before import = 0
Number of asset objects unloaded after import = 0
========================================================================
Received Import Request.
  Time of request: 2026-09-29T14:18:05.8610362Z
  Time since last request: 0.0005246 seconds.
  importAddress: GUID: 93511675f113bf744a830b91761ead82 - Path: Packages/com.unity.2d.sprite/Editor/UI - Importer: ScriptedImporter/UnityEditor.QuickSearchModule:UnityEditor.Search:ASIAI0B
Importing 'GUID: 93511675f113bf744a830b91761ead82 - Path: Packages/com.unity.2d.sprite/Editor/UI - Importer: ScriptedImporter/UnityEditor.QuickSearchModule:UnityEditor.Search:ASIAI0B' with importer (ScriptedImporter : UnityEditor.QuickSearchModule:UnityEditor.Search:ASIAI0B)
Imported 'GUID: 93511675f113bf744a830b91761ead82' -> (Import Result ID: 'ece69cbd5e2d5babc0eb45299b2bd60b') in 0.004 seconds [static and dynamic dependencies]. Details - ImportResultOutputID=e91990d3b10425489ff2f8a0802d923e DependenciesID=cecb2b18ac2b55a79e920f0c7cbe8ad7 StaticDependenciesID=9e53e023418e9059f4ed22fda017be59 
Number of updated asset objects reloaded before import = 0
Number of asset objects unloaded after import = 1
========================================================================
Received Import Request.
  Time of request: 2026-09-29T14:18:05.8658577Z
  Time since last request: 0.000353 seconds.
  importAddress: GUID: 10b44a9fe8d83294589c997ec45fc435 - Path: Packages/com.unity.2d.sprite/Editor/ShapeEditor/ShapeEditor.cs - Importer: ScriptedImporter/UnityEditor.QuickSearchModule:UnityEditor.Search:ASIAI0B
Importing 'GUID: 10b44a9fe8d83294589c997ec45fc435 - Path: Packages/com.unity.2d.sprite/Editor/ShapeEditor/ShapeEditor.cs - Importer: ScriptedImporter/UnityEditor.QuickSearchModule:UnityEditor.Search:ASIAI0B' with importer (ScriptedImporter : UnityEditor.QuickSearchModule:UnityEditor.Search:ASIAI0B)
Imported 'GUID: 10b44a9fe8d83294589c997ec45fc435' -> (Import Result ID: 'cf77f4d1ddd7afb076e087537c7def6a') in 0.005 seconds [static and dynamic dependencies]. Details - ImportResultOutputID=0e600623fe4f5a19f5754af853fe8dc2 DependenciesID=8258889f568ea32ec1d7653716bc672d StaticDependenciesID=7e712c22347c36376a5b91b830323a55 
Number of updated asset objects reloaded before import = 0
Number of asset objects unloaded after import = 0
========================================================================
Received Import Request.
  Time of request: 2026-09-29T14:18:05.8715612Z
  Time since last request: 0.0005214 seconds.
  importAddress: GUID: 6c63f27dc485bf247bd3b10e6d66f1d9 - Path: Packages/com.unity.2d.sprite/Editor/SpriteEditorModule/ISpriteEditorModule.cs - Importer: ScriptedImporter/UnityEditor.QuickSearchModule:UnityEditor.Search:ASIAI0B
Importing 'GUID: 6c63f27dc485bf247bd3b10e6d66f1d9 - Path: Packages/com.unity.2d.sprite/Editor/SpriteEditorModule/ISpriteEditorModule.cs - Importer: ScriptedImporter/UnityEditor.QuickSearchModule:UnityEditor.Search:ASIAI0B' with importer (ScriptedImporter : UnityEditor.QuickSearchModule:UnityEditor.Search:ASIAI0B)
Imported 'GUID: 6c63f27dc485bf247bd3b10e6d66f1d9' -> (Import Result ID: '65e0306e1d7f78442b4345ca8495add3') in 0.005 seconds [static and dynamic dependencies]. Details - ImportResultOutputID=2b2a1293ced1accdbf543480078285a2 DependenciesID=2650173f99b4f6a6d2743248e0b98312 StaticDependenciesID=e1ad6ea495645c35027bd48acc392576 
Number of updated asset objects reloaded before import = 0
Number of asset objects unloaded after import = 0
========================================================================
Received Import Request.
  Time of request: 2026-09-29T14:18:05.8770465Z
  Time since last request: 0.0004222 seconds.
  importAddress: GUID: 0ba4af382ef34da4fa3017497b72befb - Path: Packages/com.unity.2d.sprite/Editor/Interface/ITexture.cs - Importer: ScriptedImporter/UnityEditor.QuickSearchModule:UnityEditor.Search:ASIAI0B
Importing 'GUID: 0ba4af382ef34da4fa3017497b72befb - Path: Packages/com.unity.2d.sprite/Editor/Interface/ITexture.cs - Importer: ScriptedImporter/UnityEditor.QuickSearchModule:UnityEditor.Search:ASIAI0B' with importer (ScriptedImporter : UnityEditor.QuickSearchModule:UnityEditor.Search:ASIAI0B)
Imported 'GUID: 0ba4af382ef34da4fa3017497b72befb' -> (Import Result ID: 'e5d2bdf5c46f8fd3ba5f9cd9d4fb0b13') in 0.005 seconds [static and dynamic dependencies]. Details - ImportResultOutputID=ca2f3e5c0b51e14108494f92b54105d1 DependenciesID=3505f21276d57dcb56260e49b922435d StaticDependenciesID=8409c487fcc15c3739998967c9a67700 
Number of updated asset objects reloaded before import = 0
Number of asset objects unloaded after import = 0
========================================================================
Received Import Request.
  Time of request: 2026-09-29T14:18:05.8829089Z
  Time since last request: 0.0004359 seconds.
  importAddress: GUID: b2bd41a7c30fc4ad796e452d755dbfb5 - Path: Packages/com.unity.2d.sprite/Editor/Assets/d_SpriteFrameToggle@32.png - Importer: ScriptedImporter/UnityEditor.QuickSearchModule:UnityEditor.Search:ASIAI0B
Importing 'GUID: b2bd41a7c30fc4ad796e452d755dbfb5 - Path: Packages/com.unity.2d.sprite/Editor/Assets/d_SpriteFrameToggle@32.png - Importer: ScriptedImporter/UnityEditor.QuickSearchModule:UnityEditor.Search:ASIAI0B' with importer (ScriptedImporter : UnityEditor.QuickSearchModule:UnityEditor.Search:ASIAI0B)
Imported 'GUID: b2bd41a7c30fc4ad796e452d755dbfb5' -> (Import Result ID: 'c17916145951630d1da884285592377a') in 0.014 seconds [static and dynamic dependencies]. Details - ImportResultOutputID=855bcfd607f6bdefe8b7fb2be462e782 DependenciesID=c34bac053ee54499751dcd531790f1e8 StaticDependenciesID=b4825a3b8037039f4749dbe2c4418a61 
Number of updated asset objects reloaded before import = 0
Number of asset objects unloaded after import = 1
========================================================================
Received Import Request.
  Time of request: 2026-09-29T14:18:05.8971454Z
  Time since last request: 0.0004501 seconds.
  importAddress: GUID: 5370dc6919bc441a9e079e659b067930 - Path: Packages/com.unity.2d.sprite/Editor/UI/SpriteEditor/SpriteEditorHelpBox.uss - Importer: ScriptedImporter/UnityEditor.QuickSearchModule:UnityEditor.Search:ASIAI0B
Importing 'GUID: 5370dc6919bc441a9e079e659b067930 - Path: Packages/com.unity.2d.sprite/Editor/UI/SpriteEditor/SpriteEditorHelpBox.uss - Importer: ScriptedImporter/UnityEditor.QuickSearchModule:UnityEditor.Search:ASIAI0B' with importer (ScriptedImporter : UnityEditor.QuickSearchModule:UnityEditor.Search:ASIAI0B)
Imported 'GUID: 5370dc6919bc441a9e079e659b067930' -> (Import Result ID: '75768885dd54f47619bf54698c467644') in 0.010 seconds [static and dynamic dependencies]. Details - ImportResultOutputID=728828fbcd20cc70ee359bb4121507e3 DependenciesID=2bef5defa822c4db6baa479179325128 StaticDependenciesID=91575b880f27f0862a0f671b592300d3 
Number of updated asset objects reloaded before import = 0
Number of asset objects unloaded after import = 1
========================================================================
Received Import Request.
  Time of request: 2026-09-29T14:18:05.9081249Z
  Time since last request: 0.0003724 seconds.
  importAddress: GUID: 822efcfdd5f5a45e99513239c9c1859f - Path: Packages/com.unity.2d.sprite/Editor/UI/SpriteEditor/SpriteOutlineToolOverlayPanel.uxml - Importer: ScriptedImporter/UnityEditor.QuickSearchModule:UnityEditor.Search:ASIAI0B
Importing 'GUID: 822efcfdd5f5a45e99513239c9c1859f - Path: Packages/com.unity.2d.sprite/Editor/UI/SpriteEditor/SpriteOutlineToolOverlayPanel.uxml - Importer: ScriptedImporter/UnityEditor.QuickSearchModule:UnityEditor.Search:ASIAI0B' with importer (ScriptedImporter : UnityEditor.QuickSearchModule:UnityEditor.Search:ASIAI0B)
Imported 'GUID: 822efcfdd5f5a45e99513239c9c1859f' -> (Import Result ID: '1d91a0dfaf5c82c3ee2103ea73d41c78') in 0.097 seconds [static and dynamic dependencies]. Details - ImportResultOutputID=1c6d5984ef7f944e812044fd07448ba9 DependenciesID=00562d2ebbfb6c4b6a376f0318f9986f StaticDependenciesID=291ac4689d083318ebd2a3b132950e7c 
Number of updated asset objects reloaded before import = 0
Number of asset objects unloaded after import = 2
========================================================================
Received Import Request.
  Time of request: 2026-09-29T14:18:06.00569Z
  Time since last request: 0.000606 seconds.
  importAddress: GUID: dde9b84b2ecc449698f45f68b76697ec - Path: Packages/com.unity.2d.sprite/Editor/SpriteEditor/SpriteEditorWindowSettings.cs - Importer: ScriptedImporter/UnityEditor.QuickSearchModule:UnityEditor.Search:ASIAI0B
Importing 'GUID: dde9b84b2ecc449698f45f68b76697ec - Path: Packages/com.unity.2d.sprite/Editor/SpriteEditor/SpriteEditorWindowSettings.cs - Importer: ScriptedImporter/UnityEditor.QuickSearchModule:UnityEditor.Search:ASIAI0B' with importer (ScriptedImporter : UnityEditor.QuickSearchModule:UnityEditor.Search:ASIAI0B)
Imported 'GUID: dde9b84b2ecc449698f45f68b76697ec' -> (Import Result ID: 'e1d89434e0d1692d56deee9ed943fe38') in 0.037 seconds [static and dynamic dependencies]. Details - ImportResultOutputID=7b49a488b7c848bd192115d35ec0ab59 DependenciesID=e582c06ec2aa602b9c3b50b8ae547663 StaticDependenciesID=6c884e1131454051802b9cdaf4193f13 
Number of updated asset objects reloaded before import = 0
Number of asset objects unloaded after import = 0
========================================================================
Received Import Request.
  Time of request: 2026-09-29T14:18:06.0435053Z
  Time since last request: 0.0002833 seconds.
  importAddress: GUID: 476369828d55a4032beead7444495b69 - Path: Packages/com.unity.2d.sprite/Editor/Assets/SpriteEditorOn.png - Importer: ScriptedImporter/UnityEditor.QuickSearchModule:UnityEditor.Search:ASIAI0B
Importing 'GUID: 476369828d55a4032beead7444495b69 - Path: Packages/com.unity.2d.sprite/Editor/Assets/SpriteEditorOn.png - Importer: ScriptedImporter/UnityEditor.QuickSearchModule:UnityEditor.Search:ASIAI0B' with importer (ScriptedImporter : UnityEditor.QuickSearchModule:UnityEditor.Search:ASIAI0B)
Imported 'GUID: 476369828d55a4032beead7444495b69' -> (Import Result ID: 'e9425ec746dd38109348037cd401cf06') in 0.011 seconds [static and dynamic dependencies]. Details - ImportResultOutputID=2bc7fcbf7648c33a92e2abb6009c1be5 DependenciesID=74f913aded6b4f5e862f3c51ae0eb0f8 StaticDependenciesID=46044e01df0cee42dae99946059553f3 
Number of updated asset objects reloaded before import = 0
Number of asset objects unloaded after import = 1
========================================================================
Received Import Request.
  Time of request: 2026-09-29T14:18:06.0549788Z
  Time since last request: 0.0004501 seconds.
  importAddress: GUID: b7aa27c5c7dc45a9a3548f2f160a2798 - Path: Packages/com.unity.2d.sprite/Editor/SpriteEditorModule/SpriteFrameModule/SpriteSlicePostprocessor.cs - Importer: ScriptedImporter/UnityEditor.QuickSearchModule:UnityEditor.Search:ASIAI0B
Importing 'GUID: b7aa27c5c7dc45a9a3548f2f160a2798 - Path: Packages/com.unity.2d.sprite/Editor/SpriteEditorModule/SpriteFrameModule/SpriteSlicePostprocessor.cs - Importer: ScriptedImporter/UnityEditor.QuickSearchModule:UnityEditor.Search:ASIAI0B' with importer (ScriptedImporter : UnityEditor.QuickSearchModule:UnityEditor.Search:ASIAI0B)
Imported 'GUID: b7aa27c5c7dc45a9a3548f2f160a2798' -> (Import Result ID: '1c96b86afefe5f955b448d5df030a5de') in 0.005 seconds [static and dynamic dependencies]. Details - ImportResultOutputID=533c941501f2274caca1d987e71806df DependenciesID=55a90b56461708271b7d4c47582cf82e StaticDependenciesID=897032881754ff4b5941520444059c3a 
Number of updated asset objects reloaded before import = 0
Number of asset objects unloaded after import = 0
========================================================================
Received Import Request.
  Time of request: 2026-09-29T14:18:06.0609455Z
  Time since last request: 0.0003488 seconds.
  importAddress: GUID: 492c70ec0e6ff4af48a6886e4e1608f8 - Path: Packages/com.unity.2d.sprite/Editor/Assets/LockedOptions.png - Importer: ScriptedImporter/UnityEditor.QuickSearchModule:UnityEditor.Search:ASIAI0B
Importing 'GUID: 492c70ec0e6ff4af48a6886e4e1608f8 - Path: Packages/com.unity.2d.sprite/Editor/Assets/LockedOptions.png - Importer: ScriptedImporter/UnityEditor.QuickSearchModule:UnityEditor.Search:ASIAI0B' with importer (ScriptedImporter : UnityEditor.QuickSearchModule:UnityEditor.Search:ASIAI0B)
Imported 'GUID: 492c70ec0e6ff4af48a6886e4e1608f8' -> (Import Result ID: '2a6bbc28ea11e58f872887e375a32fd5') in 0.012 seconds [static and dynamic dependencies]. Details - ImportResultOutputID=e51b86e087bbedbdc2485c021301deaf DependenciesID=37e8cfd9c6800b583b4a28cb3a3f00d7 StaticDependenciesID=5fe84ca6a34eb8f7ec58ee9b36179e85 
Number of updated asset objects reloaded before import = 0
Number of asset objects unloaded after import = 1
========================================================================
Received Import Request.
  Time of request: 2026-09-29T14:18:06.0740391Z
  Time since last request: 0.0003487 seconds.
  importAddress: GUID: 20c685e07fa93400e9c30b0326f57bfd - Path: Packages/com.unity.2d.sprite/Editor/Assets - Importer: ScriptedImporter/UnityEditor.QuickSearchModule:UnityEditor.Search:ASIAI0B
Importing 'GUID: 20c685e07fa93400e9c30b0326f57bfd - Path: Packages/com.unity.2d.sprite/Editor/Assets - Importer: ScriptedImporter/UnityEditor.QuickSearchModule:UnityEditor.Search:ASIAI0B' with importer (ScriptedImporter : UnityEditor.QuickSearchModule:UnityEditor.Search:ASIAI0B)
Imported 'GUID: 20c685e07fa93400e9c30b0326f57bfd' -> (Import Result ID: 'c549157cc141867aa5cc8e98c5475337') in 0.005 seconds [static and dynamic dependencies]. Details - ImportResultOutputID=1646f5d80ec2854cb20921dc78d974ee DependenciesID=c9e66315749321bf6c4d6f43ee682e25 StaticDependenciesID=3c11220ee528426064dc6993e812a337 
Number of updated asset objects reloaded before import = 0
Number of asset objects unloaded after import = 1
========================================================================
Received Import Request.
  Time of request: 2026-09-29T14:18:06.0798714Z
  Time since last request: 0.0003455 seconds.
  importAddress: GUID: 108014601e234997bd271b3b9a1991d0 - Path: Packages/com.unity.2d.sprite/Editor/SpriteEditorModule/SpriteFrameModule/Overlay - Importer: ScriptedImporter/UnityEditor.QuickSearchModule:UnityEditor.Search:ASIAI0B
Importing 'GUID: 108014601e234997bd271b3b9a1991d0 - Path: Packages/com.unity.2d.sprite/Editor/SpriteEditorModule/SpriteFrameModule/Overlay - Importer: ScriptedImporter/UnityEditor.QuickSearchModule:UnityEditor.Search:ASIAI0B' with importer (ScriptedImporter : UnityEditor.QuickSearchModule:UnityEditor.Search:ASIAI0B)
Imported 'GUID: 108014601e234997bd271b3b9a1991d0' -> (Import Result ID: '25baf2ba8d8a0e0575905b3eb271ed0e') in 0.005 seconds [static and dynamic dependencies]. Details - ImportResultOutputID=22db0d477e4282dcc3fdb01f3005ac8f DependenciesID=1fb681d9a21be8cff225faf28783a4d2 StaticDependenciesID=d48b2ed9001cbbbd7d82031ca14433f3 
Number of updated asset objects reloaded before import = 0
Number of asset objects unloaded after import = 1
========================================================================
Received Import Request.
  Time of request: 2026-09-29T14:18:06.0859256Z
  Time since last request: 0.0002551 seconds.
  importAddress: GUID: d32377b23cb0c8b46a545d7014fff425 - Path: Packages/com.unity.2d.sprite/Editor/SpriteEditor - Importer: ScriptedImporter/UnityEditor.QuickSearchModule:UnityEditor.Search:ASIAI0B
Importing 'GUID: d32377b23cb0c8b46a545d7014fff425 - Path: Packages/com.unity.2d.sprite/Editor/SpriteEditor - Importer: ScriptedImporter/UnityEditor.QuickSearchModule:UnityEditor.Search:ASIAI0B' with importer (ScriptedImporter : UnityEditor.QuickSearchModule:UnityEditor.Search:ASIAI0B)
Imported 'GUID: d32377b23cb0c8b46a545d7014fff425' -> (Import Result ID: 'b5a5ffb192518e79c3be403ad782d9d1') in 0.007 seconds [static and dynamic dependencies]. Details - ImportResultOutputID=0064336b012c609b240adeff965813be DependenciesID=5d835fcf1bb1fffa60c926809dec9f24 StaticDependenciesID=be76e95ba5be2e75d0929ef110aa29e8 
Number of updated asset objects reloaded before import = 0
Number of asset objects unloaded after import = 1
========================================================================
Received Import Request.
  Time of request: 2026-09-29T14:18:06.0931514Z
  Time since last request: 0.0003188 seconds.
  importAddress: GUID: ab4bbc8deeeb005438fa5034a454be7b - Path: Packages/com.unity.2d.sprite/Editor/SpriteEditorModule - Importer: ScriptedImporter/UnityEditor.QuickSearchModule:UnityEditor.Search:ASIAI0B
Importing 'GUID: ab4bbc8deeeb005438fa5034a454be7b - Path: Packages/com.unity.2d.sprite/Editor/SpriteEditorModule - Importer: ScriptedImporter/UnityEditor.QuickSearchModule:UnityEditor.Search:ASIAI0B' with importer (ScriptedImporter : UnityEditor.QuickSearchModule:UnityEditor.Search:ASIAI0B)
Imported 'GUID: ab4bbc8deeeb005438fa5034a454be7b' -> (Import Result ID: '6594e214cbcc136968bd1877560fe887') in 0.006 seconds [static and dynamic dependencies]. Details - ImportResultOutputID=475aff7ba3f95a23cffc8a2e23ebc2d5 DependenciesID=11a446940b5414859a2729d40c84ff56 StaticDependenciesID=7b7506b38301ef60cc65333a782a4dde 
Number of updated asset objects reloaded before import = 0
Number of asset objects unloaded after import = 1
========================================================================
Received Import Request.
  Time of request: 2026-09-29T14:18:06.0994111Z
  Time since last request: 0.000357 seconds.
  importAddress: GUID: 7e2656e167a517b4d8552ba38f4b7bbe - Path: Packages/com.unity.2d.sprite/Tests - Importer: ScriptedImporter/UnityEditor.QuickSearchModule:UnityEditor.Search:ASIAI0B
Importing 'GUID: 7e2656e167a517b4d8552ba38f4b7bbe - Path: Packages/com.unity.2d.sprite/Tests - Importer: ScriptedImporter/UnityEditor.QuickSearchModule:UnityEditor.Search:ASIAI0B' with importer (ScriptedImporter : UnityEditor.QuickSearchModule:UnityEditor.Search:ASIAI0B)
Imported 'GUID: 7e2656e167a517b4d8552ba38f4b7bbe' -> (Import Result ID: '4a9aec6d811ffe428f7392a88aea6adf') in 0.023 seconds [static and dynamic dependencies]. Details - ImportResultOutputID=f4349a64d8777ad3f4f549a1e480006d DependenciesID=2fa5845b62c67e0f4b3e3d7c4d127a40 StaticDependenciesID=085a8a2ab6dc3b76cabb06045437786c 
Number of updated asset objects reloaded before import = 0
Number of asset objects unloaded after import = 1
========================================================================
Received Import Request.
  Time of request: 2026-09-29T14:18:06.1234629Z
  Time since last request: 0.0002633 seconds.
  importAddress: GUID: 6d70958817ddd43678a10b02a1aa4cdd - Path: Packages/com.unity.2d.sprite/Editor/Assets/SpriteEditorWindowDefault.overlay - Importer: ScriptedImporter/UnityEditor.QuickSearchModule:UnityEditor.Search:ASIAI0B
Importing 'GUID: 6d70958817ddd43678a10b02a1aa4cdd - Path: Packages/com.unity.2d.sprite/Editor/Assets/SpriteEditorWindowDefault.overlay - Importer: ScriptedImporter/UnityEditor.QuickSearchModule:UnityEditor.Search:ASIAI0B' with importer (ScriptedImporter : UnityEditor.QuickSearchModule:UnityEditor.Search:ASIAI0B)
Imported 'GUID: 6d70958817ddd43678a10b02a1aa4cdd' -> (Import Result ID: '37a3f13aefb5f85a56725ba3ef473357') in 0.007 seconds [static and dynamic dependencies]. Details - ImportResultOutputID=cc30f6bc998899f2da272169f9f93d24 DependenciesID=a83b28d80ba6b301d4db120512eff43b StaticDependenciesID=0ea799b57ded989ceaf74f2efc2e0f93 
Number of updated asset objects reloaded before import = 0
Number of asset objects unloaded after import = 1
========================================================================
Received Import Request.
  Time of request: 2026-09-29T14:18:06.1308164Z
  Time since last request: 0.0000228 seconds.
  importAddress: GUID: 172f9a5627fbd495e9b469d54bed367a - Path: Packages/com.unity.2d.sprite/Editor/ObjectMenuCreation/DefaultAssets/Textures/v2 - Importer: ScriptedImporter/UnityEditor.QuickSearchModule:UnityEditor.Search:ASIAI0B
Importing 'GUID: 172f9a5627fbd495e9b469d54bed367a - Path: Packages/com.unity.2d.sprite/Editor/ObjectMenuCreation/DefaultAssets/Textures/v2 - Importer: ScriptedImporter/UnityEditor.QuickSearchModule:UnityEditor.Search:ASIAI0B' with importer (ScriptedImporter : UnityEditor.QuickSearchModule:UnityEditor.Search:ASIAI0B)
Imported 'GUID: 172f9a5627fbd495e9b469d54bed367a' -> (Import Result ID: '9e23f603c53e2aaa9a4ee8a8c1cd90cc') in 0.006 seconds [static and dynamic dependencies]. Details - ImportResultOutputID=dd723766fbd5447f49aad44e3686b433 DependenciesID=d89b4fc7c799573cdec4f42c1eb7876e StaticDependenciesID=1ebcb412b0f26d069e3869e773d06d6e 
Number of updated asset objects reloaded before import = 0
Number of asset objects unloaded after import = 1
========================================================================
Received Import Request.
  Time of request: 2026-09-29T14:18:06.1376694Z
  Time since last request: 0.0002154 seconds.
  importAddress: GUID: 37d4d4c58ffbc8c41bb0cecb9c131ba9 - Path: Packages/com.unity.2d.sprite/Editor/Interface/IUndoSystem.cs - Importer: ScriptedImporter/UnityEditor.QuickSearchModule:UnityEditor.Search:ASIAI0B
Importing 'GUID: 37d4d4c58ffbc8c41bb0cecb9c131ba9 - Path: Packages/com.unity.2d.sprite/Editor/Interface/IUndoSystem.cs - Importer: ScriptedImporter/UnityEditor.QuickSearchModule:UnityEditor.Search:ASIAI0B' with importer (ScriptedImporter : UnityEditor.QuickSearchModule:UnityEditor.Search:ASIAI0B)
Imported 'GUID: 37d4d4c58ffbc8c41bb0cecb9c131ba9' -> (Import Result ID: 'fc31356d3cdbf8883bc3a6e5e313db81') in 0.009 seconds [static and dynamic dependencies]. Details - ImportResultOutputID=65fff9c5e0dd29a140b3034512876899 DependenciesID=925f1d96ecf26f7a496dcf7b2b2f87fc StaticDependenciesID=652c6d21a0cdb0986c6f966f7b7d30da 
Number of updated asset objects reloaded before import = 0
Number of asset objects unloaded after import = 0
========================================================================
Received Import Request.
  Time of request: 2026-09-29T14:18:06.1471151Z
  Time since last request: 0.0005639 seconds.
  importAddress: GUID: 5a8fa255c72c8434990dc8bf9b262d59 - Path: Packages/com.unity.2d.sprite/Editor/Interface/IEvent.cs - Importer: ScriptedImporter/UnityEditor.QuickSearchModule:UnityEditor.Search:ASIAI0B
Importing 'GUID: 5a8fa255c72c8434990dc8bf9b262d59 - Path: Packages/com.unity.2d.sprite/Editor/Interface/IEvent.cs - Importer: ScriptedImporter/UnityEditor.QuickSearchModule:UnityEditor.Search:ASIAI0B' with importer (ScriptedImporter : UnityEditor.QuickSearchModule:UnityEditor.Search:ASIAI0B)
Imported 'GUID: 5a8fa255c72c8434990dc8bf9b262d59' -> (Import Result ID: '6b806fb803793ea590ed656eb0bbfd21') in 0.006 seconds [static and dynamic dependencies]. Details - ImportResultOutputID=7cacc5d1aeaf67354ed4783f89785ea8 DependenciesID=aaa663d5f25669681807c6876d937adf StaticDependenciesID=13a97b263bfb03fd35273dda4a0439bf 
Number of updated asset objects reloaded before import = 0
Number of asset objects unloaded after import = 0
========================================================================
Received Import Request.
  Time of request: 2026-09-29T14:18:06.1535957Z
  Time since last request: 0.0003598 seconds.
  importAddress: GUID: 12b2e7dbf9197664c9cd477b41e9e905 - Path: Packages/com.unity.2d.sprite/Editor/Interface/IGUIUtility.cs - Importer: ScriptedImporter/UnityEditor.QuickSearchModule:UnityEditor.Search:ASIAI0B
Importing 'GUID: 12b2e7dbf9197664c9cd477b41e9e905 - Path: Packages/com.unity.2d.sprite/Editor/Interface/IGUIUtility.cs - Importer: ScriptedImporter/UnityEditor.QuickSearchModule:UnityEditor.Search:ASIAI0B' with importer (ScriptedImporter : UnityEditor.QuickSearchModule:UnityEditor.Search:ASIAI0B)
Imported 'GUID: 12b2e7dbf9197664c9cd477b41e9e905' -> (Import Result ID: '6a9042624f8cf6bcaf635b39950473c2') in 0.006 seconds [static and dynamic dependencies]. Details - ImportResultOutputID=1ccd54514972bd19556cd911478bb73b DependenciesID=1209ebc55f29d053e25924bff6726085 StaticDependenciesID=9e25ae5073cd0ba81a1bd267fecff004 
Number of updated asset objects reloaded before import = 0
Number of asset objects unloaded after import = 0
========================================================================
Received Import Request.
  Time of request: 2026-09-29T14:18:06.160921Z
  Time since last request: 0.0006361 seconds.
  importAddress: GUID: aab45f472c6d49c39ebd1e06a629680e - Path: Packages/com.unity.2d.sprite/Editor/SpriteEditorModule/SpriteFrameModule/SpriteFrameEditor/SpriteFrameEditorModeToggle.cs - Importer: ScriptedImporter/UnityEditor.QuickSearchModule:UnityEditor.Search:ASIAI0B
Importing 'GUID: aab45f472c6d49c39ebd1e06a629680e - Path: Packages/com.unity.2d.sprite/Editor/SpriteEditorModule/SpriteFrameModule/SpriteFrameEditor/SpriteFrameEditorModeToggle.cs - Importer: ScriptedImporter/UnityEditor.QuickSearchModule:UnityEditor.Search:ASIAI0B' with importer (ScriptedImporter : UnityEditor.QuickSearchModule:UnityEditor.Search:ASIAI0B)
Imported 'GUID: aab45f472c6d49c39ebd1e06a629680e' -> (Import Result ID: '4ae4187f40057e020d3700c6721275b7') in 0.006 seconds [static and dynamic dependencies]. Details - ImportResultOutputID=10374a8f834e23bb6d70ed820a898910 DependenciesID=be830b16a36553ce7541232f308a7dd0 StaticDependenciesID=5e8cd61411e60cf102c8a54453e5994b 
Number of updated asset objects reloaded before import = 0
Number of asset objects unloaded after import = 0
========================================================================
Received Import Request.
  Time of request: 2026-09-29T14:18:06.1673773Z
  Time since last request: 0.0002825 seconds.
  importAddress: GUID: 9b243bd8491a24b2cbe5231468a93813 - Path: Packages/com.unity.2d.sprite/Editor/Assets/SpriteEditor.png - Importer: ScriptedImporter/UnityEditor.QuickSearchModule:UnityEditor.Search:ASIAI0B
Importing 'GUID: 9b243bd8491a24b2cbe5231468a93813 - Path: Packages/com.unity.2d.sprite/Editor/Assets/SpriteEditor.png - Importer: ScriptedImporter/UnityEditor.QuickSearchModule:UnityEditor.Search:ASIAI0B' with importer (ScriptedImporter : UnityEditor.QuickSearchModule:UnityEditor.Search:ASIAI0B)
Imported 'GUID: 9b243bd8491a24b2cbe5231468a93813' -> (Import Result ID: '57ac456267d3c8d2ec280df09c9d290c') in 0.013 seconds [static and dynamic dependencies]. Details - ImportResultOutputID=fd3e3593e773a5f2d2138173dcac7497 DependenciesID=0e58580a0d0ada4e29a16110066b49eb StaticDependenciesID=acd45c8b8826e67e11e6e75cc62bc56d 
Number of updated asset objects reloaded before import = 0
Number of asset objects unloaded after import = 1
========================================================================
Received Import Request.
  Time of request: 2026-09-29T14:18:06.1815391Z
  Time since last request: 0.0002902 seconds.
  importAddress: GUID: ea47ea935cf1ba94ba6feb6595cca8ba - Path: Packages/com.unity.2d.sprite/Editor/SpriteEditorModule/SpriteSecondaryTexturesModule.cs - Importer: ScriptedImporter/UnityEditor.QuickSearchModule:UnityEditor.Search:ASIAI0B
Importing 'GUID: ea47ea935cf1ba94ba6feb6595cca8ba - Path: Packages/com.unity.2d.sprite/Editor/SpriteEditorModule/SpriteSecondaryTexturesModule.cs - Importer: ScriptedImporter/UnityEditor.QuickSearchModule:UnityEditor.Search:ASIAI0B' with importer (ScriptedImporter : UnityEditor.QuickSearchModule:UnityEditor.Search:ASIAI0B)
Imported 'GUID: ea47ea935cf1ba94ba6feb6595cca8ba' -> (Import Result ID: '12706d5dda96932db0af1271d8e77f3f') in 0.005 seconds [static and dynamic dependencies]. Details - ImportResultOutputID=a799c9509e7a2215708e3e5feea9cccb DependenciesID=5c328e31f9912c31e77d3a56ae333969 StaticDependenciesID=7e637b20bdbb6a8c968b333d2bcc7c30 
Number of updated asset objects reloaded before import = 0
Number of asset objects unloaded after import = 0
========================================================================
Received Prepare
AcceleratorClientConnectionCallback - disconnected - :0
Unloading 0 Unused Serialized files (Serialized files now loaded: 0)
Unloading 32 unused Assets / (0 B). Loaded Objects now: 745.
Memory consumption went from 171.3 MB to 171.3 MB.
Total: 8.031800 ms (FindLiveObjects: 0.054900 ms CreateObjectMapping: 0.017600 ms MarkObjects: 7.932700 ms  DeleteObjects: 0.025700 ms)

Prepare: number of updated asset objects reloaded= 0
========================================================================
Received Import Request.
  Time of request: 2026-09-29T14:18:10.5515349Z
  Time since last request: 4.3639185 seconds.
  importAddress: GUID: 6a0f1ad52633fa44f9a49e02ec62b489 - Path: Assets/PlayerTest - Importer: PreviewImporter
Importing 'GUID: 6a0f1ad52633fa44f9a49e02ec62b489 - Path: Assets/PlayerTest - Importer: PreviewImporter' with importer (PreviewImporter)
Imported 'GUID: 6a0f1ad52633fa44f9a49e02ec62b489' -> (Import Result ID: 'bd3ec1e80b230f15272fd41f79c48843') in 0.000 seconds [static and dynamic dependencies]. Details - ImportResultOutputID=1f8e26d82d604df005359beafd4cce1b DependenciesID=067ffc401af538a0bff9e358e5f027b5 StaticDependenciesID=113631d072dd4eb26a0f7f1b996c903f 
Number of updated asset objects reloaded before import = 0
Number of asset objects unloaded after import = 0
========================================================================
Received Import Request.
  Time of request: 2026-09-29T14:18:11.5113428Z
  Time since last request: 0.9589918 seconds.
  importAddress: GUID: 6a0f1ad52633fa44f9a49e02ec62b489 - Path: Assets/PlayerTest - Importer: ScriptedImporter/UnityEditor.QuickSearchModule:UnityEditor.Search:ASIAI0B
Importing 'GUID: 6a0f1ad52633fa44f9a49e02ec62b489 - Path: Assets/PlayerTest - Importer: ScriptedImporter/UnityEditor.QuickSearchModule:UnityEditor.Search:ASIAI0B' with importer (ScriptedImporter : UnityEditor.QuickSearchModule:UnityEditor.Search:ASIAI0B)
Imported 'GUID: 6a0f1ad52633fa44f9a49e02ec62b489' -> (Import Result ID: '42c82da979deb28cffd3cab3505c9ae4') in 0.006 seconds [static and dynamic dependencies]. Details - ImportResultOutputID=12e7120d4c72974933f6ef8a07e098f6 DependenciesID=6db7eda64e1950b5eddb2cf6902f5fba StaticDependenciesID=880a46d78a2d49e59b8373d9c4921d42 
Number of updated asset objects reloaded before import = 0
Number of asset objects unloaded after import = 1
========================================================================
Received Import Request.
  Time of request: 2026-09-29T14:18:15.9318269Z
  Time since last request: 4.4131724 seconds.
  importAddress: GUID: b826d68f9c6c68449b1c91542f0fe300 - Path: Assets/PlayerTest/Ghosts - Player.png - Importer: ScriptedImporter/UnityEditor.QuickSearchModule:UnityEditor.Search:ASIAI0B
Importing 'GUID: b826d68f9c6c68449b1c91542f0fe300 - Path: Assets/PlayerTest/Ghosts - Player.png - Importer: ScriptedImporter/UnityEditor.QuickSearchModule:UnityEditor.Search:ASIAI0B' with importer (ScriptedImporter : UnityEditor.QuickSearchModule:UnityEditor.Search:ASIAI0B)
Imported 'GUID: b826d68f9c6c68449b1c91542f0fe300' -> (Import Result ID: 'c0f6c1471ad5fa00280decdec420cdd5') in 0.035 seconds [static and dynamic dependencies]. Details - ImportResultOutputID=a69eada63d95622200a150d35b6c05f9 DependenciesID=81dbdc3c2f9db9be99903c9e384764ab StaticDependenciesID=36568ec769c13c5be562a92d792a07e0 
Number of updated asset objects reloaded before import = 0
Number of asset objects unloaded after import = 1
========================================================================
Received Import Request.
  Time of request: 2026-09-29T14:23:00.0937533Z
  Time since last request: 284.07200990000001 seconds.
  importAddress: GUID: b826d68f9c6c68449b1c91542f0fe300 - Path: Assets/PlayerTest/Ghosts - Player.png - Importer: PreviewImporter
Importing 'GUID: b826d68f9c6c68449b1c91542f0fe300 - Path: Assets/PlayerTest/Ghosts - Player.png - Importer: PreviewImporter' with importer (PreviewImporter)
Imported 'GUID: b826d68f9c6c68449b1c91542f0fe300' -> (Import Result ID: 'b791fe02a5d3ccd9cd4d02f251d1ceb4') in 0.068 seconds [static and dynamic dependencies]. Details - ImportResultOutputID=0f230750c6c42d5e0b9c65e950f77e09 DependenciesID=0352f5fc1e40afdd22fd872d390f5fe4 StaticDependenciesID=4b8a0c0ce5d0de62824f54d94d4330fb 
Number of updated asset objects reloaded before import = 0
Number of asset objects unloaded after import = 2
========================================================================
Received Import Request.
  Time of request: 2026-09-29T14:23:01.0541086Z
  Time since last request: 0.8917626 seconds.
  importAddress: GUID: b826d68f9c6c68449b1c91542f0fe300 - Path: Assets/PlayerTest/Ghosts - Player.png - Importer: ScriptedImporter/UnityEditor.QuickSearchModule:UnityEditor.Search:ASIAI0B
Importing 'GUID: b826d68f9c6c68449b1c91542f0fe300 - Path: Assets/PlayerTest/Ghosts - Player.png - Importer: ScriptedImporter/UnityEditor.QuickSearchModule:UnityEditor.Search:ASIAI0B' with importer (ScriptedImporter : UnityEditor.QuickSearchModule:UnityEditor.Search:ASIAI0B)
Imported 'GUID: b826d68f9c6c68449b1c91542f0fe300' -> (Import Result ID: '1d5034644a151c6bedd51352068b7259') in 0.013 seconds [static and dynamic dependencies]. Details - ImportResultOutputID=bcca5b45cb908bb321ae3833c472eb5d DependenciesID=54032c7ae82b99156f47026e16cb9cf2 StaticDependenciesID=8c2c0af2fc75e5d672f307beda1e642f 
Number of updated asset objects reloaded before import = 0
Number of asset objects unloaded after import = 1
========================================================================
Received Import Request.
  Time of request: 2026-09-29T14:26:15.5909927Z
  Time since last request: 194.4872641 seconds.
  importAddress: GUID: b826d68f9c6c68449b1c91542f0fe300 - Path: Assets/PlayerTest/Ghosts - Player.png - Importer: PreviewImporter
Importing 'GUID: b826d68f9c6c68449b1c91542f0fe300 - Path: Assets/PlayerTest/Ghosts - Player.png - Importer: PreviewImporter' with importer (PreviewImporter)
Imported 'GUID: b826d68f9c6c68449b1c91542f0fe300' -> (Import Result ID: '294d0836a4257d20631ddbbff3c32a98') in 0.093 seconds [static and dynamic dependencies]. Details - ImportResultOutputID=da3c876bd74e66e13cf004e1d5223275 DependenciesID=d35d36afe466ad3e4d2f37f6328e92f3 StaticDependenciesID=5be24f9f02d2eee78a6f58ece48f77d7 
Number of updated asset objects reloaded before import = 0
Number of asset objects unloaded after import = 3
========================================================================
Received Import Request.
  Time of request: 2026-09-29T14:26:16.5549734Z
  Time since last request: 0.8675064 seconds.
  importAddress: GUID: b826d68f9c6c68449b1c91542f0fe300 - Path: Assets/PlayerTest/Ghosts - Player.png - Importer: ScriptedImporter/UnityEditor.QuickSearchModule:UnityEditor.Search:ASIAI0B
Importing 'GUID: b826d68f9c6c68449b1c91542f0fe300 - Path: Assets/PlayerTest/Ghosts - Player.png - Importer: ScriptedImporter/UnityEditor.QuickSearchModule:UnityEditor.Search:ASIAI0B' with importer (ScriptedImporter : UnityEditor.QuickSearchModule:UnityEditor.Search:ASIAI0B)
Imported 'GUID: b826d68f9c6c68449b1c91542f0fe300' -> (Import Result ID: 'b81922efdc09e4daaff216a1bdbb70d1') in 0.031 seconds [static and dynamic dependencies]. Details - ImportResultOutputID=7ba32a6224200b1c09ba9a864c8d86cb DependenciesID=3dc7cff5e1bdb793ae467e4169c044e4 StaticDependenciesID=39bd4855724990b96afb24368add89a1 
Number of updated asset objects reloaded before import = 0
Number of asset objects unloaded after import = 3
========================================================================
Received Prepare
AcceleratorClientConnectionCallback - disconnected - :0
Begin MonoManager ReloadAssembly
[Licensing::Client] Successfully resolved entitlement details
Native extension for iOS target not found
Native extension for Android target not found
Native extension for UWP target not found
Native extension for WindowsStandalone target not found
[Package Manager] Failed to launch server process. Reason: Unity was launched with the -noUpm command-line argument
[Package Manager] Unable to send message (not connected to server process).
[Package Manager] Cannot connect to Unity Package Manager local server
ScheduleIndexationOnStartup MainProcess:False IndexOnStartup:True
Mono: successfully reloaded assembly
- Finished resetting the current domain, in  0.621 seconds
Domain Reload Profiling: 1143ms
	BeginReloadAssembly (267ms)
		DisableScriptedObjects (10ms)
		CreateAndSetChildDomain (42ms)
	RebuildCommonClasses (16ms)
	RebuildNativeTypeToScriptingClass (36ms)
	initialDomainReloadingComplete (45ms)
	LoadAllAssembliesAndSetupDomain (156ms)
		LoadAssemblies (149ms)
		AnalyzeDomain (8ms)
			TypeCache.Refresh (5ms)
	FinalizeReload (623ms)
		SetupLoadedEditorAssemblies (0ms)
			InitializePlatformSupportModulesInManaged (28ms)
			BeforeProcessingInitializeOnLoad (149ms)
			ProcessInitializeOnLoadAttributes (115ms)
			ProcessInitializeOnLoadMethodAttributes (124ms)
			AfterProcessingInitializeOnLoad (3ms)
		AwakeInstancesAfterBackupRestoration (4ms)
Unloading 0 Unused Serialized files (Serialized files now loaded: 0)
Unloading 116 unused Assets / (3.1 KB). Loaded Objects now: 747.
Memory consumption went from 167.2 MB to 167.2 MB.
Total: 5.899500 ms (FindLiveObjects: 0.060100 ms CreateObjectMapping: 0.022600 ms MarkObjects: 5.770200 ms  DeleteObjects: 0.045000 ms)

Prepare: number of updated asset objects reloaded= 0
========================================================================
Received Prepare
AcceleratorClientConnectionCallback - disconnected - :0
Begin MonoManager ReloadAssembly
Native extension for iOS target not found
Native extension for Android target not found
Native extension for UWP target not found
Native extension for WindowsStandalone target not found
[Package Manager] Failed to launch server process. Reason: Unity was launched with the -noUpm command-line argument
[Package Manager] Unable to send message (not connected to server process).
[Package Manager] Cannot connect to Unity Package Manager local server
ScheduleIndexationOnStartup MainProcess:False IndexOnStartup:True
Mono: successfully reloaded assembly
- Finished resetting the current domain, in  0.542 seconds
Domain Reload Profiling: 997ms
	BeginReloadAssembly (241ms)
		DisableScriptedObjects (8ms)
		CreateAndSetChildDomain (34ms)
	RebuildCommonClasses (12ms)
	RebuildNativeTypeToScriptingClass (27ms)
	initialDomainReloadingComplete (43ms)
	LoadAllAssembliesAndSetupDomain (131ms)
		LoadAssemblies (137ms)
		AnalyzeDomain (9ms)
			TypeCache.Refresh (7ms)
	FinalizeReload (543ms)
		SetupLoadedEditorAssemblies (0ms)
			InitializePlatformSupportModulesInManaged (25ms)
			BeforeProcessingInitializeOnLoad (134ms)
			ProcessInitializeOnLoadAttributes (113ms)
			ProcessInitializeOnLoadMethodAttributes (91ms)
			AfterProcessingInitializeOnLoad (3ms)
		AwakeInstancesAfterBackupRestoration (3ms)
Unloading 0 Unused Serialized files (Serialized files now loaded: 0)
Unloading 116 unused Assets / (3.1 KB). Loaded Objects now: 747.
Memory consumption went from 167.7 MB to 167.7 MB.
Total: 5.970900 ms (FindLiveObjects: 0.069700 ms CreateObjectMapping: 0.025000 ms MarkObjects: 5.836800 ms  DeleteObjects: 0.038500 ms)

Prepare: number of updated asset objects reloaded= 0
========================================================================
Received Prepare
AcceleratorClientConnectionCallback - disconnected - :0
Unloading 0 Unused Serialized files (Serialized files now loaded: 0)
Unloading 0 unused Assets / (0 B). Loaded Objects now: 747.
Memory consumption went from 167.9 MB to 167.9 MB.
Total: 6.603400 ms (FindLiveObjects: 0.161500 ms CreateObjectMapping: 0.043900 ms MarkObjects: 6.392300 ms  DeleteObjects: 0.004400 ms)

Prepare: number of updated asset objects reloaded= 0
Editor requested this worker to shutdown with reason: Editor is closing down
AcceleratorClientConnectionCallback - disconnected - :0
AssetImportWorker is now disconnected from the server
Process exiting
Exiting without the bug reporter. Application will terminate with return code 0