[Licensing::Module] Trying to connect to existing licensing client channel...
Built from '6000.5/staging' branch; Version is '6000.5.3f1 (c2eb47b3a2a9) revision 12774215'; Using compiler version '194234433'; Build Type 'Release'
[Licensing::IpcConnector] Successfully connected to: "LicenseClient-chris" at "2026-09-29T13:55:23.847182Z"
OS: 'Windows 10  (10.0.19045) 64bit Core' Language: 'en' Physical Memory: 16327 MB
BatchMode: 0, IsHumanControllingUs: 1, StartBugReporterOnCrash: 1, Is64bit: 1
System  architecture: x64
Process architecture: x64
Date: 2026-09-29T13:55:23Z
[Licensing::Client] Code 10 while verifying Licensing Client signature (process Id: 7300, path: "E:/GameDev/Unity Hub/UnityLicensingClient_V1/Unity.Licensing.Client.exe")
[Licensing::Module] LicensingClient has failed validation; ignoring
[Licensing::Client] Handshaking with LicensingClient:
  Version:                 1.18.3+d7ffd15
  Session Id:              28df57b747164851aeaf324b76ad9d04
  Correlation Id:          b991c8292f78d843239c01e0e6819bd8
  External correlation Id: 2029302163927634309
  Machine Id:              WXSgid/lQLWLU51Pca5QpCbvdn4=
[Licensing::Module] Successfully connected to LicensingClient on channel: "LicenseClient-chris" (connect: 0.00s, validation: 0.03s, handshake: 0.06s)
[Licensing::IpcConnector] Successfully connected to: "LicenseClient-chris-notifications" at "2026-09-29T13:55:23.9555538Z"
[Licensing::Client] Successfully updated the access token
[Licensing::Module] Successfully updated the access token Mbow4WGqoA...
[Licensing::Client] Successfully resolved entitlement details
[Licensing::Module] License group:
  Id: 2476006479008-UnityPersXXXX
  Product: Unity Personal
  Type: Assigned
  Expiration: Unlimited
[Licensing::Client] Successfully updated license, isAsync: True, time: 0.02
[Licensing::Client] Successfully resolved entitlement details
[Licensing::Module] Licensing Background thread has ended after 0.16s

COMMAND LINE ARGUMENTS:
D:\Unity\6000.5.3f1\Editor\Unity.exe
-projectpath
E:\GameDev\ITCS-4236-5236-Group-5-Project
-acceptSoftwareTermsForThisRunOnly
-useHub
-hubIPC
-cloudEnvironment
production
-licensingIpc
LicenseClient-chris
-hubSessionId
2a479b64-fe2f-421d-9bb1-6d6d1746a708
-accessToken
Mbow4WGqoAw3L6S5GVB9gg0OILiuxk3EOkTIT0SkFhE002f
Successfully changed project path to: E:\GameDev\ITCS-4236-5236-Group-5-Project
E:/GameDev/ITCS-4236-5236-Group-5-Project
[UnityMemory] Configuration Parameters - Can be set up in boot.config
    "memorysetup-temp-allocator-size-gi-baking-worker=262144"
    "memorysetup-temp-allocator-size-gi-baking-worker=262144"
    "memorysetup-temp-allocator-size-gi-baking-worker=262144"
    "memorysetup-temp-allocator-size-gi-baking-worker=262144"
    "memorysetup-temp-allocator-size-gi-baking-worker=262144"
    "memorysetup-temp-allocator-size-nav-mesh-worker=65536"
    "memorysetup-temp-allocator-size-audio-worker=65536"
    "memorysetup-temp-allocator-size-cloud-worker=32768"
    "memorysetup-temp-allocator-size-gfx=262144"
    "memorysetup-temp-allocator-size-preload-manager=33554432"
    "memorysetup-allocator-temp-initial-block-size-main=262144"
    "memorysetup-allocator-temp-initial-block-size-worker=262144"
    "memorysetup-temp-allocator-size-job-worker=262144"
    "memorysetup-temp-allocator-size-background-worker=32768"
    "memorysetup-bucket-allocator-granularity=16"
    "memorysetup-bucket-allocator-bucket-count=8"
    "memorysetup-bucket-allocator-block-size=33554432"
    "memorysetup-bucket-allocator-block-count=8"
    "memorysetup-main-allocator-block-size=16777216"
    "memorysetup-thread-allocator-block-size=16777216"
    "memorysetup-main-allocator-mimalloc-enabled=0"
    "memorysetup-gfx-main-allocator-block-size=16777216"
    "memorysetup-gfx-thread-allocator-block-size=16777216"
    "memorysetup-cache-allocator-block-size=4194304"
    "memorysetup-typetree-allocator-block-size=2097152"
    "memorysetup-profiler-bucket-allocator-granularity=16"
    "memorysetup-profiler-bucket-allocator-bucket-count=8"
    "memorysetup-profiler-bucket-allocator-block-size=33554432"
    "memorysetup-profiler-bucket-allocator-block-count=8"
    "memorysetup-profiler-allocator-block-size=16777216"
    "memorysetup-profiler-editor-allocator-block-size=1048576"
    "memorysetup-temp-allocator-size-main=16777216"
    "memorysetup-job-temp-allocator-block-size=2097152"
    "memorysetup-job-temp-allocator-block-size-background=1048576"
    "memorysetup-job-temp-allocator-reduction-small-platforms=262144"
Player connection [13208]  Target information:

Player connection [13208]  * "[IP] 192.168.4.28 [Port] 55504 [Flags] 2 [Guid] 3316355806 [EditorId] 3316355806 [Version] 1048832 [Id] WindowsEditor(7,DESKTOP-61N33JS) [Debug] 1 [PackageName] WindowsEditor [ProjectName] Editor" 

Player connection [13208] Host joined multi-casting on [225.0.0.222:54997]...
Player connection [13208] Host joined alternative multi-casting on [225.0.0.222:34997]...
Input System module state changed to: Initialized.
[Physics::Module] Initialized fallback backend.
[Physics::Module] Id: 0xdecafbad
[Package Manager] Connected to IPC stream "Upm-5776" after 0.8 seconds.
[Licensing::Client] Successfully resolved entitlement details
Library Redirect Path: Library/
Rebuilding Library because the asset database could not be found!
[Physics::Module] Selected backend.
[Physics::Module] Name: PhysX
[Physics::Module] Id: 0xf2b8ea05
[Physics::Module] SDK Version: 4.1.2
[Physics::Module] Integration Version: 1.0.0
[Physics::Module] Threading Mode: Multi-Threaded
Initialize engine version: 6000.5.3f1 (c2eb47b3a2a9)
[Subsystems] Discovering subsystems at path D:/Unity/6000.5.3f1/Editor/Data/Resources/UnitySubsystems
[Subsystems] Discovering subsystems at path E:/GameDev/ITCS-4236-5236-Group-5-Project/Assets
GfxDevice: creating device client; kGfxThreadingModeThreaded
Direct3D:
    Version:  Direct3D 11.0 [level 11.1]
    Renderer: NVIDIA GeForce GTX 1060 3GB (ID=0x1c02)
    Vendor:   NVIDIA
    VRAM:     2965 MB
    Driver:   32.0.15.8228
Initialize mono
Mono path[0] = 'D:/Unity/6000.5.3f1/Editor/Data/Managed'
Mono path[1] = 'D:/Unity/6000.5.3f1/Editor/Data/BCLExtensions/runtime/netstandard2.1'
Mono path[2] = 'D:/Unity/6000.5.3f1/Editor/Data/MonoBleedingEdge/lib/mono/unityjit-win32'
Mono config path = 'D:/Unity/6000.5.3f1/Editor/Data/MonoBleedingEdge/etc'
Using monoOptions --debugger-agent=transport=dt_socket,embedding=1,server=y,suspend=n,address=127.0.0.1:56776
CodeReloadManager initialized
ImportWorker Server TCP listen port: 0
AcceleratorClientConnectionCallback - disconnected - :0
Begin MonoManager ReloadAssembly
Registering precompiled unity dll's ...
Register platform support module: D:/Unity/6000.5.3f1/Editor/Data/PlaybackEngines/WindowsStandaloneSupport/UnityEditor.WindowsStandalone.Extensions.dll
[Licensing::Client] Successfully resolved entitlement details
Register platform support module: D:/Unity/6000.5.3f1/Editor/Data/PlaybackEngines/MetroSupport/UnityEditor.UWP.Extensions.dll
[Licensing::Client] Successfully resolved entitlement details
Register platform support module: D:/Unity/6000.5.3f1/Editor/Data/PlaybackEngines/AndroidPlayer/UnityEditor.Android.Extensions.dll
[Licensing::Client] Successfully resolved entitlement details
Register platform support module: D:/Unity/6000.5.3f1/Editor/Data/PlaybackEngines/iOSSupport/UnityEditor.iOS.Extensions.dll
Registered in 1.078130 seconds.
[usbmuxd] Start listen thread
[usbmuxd] Listen thread started
Native extension for iOS target not found
Native extension for Android target not found
Native extension for UWP target not found
Native extension for WindowsStandalone target not found
Package Manager log level set to [2]
ScheduleIndexationOnStartup MainProcess:False IndexOnStartup:False
Mono: successfully reloaded assembly
- Finished resetting the current domain, in  2.652 seconds
Domain Reload Profiling: 8470ms
	BeginReloadAssembly (779ms)
		CreateAndSetChildDomain (79ms)
	RebuildCommonClasses (28ms)
	RebuildNativeTypeToScriptingClass (272ms)
	initialDomainReloadingComplete (1454ms)
	LoadAllAssembliesAndSetupDomain (3274ms)
		LoadAssemblies (785ms)
		AnalyzeDomain (2913ms)
			TypeCache.Refresh (2911ms)
				TypeCache.ScanAssembly (2598ms)
	FinalizeReload (2664ms)
		SetupLoadedEditorAssemblies (0ms)
			InitializePlatformSupportModulesInManaged (663ms)
			BeforeProcessingInitializeOnLoad (177ms)
			ProcessInitializeOnLoadAttributes (325ms)
			ProcessInitializeOnLoadMethodAttributes (1278ms)
[Licensing::Client] Successfully resolved entitlement details
Application.AssetDatabase Initial Refresh Start
[Package Manager] The file [E:\GameDev\ITCS-4236-5236-Group-5-Project\Packages\manifest.json] cannot be found
[Package Manager] The file [E:\GameDev\ITCS-4236-5236-Group-5-Project\Packages\manifest.json] cannot be found
[Package Manager] The file [E:\GameDev\ITCS-4236-5236-Group-5-Project\Packages\manifest.json] cannot be found
[Package Manager] Done resolving packages in 17.12 seconds
[Licensing::Client] Successfully resolved entitlement details
[Package Manager] Lock file was modified
[Package Manager] Registered 37 packages:
  Built-in packages:
    com.unity.multiplayer.center@1.0.1 (location: E:\GameDev\ITCS-4236-5236-Group-5-Project\Library\PackageCache\com.unity.multiplayer.center@b860850997d0)
    com.unity.modules.accessibility@1.0.0 (location: E:\GameDev\ITCS-4236-5236-Group-5-Project\Library\PackageCache\com.unity.modules.accessibility)
    com.unity.modules.adaptiveperformance@1.0.0 (location: E:\GameDev\ITCS-4236-5236-Group-5-Project\Library\PackageCache\com.unity.modules.adaptiveperformance)
    com.unity.modules.ai@1.0.0 (location: E:\GameDev\ITCS-4236-5236-Group-5-Project\Library\PackageCache\com.unity.modules.ai)
    com.unity.modules.androidjni@1.0.0 (location: E:\GameDev\ITCS-4236-5236-Group-5-Project\Library\PackageCache\com.unity.modules.androidjni)
    com.unity.modules.animation@1.0.0 (location: E:\GameDev\ITCS-4236-5236-Group-5-Project\Library\PackageCache\com.unity.modules.animation)
    com.unity.modules.assetbundle@1.0.0 (location: E:\GameDev\ITCS-4236-5236-Group-5-Project\Library\PackageCache\com.unity.modules.assetbundle)
    com.unity.modules.audio@1.0.0 (location: E:\GameDev\ITCS-4236-5236-Group-5-Project\Library\PackageCache\com.unity.modules.audio)
    com.unity.modules.cloth@1.0.0 (location: E:\GameDev\ITCS-4236-5236-Group-5-Project\Library\PackageCache\com.unity.modules.cloth)
    com.unity.modules.director@1.0.0 (location: E:\GameDev\ITCS-4236-5236-Group-5-Project\Library\PackageCache\com.unity.modules.director)
    com.unity.modules.imageconversion@1.0.0 (location: E:\GameDev\ITCS-4236-5236-Group-5-Project\Library\PackageCache\com.unity.modules.imageconversion)
    com.unity.modules.imgui@1.0.0 (location: E:\GameDev\ITCS-4236-5236-Group-5-Project\Library\PackageCache\com.unity.modules.imgui)
    com.unity.modules.jsonserialize@1.0.0 (location: E:\GameDev\ITCS-4236-5236-Group-5-Project\Library\PackageCache\com.unity.modules.jsonserialize)
    com.unity.modules.particlesystem@1.0.0 (location: E:\GameDev\ITCS-4236-5236-Group-5-Project\Library\PackageCache\com.unity.modules.particlesystem)
    com.unity.modules.physics@1.0.0 (location: E:\GameDev\ITCS-4236-5236-Group-5-Project\Library\PackageCache\com.unity.modules.physics)
    com.unity.modules.physics2d@1.0.0 (location: E:\GameDev\ITCS-4236-5236-Group-5-Project\Library\PackageCache\com.unity.modules.physics2d)
    com.unity.modules.physicscore2d@1.0.0 (location: E:\GameDev\ITCS-4236-5236-Group-5-Project\Library\PackageCache\com.unity.modules.physicscore2d)
    com.unity.modules.screencapture@1.0.0 (location: E:\GameDev\ITCS-4236-5236-Group-5-Project\Library\PackageCache\com.unity.modules.screencapture)
    com.unity.modules.terrain@1.0.0 (location: E:\GameDev\ITCS-4236-5236-Group-5-Project\Library\PackageCache\com.unity.modules.terrain)
    com.unity.modules.terrainphysics@1.0.0 (location: E:\GameDev\ITCS-4236-5236-Group-5-Project\Library\PackageCache\com.unity.modules.terrainphysics)
    com.unity.modules.tilemap@1.0.0 (location: E:\GameDev\ITCS-4236-5236-Group-5-Project\Library\PackageCache\com.unity.modules.tilemap)
    com.unity.modules.ui@1.0.0 (location: E:\GameDev\ITCS-4236-5236-Group-5-Project\Library\PackageCache\com.unity.modules.ui)
    com.unity.modules.uielements@1.0.0 (location: E:\GameDev\ITCS-4236-5236-Group-5-Project\Library\PackageCache\com.unity.modules.uielements)
    com.unity.modules.umbra@1.0.0 (location: E:\GameDev\ITCS-4236-5236-Group-5-Project\Library\PackageCache\com.unity.modules.umbra)
    com.unity.modules.unityanalytics@1.0.0 (location: E:\GameDev\ITCS-4236-5236-Group-5-Project\Library\PackageCache\com.unity.modules.unityanalytics)
    com.unity.modules.unitywebrequest@1.0.0 (location: E:\GameDev\ITCS-4236-5236-Group-5-Project\Library\PackageCache\com.unity.modules.unitywebrequest)
    com.unity.modules.unitywebrequestassetbundle@1.0.0 (location: E:\GameDev\ITCS-4236-5236-Group-5-Project\Library\PackageCache\com.unity.modules.unitywebrequestassetbundle)
    com.unity.modules.unitywebrequestaudio@1.0.0 (location: E:\GameDev\ITCS-4236-5236-Group-5-Project\Library\PackageCache\com.unity.modules.unitywebrequestaudio)
    com.unity.modules.unitywebrequesttexture@1.0.0 (location: E:\GameDev\ITCS-4236-5236-Group-5-Project\Library\PackageCache\com.unity.modules.unitywebrequesttexture)
    com.unity.modules.unitywebrequestwww@1.0.0 (location: E:\GameDev\ITCS-4236-5236-Group-5-Project\Library\PackageCache\com.unity.modules.unitywebrequestwww)
    com.unity.modules.vectorgraphics@1.0.0 (location: E:\GameDev\ITCS-4236-5236-Group-5-Project\Library\PackageCache\com.unity.modules.vectorgraphics)
    com.unity.modules.vehicles@1.0.0 (location: E:\GameDev\ITCS-4236-5236-Group-5-Project\Library\PackageCache\com.unity.modules.vehicles)
    com.unity.modules.video@1.0.0 (location: E:\GameDev\ITCS-4236-5236-Group-5-Project\Library\PackageCache\com.unity.modules.video)
    com.unity.modules.wind@1.0.0 (location: E:\GameDev\ITCS-4236-5236-Group-5-Project\Library\PackageCache\com.unity.modules.wind)
    com.unity.modules.xr@1.0.0 (location: E:\GameDev\ITCS-4236-5236-Group-5-Project\Library\PackageCache\com.unity.modules.xr)
    com.unity.modules.subsystems@1.0.0 (location: E:\GameDev\ITCS-4236-5236-Group-5-Project\Library\PackageCache\com.unity.modules.subsystems)
    com.unity.modules.hierarchycore@1.0.0 (location: E:\GameDev\ITCS-4236-5236-Group-5-Project\Library\PackageCache\com.unity.modules.hierarchycore)
[Subsystems] No new subsystems found in resolved package list.
[Package Manager] Done registering packages in 0.00 seconds
AcceleratorClientConnectionCallback - disconnected - :0
[ScriptCompilation] Requested script compilation because: Assembly Definition File(s) changed
[ScriptCompilation] Requested script compilation because: AssetDatabase observed changes in script compilation related files
info: Microsoft.Hosting.Lifetime[14]
      Now listening on: http://localhost:80
info: Microsoft.Hosting.Lifetime[0]
      Application started. Press Ctrl+C to shut down.
info: Microsoft.Hosting.Lifetime[0]
      Hosting environment: Production
info: Microsoft.Hosting.Lifetime[0]
      Content root path: E:\GameDev\ITCS-4236-5236-Group-5-Project
info: Microsoft.AspNetCore.Hosting.Diagnostics[1]
      Request starting HTTP/2 POST http://ilpp/UnityILPP.PostProcessing/Ping - application/grpc -
info: Microsoft.AspNetCore.Routing.EndpointMiddleware[0]
      Executing endpoint 'gRPC - /UnityILPP.PostProcessing/Ping'
info: Microsoft.AspNetCore.Routing.EndpointMiddleware[1]
      Executed endpoint 'gRPC - /UnityILPP.PostProcessing/Ping'
info: Microsoft.AspNetCore.Hosting.Diagnostics[2]
      Request finished HTTP/2 POST http://ilpp/UnityILPP.PostProcessing/Ping - 200 - application/grpc 318.2880ms
Starting: D:\Unity\6000.5.3f1\Editor\Data\Tools\BuildPipeline\bee_backend.exe --ipc --defer-dag-verification --dagfile="Library/Bee/1900b0aE.dag" --continue-on-failure --profile="Library/Bee/backend1.traceevents" ScriptAssemblies
WorkingDir: E:/GameDev/ITCS-4236-5236-Group-5-Project
ExitCode: 4 Duration: 0s84ms
[             ] Require frontend run.  Library/Bee/1900b0aE.dag couldn't be loaded
Starting: D:\Unity\6000.5.3f1\Editor\Data\netcorerun\netcorerun.exe "D:\Unity\6000.5.3f1\Editor\Data\Tools\BuildPipeline\ScriptCompilationBuildProgram.exe" "Library/Bee/1900b0aE.dag.json" "Library/Bee/1900b0aE-inputdata.json" "Library\Bee\buildprogram0.traceevents"
WorkingDir: E:/GameDev/ITCS-4236-5236-Group-5-Project
ExitCode: 0 Duration: 3s606ms
Starting: D:\Unity\6000.5.3f1\Editor\Data\Tools\BuildPipeline\bee_backend.exe --ipc --defer-dag-verification --dagfile="Library/Bee/1900b0aE.dag" --continue-on-failure --dagfilejson="Library\Bee\1900b0aE.dag.json" --profile="Library/Bee/backend2.traceevents" ScriptAssemblies
WorkingDir: E:/GameDev/ITCS-4236-5236-Group-5-Project
ExitCode: 0 Duration: 13s
Finished compiling graph: 179 nodes, 686 flattened edges (674 ToBuild, 4 ToUse), maximum node priority 24
[  1/176    0s] MovedFromExtractor Library/Bee/artifacts/mvdfrm/UnityEditor.ContentLoadModule.dll_C4BD9C66929089BF.mvfrm
[  2/176    0s] MovedFromExtractor Library/Bee/artifacts/mvdfrm/UnityEditor.AccessibilityModule.dll_6211FA5C3DB6EEFE.mvfrm
[  3/176    0s] MovedFromExtractor Library/Bee/artifacts/mvdfrm/UnityEditor.AIModule.dll_B7404A8CB1F5711C.mvfrm
[  4/176    0s] MovedFromExtractor Library/Bee/artifacts/mvdfrm/UnityEditor.BuildProfileModule.dll_C431FA0DEDB9FA0F.mvfrm
[  5/176    0s] MovedFromExtractor Library/Bee/artifacts/mvdfrm/UnityEngine.dll_6801DA218BD3AD17.mvfrm
[  6/176    0s] WriteText Library/Bee/artifacts/1900b0aE.dag/Unity.Multiplayer.Center.Common.rsp2
[  7/176    0s] MovedFromExtractor Library/Bee/artifacts/mvdfrm/UnityEditor.ClothModule.dll_857F272E09CEF4FA.mvfrm
[  8/176    0s] MovedFromExtractor Library/Bee/artifacts/mvdfrm/UnityEditor.AssetComplianceModule.dll_F7833BF0A698B26B.mvfrm
[  9/176    0s] MovedFromExtractor Library/Bee/artifacts/mvdfrm/UnityEditor.AdaptivePerformanceModule.dll_7317731B5279B90A.mvfrm
[ 10/176    0s] WriteText Library/Bee/artifacts/1900b0aE.dag/Unity.Multiplayer.Center.Common.UnityAdditionalFile.txt
[ 11/176    0s] MovedFromExtractor Library/Bee/artifacts/mvdfrm/Unity.Scripting.dll_6D7B9AB53867A25E.mvfrm
[ 12/176    0s] MovedFromExtractor Library/Bee/artifacts/mvdfrm/UnityEditor.Apple.Extensions.Common.dll_79352EFCE25B38B5.mvfrm
[ 13/176    0s] MovedFromExtractor Library/Bee/artifacts/mvdfrm/UnityEditor.iOS.Extensions.dll_B05FC842CBF6354D.mvfrm
[ 14/176    0s] MovedFromExtractor Library/Bee/artifacts/mvdfrm/UnityEditor.iOS.Extensions.Xcode.dll_3976503F5D2CB4F4.mvfrm
[ 15/176    0s] MovedFromExtractor Library/Bee/artifacts/mvdfrm/UnityEditor.UWP.Extensions.dll_3779BDC567411368.mvfrm
[ 16/176    0s] MovedFromExtractor Library/Bee/artifacts/mvdfrm/UnityEditor.WindowsStandalone.Extensions.dll_49622E64FA6D04DD.mvfrm
[ 17/176    0s] MovedFromExtractor Library/Bee/artifacts/mvdfrm/UnityEditor.iOS.Extensions.Common.dll_E85EB5986D0F37D8.mvfrm
[ 18/176    0s] MovedFromExtractor Library/Bee/artifacts/mvdfrm/UnityEditor.Android.Extensions.dll_150BBBECDFEBAD7B.mvfrm
[ 19/176    0s] MovedFromExtractor Library/Bee/artifacts/mvdfrm/Unity.Android.Types.dll_5C27EB30C61D5611.mvfrm
[ 20/176    0s] MovedFromExtractor Library/Bee/artifacts/mvdfrm/Unity.Android.Gradle.dll_54C9455C1B897A5B.mvfrm
[ 21/176    0s] MovedFromExtractor Library/Bee/artifacts/mvdfrm/UnityEngine.UIElementsModule.dll_4D81C50B0D39889A.mvfrm
[ 22/176    0s] MovedFromExtractor Library/Bee/artifacts/mvdfrm/UnityEngine.VirtualTexturingModule.dll_AC7D37795CF6533C.mvfrm
[ 23/176    0s] MovedFromExtractor Library/Bee/artifacts/mvdfrm/UnityEngine.WindModule.dll_2A9895B574F4A087.mvfrm
[ 24/176    0s] MovedFromExtractor Library/Bee/artifacts/mvdfrm/UnityEngine.XRModule.dll_76B363D3A4AE7D69.mvfrm
[ 25/176    0s] MovedFromExtractor Library/Bee/artifacts/mvdfrm/UnityEngine.VideoModule.dll_09CD0B0223C16260.mvfrm
[ 26/176    0s] MovedFromExtractor Library/Bee/artifacts/mvdfrm/UnityEngine.VehiclesModule.dll_4AB23EFDD596D756.mvfrm
[ 27/176    0s] MovedFromExtractor Library/Bee/artifacts/mvdfrm/UnityEngine.VectorGraphicsModule.dll_BA6842A42330364D.mvfrm
[ 28/176    0s] MovedFromExtractor Library/Bee/artifacts/mvdfrm/UnityEngine.UnityWebRequestWWWModule.dll_DBFB364CDD79AF66.mvfrm
[ 29/176    0s] MovedFromExtractor Library/Bee/artifacts/mvdfrm/UnityEngine.VFXModule.dll_23AF1AA7DE5A062D.mvfrm
[ 30/176    0s] MovedFromExtractor Library/Bee/artifacts/mvdfrm/UnityEngine.UnityWebRequestTextureModule.dll_EA97C95CE43F65EA.mvfrm
[ 31/176    0s] MovedFromExtractor Library/Bee/artifacts/mvdfrm/UnityEngine.UnityWebRequestModule.dll_41E5F3CE28B12E35.mvfrm
[ 32/176    0s] MovedFromExtractor Library/Bee/artifacts/mvdfrm/UnityEngine.UnityWebRequestAudioModule.dll_5B204B9F8ECE1F75.mvfrm
[ 33/176    0s] MovedFromExtractor Library/Bee/artifacts/mvdfrm/UnityEngine.UnityWebRequestAssetBundleModule.dll_1750F0559738B4D1.mvfrm
[ 34/176    0s] MovedFromExtractor Library/Bee/artifacts/mvdfrm/UnityEngine.UnityCurlModule.dll_AA64EBEEBF5681F6.mvfrm
[ 35/176    0s] MovedFromExtractor Library/Bee/artifacts/mvdfrm/UnityEngine.UnityConsentModule.dll_7E7122BF1A307624.mvfrm
[ 36/176    0s] MovedFromExtractor Library/Bee/artifacts/mvdfrm/UnityEngine.UnityAnalyticsCommonModule.dll_7E62B505224BF33B.mvfrm
[ 37/176    0s] MovedFromExtractor Library/Bee/artifacts/mvdfrm/UnityEngine.UnityConnectModule.dll_ACCB8B930D25DFD4.mvfrm
[ 38/176    0s] MovedFromExtractor Library/Bee/artifacts/mvdfrm/UnityEngine.UnityAnalyticsModule.dll_42C07D393D511200.mvfrm
[ 39/176    0s] MovedFromExtractor Library/Bee/artifacts/mvdfrm/UnityEngine.UmbraModule.dll_5F9832AFEE55F22E.mvfrm
[ 40/176    0s] MovedFromExtractor Library/Bee/artifacts/mvdfrm/UnityEngine.UIModule.dll_F1227A4979B9AA93.mvfrm
[ 41/176    0s] MovedFromExtractor Library/Bee/artifacts/mvdfrm/UnityEditor.Graphs.dll_E62E6FD242688E25.mvfrm
[ 42/176    0s] MovedFromExtractor Library/Bee/artifacts/mvdfrm/UnityEngine.U2DRuntimeModule.dll_1A1FB469DA68C2B0.mvfrm
[ 43/176    0s] MovedFromExtractor Library/Bee/artifacts/mvdfrm/UnityEngine.TilemapModule.dll_D47D3BED417310E3.mvfrm
[ 44/176    0s] MovedFromExtractor Library/Bee/artifacts/mvdfrm/UnityEngine.TextCoreTextEngineModule.dll_1138F0F0EDB9F2FA.mvfrm
[ 45/176    0s] MovedFromExtractor Library/Bee/artifacts/mvdfrm/UnityEngine.TextRenderingModule.dll_9191954F818E7F04.mvfrm
[ 46/176    0s] MovedFromExtractor Library/Bee/artifacts/mvdfrm/UnityEngine.TextCoreFontEngineModule.dll_C950BA7F5E3639DC.mvfrm
[ 47/176    0s] MovedFromExtractor Library/Bee/artifacts/mvdfrm/UnityEngine.TerrainPhysicsModule.dll_239BB542AA6CBA91.mvfrm
[ 48/176    0s] MovedFromExtractor Library/Bee/artifacts/mvdfrm/UnityEngine.TerrainModule.dll_3580D46C29B62FDA.mvfrm
[ 49/176    0s] MovedFromExtractor Library/Bee/artifacts/mvdfrm/UnityEngine.SubsystemsModule.dll_494363A30A0D4CA3.mvfrm
[ 50/176    0s] MovedFromExtractor Library/Bee/artifacts/mvdfrm/UnityEngine.TLSModule.dll_A2D0823907EC9CC0.mvfrm
[ 51/176    0s] MovedFromExtractor Library/Bee/artifacts/mvdfrm/UnityEngine.SubstanceModule.dll_08884C56EA1D4555.mvfrm
[ 52/176    0s] MovedFromExtractor Library/Bee/artifacts/mvdfrm/UnityEngine.StreamingModule.dll_2BDD380D9ECA4747.mvfrm
[ 53/176    0s] MovedFromExtractor Library/Bee/artifacts/mvdfrm/UnityEngine.SpriteShapeModule.dll_4ACE400F8BEA2A61.mvfrm
[ 54/176    0s] MovedFromExtractor Library/Bee/artifacts/mvdfrm/UnityEngine.SpriteMaskModule.dll_DE95FD413BC56490.mvfrm
[ 55/176    0s] MovedFromExtractor Library/Bee/artifacts/mvdfrm/UnityEngine.SharedInternalsModule.dll_B4582AF994EA8F06.mvfrm
[ 56/176    0s] MovedFromExtractor Library/Bee/artifacts/mvdfrm/UnityEngine.ShaderVariantAnalyticsModule.dll_AB51E70D900BA165.mvfrm
[ 57/176    0s] MovedFromExtractor Library/Bee/artifacts/mvdfrm/UnityEngine.ScriptingModule.dll_8E69A383CECA3EBC.mvfrm
[ 58/176    0s] MovedFromExtractor Library/Bee/artifacts/mvdfrm/UnityEngine.ScreenCaptureModule.dll_68522344CA56FF0F.mvfrm
[ 59/176    0s] MovedFromExtractor Library/Bee/artifacts/mvdfrm/UnityEngine.RuntimeInitializeOnLoadManagerInitializerModule.dll_CBDC01A90B593467.mvfrm
[ 60/176    0s] MovedFromExtractor Library/Bee/artifacts/mvdfrm/UnityEngine.RenderAs2DModule.dll_63DC8C756C9B7D89.mvfrm
[ 61/176    0s] MovedFromExtractor Library/Bee/artifacts/mvdfrm/UnityEngine.PropertiesModule.dll_22A4C9EF8D413352.mvfrm
[ 62/176    0s] MovedFromExtractor Library/Bee/artifacts/mvdfrm/UnityEngine.PhysicsCore2DModule.dll_DC16C42F1554670D.mvfrm
[ 63/176    0s] MovedFromExtractor Library/Bee/artifacts/mvdfrm/UnityEngine.PhysicsModule.dll_1B3A58FD53F7E6EC.mvfrm
[ 64/176    0s] MovedFromExtractor Library/Bee/artifacts/mvdfrm/UnityEngine.PhysicsBackendPhysXModule.dll_0DBAEF5E707B4ECE.mvfrm
[ 65/176    0s] MovedFromExtractor Library/Bee/artifacts/mvdfrm/UnityEngine.Physics2DModule.dll_C3EE3AADF03F879E.mvfrm
[ 66/176    0s] MovedFromExtractor Library/Bee/artifacts/mvdfrm/UnityEngine.PerformanceReportingModule.dll_E323F7C1086354DD.mvfrm
[ 67/176    0s] MovedFromExtractor Library/Bee/artifacts/mvdfrm/UnityEngine.ParticleSystemModule.dll_23210C6F9129C004.mvfrm
[ 68/176    0s] MovedFromExtractor Library/Bee/artifacts/mvdfrm/UnityEngine.MarshallingModule.dll_D9D5B149BA701FA9.mvfrm
[ 69/176    0s] MovedFromExtractor Library/Bee/artifacts/mvdfrm/UnityEngine.MathematicsModule.dll_5681C08E4ABFE98B.mvfrm
[ 70/176    0s] MovedFromExtractor Library/Bee/artifacts/mvdfrm/UnityEngine.MultiplayerModule.dll_B1152F418F0F7FCF.mvfrm
[ 71/176    0s] MovedFromExtractor Library/Bee/artifacts/mvdfrm/UnityEngine.LocalizationModule.dll_7D5546EC5BA1A4E8.mvfrm
[ 72/176    0s] MovedFromExtractor Library/Bee/artifacts/mvdfrm/UnityEngine.JSONSerializeModule.dll_4E6A75BFB5EAD2AD.mvfrm
[ 73/176    0s] MovedFromExtractor Library/Bee/artifacts/mvdfrm/UnityEngine.InsightsModule.dll_6CB60E0EE5EA573A.mvfrm
[ 74/176    0s] MovedFromExtractor Library/Bee/artifacts/mvdfrm/UnityEngine.InputModule.dll_4B394E47D7676B5F.mvfrm
[ 75/176    0s] MovedFromExtractor Library/Bee/artifacts/mvdfrm/UnityEngine.InputLegacyModule.dll_C2B22DD36E39A848.mvfrm
[ 76/176    0s] MovedFromExtractor Library/Bee/artifacts/mvdfrm/UnityEngine.InputForUIModule.dll_F81BE4CA7A766BD2.mvfrm
[ 77/176    0s] MovedFromExtractor Library/Bee/artifacts/mvdfrm/UnityEngine.IdentifiersModule.dll_09F69AAA98C0C06F.mvfrm
[ 78/176    0s] MovedFromExtractor Library/Bee/artifacts/mvdfrm/UnityEngine.ImageConversionModule.dll_3046EC241DBC93B6.mvfrm
[ 79/176    0s] MovedFromExtractor Library/Bee/artifacts/mvdfrm/UnityEngine.IMGUIModule.dll_1D2325FE2760DA9C.mvfrm
[ 80/176    0s] MovedFromExtractor Library/Bee/artifacts/mvdfrm/UnityEngine.HierarchyCoreModule.dll_656D895E255CCB19.mvfrm
[ 81/176    0s] MovedFromExtractor Library/Bee/artifacts/mvdfrm/UnityEngine.HotReloadModule.dll_F89108C32A75AB8B.mvfrm
[ 82/176    0s] MovedFromExtractor Library/Bee/artifacts/mvdfrm/UnityEngine.GridModule.dll_91BAD67AFC12B815.mvfrm
[ 83/176    0s] MovedFromExtractor Library/Bee/artifacts/mvdfrm/UnityEngine.GraphicsStateCollectionSerializerModule.dll_34F2A5AFF765480B.mvfrm
[ 84/176    0s] MovedFromExtractor Library/Bee/artifacts/mvdfrm/UnityEngine.GameCenterModule.dll_F5698AB11A55CF16.mvfrm
[ 85/176    0s] MovedFromExtractor Library/Bee/artifacts/mvdfrm/UnityEngine.GIModule.dll_8DEB2529B9218D01.mvfrm
[ 86/176    0s] MovedFromExtractor Library/Bee/artifacts/mvdfrm/UnityEngine.DirectorModule.dll_D2EF457E5B6D07BB.mvfrm
[ 87/176    0s] MovedFromExtractor Library/Bee/artifacts/mvdfrm/UnityEngine.CrashReportingModule.dll_D00EC32323183476.mvfrm
[ 88/176    0s] MovedFromExtractor Library/Bee/artifacts/mvdfrm/UnityEngine.DSPGraphModule.dll_D840A6E7CDCDD8DC.mvfrm
[ 89/176    0s] MovedFromExtractor Library/Bee/artifacts/mvdfrm/UnityEngine.ContentLoadModule.dll_CA836BF5A4CA9A44.mvfrm
[ 90/176    0s] MovedFromExtractor Library/Bee/artifacts/mvdfrm/UnityEngine.CoreModule.dll_B449BA8CE3BE221E.mvfrm
[ 91/176    0s] MovedFromExtractor Library/Bee/artifacts/mvdfrm/UnityEngine.ClusterRendererModule.dll_C454EE739B97DBC2.mvfrm
[ 92/176    0s] MovedFromExtractor Library/Bee/artifacts/mvdfrm/UnityEngine.ClothModule.dll_4BABE3923B4C259F.mvfrm
[ 93/176    0s] MovedFromExtractor Library/Bee/artifacts/mvdfrm/UnityEngine.AudioModule.dll_E4C38697612F46BB.mvfrm
[ 94/176    0s] MovedFromExtractor Library/Bee/artifacts/mvdfrm/UnityEngine.ClusterInputModule.dll_3F087C99C425B1EF.mvfrm
[ 95/176    0s] MovedFromExtractor Library/Bee/artifacts/mvdfrm/UnityEngine.AnimationModule.dll_77484ABD4F429009.mvfrm
[ 96/176    0s] MovedFromExtractor Library/Bee/artifacts/mvdfrm/UnityEngine.AdaptivePerformanceModule.dll_33A707D18DBF0C0F.mvfrm
[ 97/176    0s] MovedFromExtractor Library/Bee/artifacts/mvdfrm/UnityEngine.AssetBundleModule.dll_316D12B4D647F257.mvfrm
[ 98/176    0s] MovedFromExtractor Library/Bee/artifacts/mvdfrm/UnityEngine.AndroidJNIModule.dll_CB1C40965414DE25.mvfrm
[ 99/176    0s] MovedFromExtractor Library/Bee/artifacts/mvdfrm/UnityEngine.AccessibilityModule.dll_EE52EC83B6AF7223.mvfrm
[100/176    0s] MovedFromExtractor Library/Bee/artifacts/mvdfrm/UnityEngine.ARModule.dll_AF21A11F7A9003B0.mvfrm
[101/176    0s] MovedFromExtractor Library/Bee/artifacts/mvdfrm/UnityEditor.dll_355D93492D602032.mvfrm
[102/176    0s] MovedFromExtractor Library/Bee/artifacts/mvdfrm/UnityEngine.AIModule.dll_F5AEDC1C1D72A4E7.mvfrm
[103/176    0s] MovedFromExtractor Library/Bee/artifacts/mvdfrm/UnityEditor.VideoModule.dll_43A04E9DF24431BB.mvfrm
[104/176    0s] MovedFromExtractor Library/Bee/artifacts/mvdfrm/UnityEditor.XRModule.dll_3844D2443931499E.mvfrm
[105/176    0s] MovedFromExtractor Library/Bee/artifacts/mvdfrm/UnityEditor.VectorGraphicsModule.dll_FF43E1090743A242.mvfrm
[106/176    0s] MovedFromExtractor Library/Bee/artifacts/mvdfrm/UnityEditor.VFXModule.dll_178D78546EA9F828.mvfrm
[107/176    0s] MovedFromExtractor Library/Bee/artifacts/mvdfrm/UnityEditor.UnityConnectModule.dll_BF6C0784129DDF29.mvfrm
[108/176    0s] MovedFromExtractor Library/Bee/artifacts/mvdfrm/UnityEditor.UmbraModule.dll_996B764BBCD8C189.mvfrm
[109/176    0s] MovedFromExtractor Library/Bee/artifacts/mvdfrm/UnityEditor.UIToolkitAuthoringModule.dll_7E47D3B969BEFED1.mvfrm
[110/176    0s] MovedFromExtractor Library/Bee/artifacts/mvdfrm/UnityEditor.UIElementsSamplesModule.dll_A443557021BA3C0E.mvfrm
[111/176    0s] MovedFromExtractor Library/Bee/artifacts/mvdfrm/UnityEditor.UIElementsModule.dll_4CD357C30AF56F4F.mvfrm
[112/176    0s] MovedFromExtractor Library/Bee/artifacts/mvdfrm/UnityEditor.UIBuilderModule.dll_FD4B7BB0E79E3497.mvfrm
[113/176    0s] MovedFromExtractor Library/Bee/artifacts/mvdfrm/UnityEditor.UIAutomationModule.dll_74D2E8FE8A2DC2CF.mvfrm
[114/176    0s] MovedFromExtractor Library/Bee/artifacts/mvdfrm/UnityEditor.U2DModule.dll_43662337A4465887.mvfrm
[115/176    0s] MovedFromExtractor Library/Bee/artifacts/mvdfrm/UnityEditor.TreeModule.dll_EED4DC48C37E4C32.mvfrm
[116/176    0s] MovedFromExtractor Library/Bee/artifacts/mvdfrm/UnityEditor.TilemapModule.dll_E2028342DC64299E.mvfrm
[117/176    0s] MovedFromExtractor Library/Bee/artifacts/mvdfrm/UnityEditor.TextRenderingModule.dll_0550A3280895FBDF.mvfrm
[118/176    0s] MovedFromExtractor Library/Bee/artifacts/mvdfrm/UnityEditor.SubstanceModule.dll_52A25B6E049D9370.mvfrm
[119/176    0s] MovedFromExtractor Library/Bee/artifacts/mvdfrm/UnityEditor.TextCoreTextEngineModule.dll_92D9759DDABC342F.mvfrm
[120/176    0s] MovedFromExtractor Library/Bee/artifacts/mvdfrm/UnityEditor.SpriteShapeModule.dll_4508708079B019DC.mvfrm
[121/176    0s] MovedFromExtractor Library/Bee/artifacts/mvdfrm/UnityEditor.TextCoreFontEngineModule.dll_4AF13F2C4B387B11.mvfrm
[122/176    0s] MovedFromExtractor Library/Bee/artifacts/mvdfrm/UnityEditor.TerrainModule.dll_43061BC1C4A74895.mvfrm
[123/176    0s] MovedFromExtractor Library/Bee/artifacts/mvdfrm/UnityEditor.SpriteMaskModule.dll_DDE78FF939814B45.mvfrm
[124/176    0s] MovedFromExtractor Library/Bee/artifacts/mvdfrm/UnityEditor.SketchUpModule.dll_BFED684E22D3CC4B.mvfrm
[125/176    0s] MovedFromExtractor Library/Bee/artifacts/mvdfrm/UnityEditor.ShaderFoundryModule.dll_FA8D512FD8E8C714.mvfrm
[126/176    0s] MovedFromExtractor Library/Bee/artifacts/mvdfrm/UnityEditor.ShaderCompilationModule.dll_B011B7E804BE30DE.mvfrm
[127/176    0s] MovedFromExtractor Library/Bee/artifacts/mvdfrm/UnityEditor.ShaderBuildSettingsModule.dll_7B3DB9C42578EA4C.mvfrm
[128/176    0s] MovedFromExtractor Library/Bee/artifacts/mvdfrm/UnityEditor.SceneTemplateModule.dll_BBAD80ECB6394A86.mvfrm
[129/176    0s] MovedFromExtractor Library/Bee/artifacts/mvdfrm/UnityEditor.SceneViewModule.dll_E772B19C6A088871.mvfrm
[130/176    0s] MovedFromExtractor Library/Bee/artifacts/mvdfrm/UnityEditor.SafeModeModule.dll_D7D882FDD7A23034.mvfrm
[131/176    0s] MovedFromExtractor Library/Bee/artifacts/mvdfrm/UnityEditor.QuickInstallModule.dll_A311484D2F406842.mvfrm
[132/176    0s] MovedFromExtractor Library/Bee/artifacts/mvdfrm/UnityEditor.QuickSearchModule.dll_ED83DFC373E13D65.mvfrm
[133/176    0s] MovedFromExtractor Library/Bee/artifacts/mvdfrm/UnityEditor.PropertiesModule.dll_21F65CA78AFD1A07.mvfrm
[134/176    0s] MovedFromExtractor Library/Bee/artifacts/mvdfrm/UnityEditor.ProjectAuditorModule.dll_B2B15539C9D5F159.mvfrm
[135/176    0s] MovedFromExtractor Library/Bee/artifacts/mvdfrm/UnityEditor.PlayModeModule.dll_1DCC74B7766B3F9B.mvfrm
[136/176    0s] MovedFromExtractor Library/Bee/artifacts/mvdfrm/UnityEditor.PresetsUIModule.dll_64290776773E1368.mvfrm
[137/176    0s] MovedFromExtractor Library/Bee/artifacts/mvdfrm/UnityEditor.PhysicsModule.dll_28BFA052EEE8FFA7.mvfrm
[138/176    0s] MovedFromExtractor Library/Bee/artifacts/mvdfrm/UnityEditor.Physics2DModule.dll_0E0849C50ABFD5B9.mvfrm
[139/176    0s] MovedFromExtractor Library/Bee/artifacts/mvdfrm/UnityEditor.MultiplayerModule.dll_AB4F5FB27CD56F4A.mvfrm
[140/176    0s] MovedFromExtractor Library/Bee/artifacts/mvdfrm/UnityEditor.PhysicsCore2DModule.dll_4FD5D2079C5BE3E8.mvfrm
[141/176    0s] MovedFromExtractor Library/Bee/artifacts/mvdfrm/UnityEditor.MediaModule.dll_EA56E3C4ADFE9EA4.mvfrm
[142/176    0s] MovedFromExtractor Library/Bee/artifacts/mvdfrm/UnityEditor.MathematicsModule.dll_50BBF0FF3885D906.mvfrm
[143/176    0s] MovedFromExtractor Library/Bee/artifacts/mvdfrm/UnityEditor.LightingModule.dll_D1DFFA7A2A8DF960.mvfrm
[144/176    0s] MovedFromExtractor Library/Bee/artifacts/mvdfrm/UnityEditor.HierarchyModule.dll_9636D57032C4FA25.mvfrm
[145/176    0s] MovedFromExtractor Library/Bee/artifacts/mvdfrm/UnityEditor.GridModule.dll_6E9A0328540D4CEA.mvfrm
[146/176    0s] MovedFromExtractor Library/Bee/artifacts/mvdfrm/UnityEditor.GraphicsStateCollectionSerializerModule.dll_2BFED8C02A65FEA6.mvfrm
[147/176    0s] MovedFromExtractor Library/Bee/artifacts/mvdfrm/UnityEditor.GridAndSnapModule.dll_6C2D45379E6EFDFB.mvfrm
[148/176    0s] MovedFromExtractor Library/Bee/artifacts/mvdfrm/UnityEditor.GraphViewModule.dll_A8C2CE9474E5BB63.mvfrm
[149/176    0s] MovedFromExtractor Library/Bee/artifacts/mvdfrm/UnityEditor.GenericRemoteModule.dll_F81350379F5B17FD.mvfrm
[150/176    0s] MovedFromExtractor Library/Bee/artifacts/mvdfrm/UnityEditor.GIModule.dll_4F7C939A4DA45936.mvfrm
[151/176    0s] WriteText Library/Bee/artifacts/1900b0aE.dag/Unity.Multiplayer.Center.Common.dll.mvfrm.rsp
[152/176    0s] MovedFromExtractor Library/Bee/artifacts/mvdfrm/UnityEditor.GraphToolkitModule.dll_E00EDEB8DE692894.mvfrm
[153/176    0s] WriteText Library/Bee/artifacts/1900b0aE.dag/Unity.Multiplayer.Center.Common.rsp
[154/176    0s] MovedFromExtractor Library/Bee/artifacts/mvdfrm/UnityEditor.EmbreeModule.dll_C18CF56FE7E4CB9C.mvfrm
[155/176    0s] MovedFromExtractor Library/Bee/artifacts/mvdfrm/UnityEditor.EditorToolbarModule.dll_980E102EB74CA04E.mvfrm
[156/176    0s] MovedFromExtractor Library/Bee/artifacts/mvdfrm/UnityEditor.DeviceSimulatorModule.dll_BEA82C022BDCCE3E.mvfrm
[157/176    0s] MovedFromExtractor Library/Bee/artifacts/mvdfrm/UnityEditor.CoreBusinessMetricsModule.dll_F3026C9578C0E804.mvfrm
[158/176    0s] MovedFromExtractor Library/Bee/artifacts/mvdfrm/UnityEditor.DiagnosticsModule.dll_62745EB61B0A410C.mvfrm
[159/176    0s] WriteText Library/Bee/artifacts/1900b0aE.dag/Unity.Multiplayer.Center.Editor.rsp2
[160/176    0s] MovedFromExtractor Library/Bee/artifacts/mvdfrm/UnityEditor.CoreModule.dll_9128E73A3BB8B6F3.mvfrm
[161/176    0s] WriteText Library/Bee/artifacts/1900b0aE.dag/Unity.Multiplayer.Center.Editor.rsp
[162/176    0s] WriteText Library/Bee/artifacts/1900b0aE.dag/Unity.Multiplayer.Center.Editor.UnityAdditionalFile.txt
[163/176    0s] WriteText Library/Bee/artifacts/1900b0aE.dag/Unity.Multiplayer.Center.Editor.dll.mvfrm.rsp
[164/176    0s] MovedFromExtractor Library/Bee/artifacts/mvdfrm/UnityEngine.HierarchyModule.dll_4C1CC6591844AC0A.mvfrm
[165/176    0s] MovedFromExtractor Library/Bee/artifacts/mvdfrm/UnityEngine.AMDModule.dll_A440BED3E0BC216D.mvfrm
[166/176    0s] MovedFromExtractor Library/Bee/artifacts/mvdfrm/UnityEngine.NVIDIAModule.dll_199E0D574581E64A.mvfrm
[167/176    0s] MovedFromExtractor-Combine Library/Bee/artifacts/1900b0aE.dag/Unity.Multiplayer.Center.Common.dll.mvfrm
[167/176    1s] Csc Library/Bee/artifacts/1900b0aE.dag/Unity.Multiplayer.Center.Common.dll (+2 others) [CacheHit 077519e1e16c04624a28e5294c51448700000000000000000000000000000006]
[168/176    1s] Csc Library/Bee/artifacts/1900b0aE.dag/Unity.Multiplayer.Center.Common.dll (+2 others)
[170/176    0s] CopyFiles Library/ScriptAssemblies/Unity.Multiplayer.Center.Common.pdb
[171/176    0s] CopyFiles Library/ScriptAssemblies/Unity.Multiplayer.Center.Common.dll
[172/176    0s] MovedFromExtractor Library/Bee/artifacts/mvdfrm/Unity.Multiplayer.Center.Common.ref.dll_EE36537354EA42C8.mvfrm
[173/176    0s] MovedFromExtractor-Combine Library/Bee/artifacts/1900b0aE.dag/Unity.Multiplayer.Center.Editor.dll.mvfrm
[172/176    0s] Csc Library/Bee/artifacts/1900b0aE.dag/Unity.Multiplayer.Center.Editor.dll (+2 others) [CacheHit ec7367c83742d43571668bd29f7c0e8200000000000000000000000000000006]
[174/176    0s] Csc Library/Bee/artifacts/1900b0aE.dag/Unity.Multiplayer.Center.Editor.dll (+2 others)
[176/176    0s] CopyFiles Library/ScriptAssemblies/Unity.Multiplayer.Center.Editor.pdb
[177/176    0s] CopyFiles Library/ScriptAssemblies/Unity.Multiplayer.Center.Editor.dll
*** Tundra build success (13.64 seconds), 173 items updated, 176 evaluated
AssetDatabase: script compilation time: 24.888508s
Begin MonoManager ReloadAssembly
Importing 'GUID: 00000000000000001000000000000000 - Path: Assets' with importer (DefaultImporter)
Imported 'GUID: 00000000000000001000000000000000' -> (Import Result ID: '738cbbd604dc2195b6321aa19a8f34f1') in 0.148 seconds [static dependencies only]. Details - ImportResultOutputID=931399766a3d35f20ee4474945b75a67 DependenciesID=6ef059e16f77d89b65de4395ffdd5ce7 StaticDependenciesID=021a196fb38bf0e383cdb5199031682f 
Importing 'GUID: 00000000000000002000000000000000 - Path: ProjectSettings/InputManager.asset' with importer (LibraryAssetImporter)
Imported 'GUID: 00000000000000002000000000000000' -> (Import Result ID: '066489c8afb6c38ba445ee068d1b1ddc') in 0.010 seconds [static dependencies only]. Details - ImportResultOutputID=0290babc70dea6fa2c98f564a251f1f8 DependenciesID=96b9d86faebbda27390899bf82e6a4fe StaticDependenciesID=a819cc153f9a909a1659e9d6be4ee3ff 
Importing 'GUID: 00000000000000003000000000000000 - Path: ProjectSettings/TagManager.asset' with importer (LibraryAssetImporter)
Imported 'GUID: 00000000000000003000000000000000' -> (Import Result ID: '0bbec23a6e25bf2a1e3a4193cab14c78') in 0.001 seconds [static dependencies only]. Details - ImportResultOutputID=fd6696bcbef029973bb12ace65e33982 DependenciesID=d27284f49037644be5128a4d2aaacf61 StaticDependenciesID=375832bd3beff761901d315947853e68 
Importing 'GUID: 00000000000000004000000000000000 - Path: ProjectSettings/ProjectSettings.asset' with importer (LibraryAssetImporter)
Imported 'GUID: 00000000000000004000000000000000' -> (Import Result ID: 'ce6861bd72cf34ae0da3ce93dc88f6a3') in 0.001 seconds [static dependencies only]. Details - ImportResultOutputID=276a810dac73e1f29404d5e5f692e214 DependenciesID=4fd72cea1417dd22333a559aa811554a StaticDependenciesID=c7b8e3f537b41cf6a35113362e166b2f 
Importing 'GUID: 00000000000000006000000000000000 - Path: ProjectSettings/AudioManager.asset' with importer (LibraryAssetImporter)
Imported 'GUID: 00000000000000006000000000000000' -> (Import Result ID: '267fe03007c6632b7379b56c633b722d') in 0.001 seconds [static dependencies only]. Details - ImportResultOutputID=acca44841ee8003c72d524064efb6e35 DependenciesID=a71a58753d87cd72fe767341614d2166 StaticDependenciesID=e96d5e218a01b19b3672dd88e6cf87a1 
Importing 'GUID: 00000000000000007000000000000000 - Path: ProjectSettings/TimeManager.asset' with importer (LibraryAssetImporter)
Imported 'GUID: 00000000000000007000000000000000' -> (Import Result ID: '0a60df3c20d93b723ae0b35ded6c2a63') in 0.001 seconds [static dependencies only]. Details - ImportResultOutputID=bcbe57e6eed4f14d697ceae3e9a4ee48 DependenciesID=50b65264b9bb240314e092a3620af00b StaticDependenciesID=47e7cd4ba931b595a0bce618b57fd01d 
Importing 'GUID: 00000000000000008000000000000000 - Path: ProjectSettings/DynamicsManager.asset' with importer (LibraryAssetImporter)
Imported 'GUID: 00000000000000008000000000000000' -> (Import Result ID: '02efe62c9ed3749ab9cec6d097892d59') in 0.001 seconds [static dependencies only]. Details - ImportResultOutputID=af765d07e318cf68f695edacf91778bd DependenciesID=2b45fcae813f302d806b4f1ec3374c4d StaticDependenciesID=ebc0a92d8af4bb518e7ae866ccaab55f 
Importing 'GUID: 00000000000000009000000000000000 - Path: ProjectSettings/QualitySettings.asset' with importer (LibraryAssetImporter)
Imported 'GUID: 00000000000000009000000000000000' -> (Import Result ID: '9a10a44ea2899d5322e76596960c0c12') in 0.001 seconds [static dependencies only]. Details - ImportResultOutputID=7b12711da11c94ad897442b4820d3f7b DependenciesID=4b9edf5a6fde83c7e59ce271cd623904 StaticDependenciesID=2d78082e6b042ac96c9e20b6e6e81f2d 
Importing 'GUID: 0000000000000000b000000000000000 - Path: ProjectSettings/EditorBuildSettings.asset' with importer (LibraryAssetImporter)
Imported 'GUID: 0000000000000000b000000000000000' -> (Import Result ID: '1976f1da007a54f5ec829fa181acae5a') in 0.001 seconds [static dependencies only]. Details - ImportResultOutputID=4647dd083cfc32cebcd7526e8846440c DependenciesID=48fa7c81d1dfcac113c1e020e921b4a8 StaticDependenciesID=ff4539931f826b5963d91bb0c7cd2573 
Importing 'GUID: 0000000000000000c000000000000000 - Path: ProjectSettings/EditorSettings.asset' with importer (LibraryAssetImporter)
Imported 'GUID: 0000000000000000c000000000000000' -> (Import Result ID: '2d8b7fd4968bbb6dfe766d38bd53ac12') in 0.001 seconds [static dependencies only]. Details - ImportResultOutputID=fc08cc28cef36a03227c22ef67b54535 DependenciesID=ef0ff3764afc9ab7f39669b4e5295efd StaticDependenciesID=14d278539afd16546ac01db045c2415a 
Importing 'GUID: 00000000000000004100000000000000 - Path: ProjectSettings/NavMeshAreas.asset' with importer (LibraryAssetImporter)
Imported 'GUID: 00000000000000004100000000000000' -> (Import Result ID: 'e31f50702c7b8e68dd2168fe8bd964ea') in 0.001 seconds [static dependencies only]. Details - ImportResultOutputID=90afd57cd2fd79df9534381ff5673272 DependenciesID=1ac24e485698ab387aef910ba13b9e8f StaticDependenciesID=a2a3ab8c7d0fbb3870236fae267ea2f9 
Importing 'GUID: 00000000000000005100000000000000 - Path: ProjectSettings/Physics2DSettings.asset' with importer (LibraryAssetImporter)
Imported 'GUID: 00000000000000005100000000000000' -> (Import Result ID: '6f6946c701cae6c8d3565647c9af0adb') in 0.001 seconds [static dependencies only]. Details - ImportResultOutputID=51a8098361d5b0c1ab07bfc06e51f152 DependenciesID=a3c6a2585dd089b2e6472ccf0702028e StaticDependenciesID=8fa4e4cbc19fa8820d725e5e587dba6b 
Importing 'GUID: 00000000000000006100000000000000 - Path: ProjectSettings/GraphicsSettings.asset' with importer (LibraryAssetImporter)
Imported 'GUID: 00000000000000006100000000000000' -> (Import Result ID: '7a23f80f411141dc37556db30f91af55') in 0.001 seconds [static dependencies only]. Details - ImportResultOutputID=f9600466f06a676b7a4f639f6629ea48 DependenciesID=2ba9bbcac9d1b84708b03de9f843c22f StaticDependenciesID=dd4040f597ea466151ba18309e4ff41b 
Importing 'GUID: 00000000000000007100000000000000 - Path: ProjectSettings/ClusterInputManager.asset' with importer (LibraryAssetImporter)
Imported 'GUID: 00000000000000007100000000000000' -> (Import Result ID: '98df8fe07f74a43636e12ba0b1dff325') in 0.001 seconds [static dependencies only]. Details - ImportResultOutputID=8ce0cedd10b8cd8471ed9838bfc872ed DependenciesID=301d2e79b9cea8c2e09ddfe7eb603702 StaticDependenciesID=a4e674332c32893975d6fb27021957ee 
Importing 'GUID: 0000000000000000a100000000000000 - Path: ProjectSettings/UnityConnectSettings.asset' with importer (LibraryAssetImporter)
Imported 'GUID: 0000000000000000a100000000000000' -> (Import Result ID: '2634e3eb62b3fca8d90b10940f3b2c5e') in 0.001 seconds [static dependencies only]. Details - ImportResultOutputID=1989c27f310e62ee2c72d63f16a698d0 DependenciesID=17dacb10d1b65a95821e1a79ebdbcde5 StaticDependenciesID=bc8eee46cb26771f9c0a8ef851e008b6 
Importing 'GUID: 0000000000000000b100000000000000 - Path: ProjectSettings/PresetManager.asset' with importer (LibraryAssetImporter)
Imported 'GUID: 0000000000000000b100000000000000' -> (Import Result ID: 'eff0b076cc50aa251a41c786a59fa98b') in 0.001 seconds [static dependencies only]. Details - ImportResultOutputID=d271a469f14af9d29dbd89abc966f7ef DependenciesID=c09356504a645f13590159c4dd0e0dde StaticDependenciesID=df9d007f7f046b433cd723615d666307 
Importing 'GUID: 0000000000000000c100000000000000 - Path: ProjectSettings/VFXManager.asset' with importer (LibraryAssetImporter)
Imported 'GUID: 0000000000000000c100000000000000' -> (Import Result ID: '71922488826273df871f003f093a936c') in 0.001 seconds [static dependencies only]. Details - ImportResultOutputID=d5b1cc1b236d3087c4a5fc9e9cb18618 DependenciesID=ed8958b0d19e15ae5904deb4308242d7 StaticDependenciesID=137e8b8e1996c5471f6058ca4efd87d7 
Importing 'GUID: 0000000000000000d100000000000000 - Path: ProjectSettings/VersionControlSettings.asset' with importer (LibraryAssetImporter)
Imported 'GUID: 0000000000000000d100000000000000' -> (Import Result ID: 'd27f353fbd4ff1f73b0687b74f5d991f') in 0.001 seconds [static dependencies only]. Details - ImportResultOutputID=0a19189542c4b1aa9afad4d76b36cbef DependenciesID=f00364dcb6cb50f2625ab809a5979749 StaticDependenciesID=311985edc9778dea0eea5a80fb8121ad 
Importing 'GUID: 0000000000000000f100000000000000 - Path: ProjectSettings/MemorySettings.asset' with importer (LibraryAssetImporter)
Imported 'GUID: 0000000000000000f100000000000000' -> (Import Result ID: 'd2c0e5a0c47587b96859ecb79a41c9ab') in 0.001 seconds [static dependencies only]. Details - ImportResultOutputID=078c9215d0d3f7dcc6c2ea9c2e21e93e DependenciesID=7e9bcdb8fcdaf4bf9ecb2aaaaae84b08 StaticDependenciesID=e04556c3a58344066f969a6b932b1ed8 
Importing 'GUID: 00000000000000000200000000000000 - Path: ProjectSettings/MultiplayerManager.asset' with importer (LibraryAssetImporter)
Imported 'GUID: 00000000000000000200000000000000' -> (Import Result ID: 'c9f9a55c6b21646b674230215e04698d') in 0.001 seconds [static dependencies only]. Details - ImportResultOutputID=cc8bc420ff0fb13a9534be625b324364 DependenciesID=28864cc60eb647eb9d009809daf565a6 StaticDependenciesID=8f9e3c2c7511546a36b486c4d19fa0a5 
Importing 'GUID: 00000000000000001200000000000000 - Path: ProjectSettings/PhysicsCoreProjectSettings2D.asset' with importer (LibraryAssetImporter)
Imported 'GUID: 00000000000000001200000000000000' -> (Import Result ID: 'e35c32b4147096ac983c198680c6d41c') in 0.001 seconds [static dependencies only]. Details - ImportResultOutputID=07b8874da21d0d67c4347d012422ba62 DependenciesID=14f16869a4b7b615a31502a3b18404b9 StaticDependenciesID=c379bb28f8ef25e6cea6bb5c10bd415a 
Importing 'GUID: 00000000000000002300000000000000 - Path: Library/BuildInstructions' with importer (DefaultImporter)
Imported 'GUID: 00000000000000002300000000000000' -> (Import Result ID: '622a8fd548d91ef719400ddc42467044') in 0.003 seconds [static dependencies only]. Details - ImportResultOutputID=d2da4dbe7433590953d90148eb4e1f22 DependenciesID=8a94f9095adb7389af01fc576c08004e StaticDependenciesID=ae1c4908a8fb44c52d73aa775822d0f3 
Importing 'GUID: c060426bfd6e82575228df6656368eaa - Path: Packages/com.unity.modules.imgui' with importer (DefaultImporter)
Imported 'GUID: c060426bfd6e82575228df6656368eaa' -> (Import Result ID: 'c03191d9700d867c6a9aae555f02173b') in 0.003 seconds [static dependencies only]. Details - ImportResultOutputID=dcc23da4b16b268ee6e83200b7ebb805 DependenciesID=071b8244e916ba1f8bc0d9e9172f4f66 StaticDependenciesID=8cc5901bf27deb6d2e4e45d3edd45f07 
Importing 'GUID: 1158e311a3101950348dcecb1bebc42d - Path: Packages/com.unity.modules.animation' with importer (DefaultImporter)
Imported 'GUID: 1158e311a3101950348dcecb1bebc42d' -> (Import Result ID: '10c83252fe0ab9665a3ae98657965468') in 0.003 seconds [static dependencies only]. Details - ImportResultOutputID=7f760e80e4376f4e2af6163c51483957 DependenciesID=337c840ecad8aa6fb74821a609eeec95 StaticDependenciesID=a8ced9cd17797e7bec20cccf45485031 
Importing 'GUID: 515638b803bef8599dbd6d5c8bdaa53e - Path: Packages/com.unity.modules.xr' with importer (DefaultImporter)
Imported 'GUID: 515638b803bef8599dbd6d5c8bdaa53e' -> (Import Result ID: '5a37c9d0ffe34a5b50006e4f62465482') in 0.003 seconds [static dependencies only]. Details - ImportResultOutputID=4287b6c9de175897d57f5d0f89be5f52 DependenciesID=a1cb4a99cebe6155a407646d59dc2054 StaticDependenciesID=1ab7b5bc2bee2d7bc4fa09ace3bca183 
Importing 'GUID: b219c86ce508e478367c0a46e1aa9fe4 - Path: Packages/com.unity.modules.assetbundle' with importer (DefaultImporter)
Imported 'GUID: b219c86ce508e478367c0a46e1aa9fe4' -> (Import Result ID: 'a2748a60f5678166c2b3852d52867da5') in 0.003 seconds [static dependencies only]. Details - ImportResultOutputID=89494b4b6b631d330268aeb9dacd9e16 DependenciesID=921856f28990377c4a6adb2880524939 StaticDependenciesID=3c5ca1fa6a1de3b94eb727252ff5b481 
Importing 'GUID: 04c6898809c37620ac863cc2a5d7c4d0 - Path: Packages/com.unity.modules.vectorgraphics' with importer (DefaultImporter)
Imported 'GUID: 04c6898809c37620ac863cc2a5d7c4d0' -> (Import Result ID: '6ce6cf197e6e2584a217945189f26b1a') in 0.003 seconds [static dependencies only]. Details - ImportResultOutputID=3855432a71b0a738524e2b907e4a06f1 DependenciesID=7acfd1134e732ff3450f0c1ae4fa322b StaticDependenciesID=ec64d2838e106e4778131d24c9401791 
Importing 'GUID: 5469ef0820152a4ae45d400fdc4626e4 - Path: Packages/com.unity.modules.screencapture' with importer (DefaultImporter)
Imported 'GUID: 5469ef0820152a4ae45d400fdc4626e4' -> (Import Result ID: '8da15dc56e1aa018bba7943dcc827116') in 0.003 seconds [static dependencies only]. Details - ImportResultOutputID=883c2ddc1cc8ab47552769d7d10ec20e DependenciesID=3a119f6b1542ccffc8ae3478b95def44 StaticDependenciesID=1f0790c5e082acaed858454a94f7928a 
Importing 'GUID: c4df1124e2787ee0c8d1a911de17ee73 - Path: Packages/com.unity.modules.cloth' with importer (DefaultImporter)
Imported 'GUID: c4df1124e2787ee0c8d1a911de17ee73' -> (Import Result ID: 'dc1c5846b02d4105f603769a7a22fe59') in 0.003 seconds [static dependencies only]. Details - ImportResultOutputID=02c3e07e14f3716325ca51811cb4ad59 DependenciesID=7f28298b0a36e985372f1b78335016fe StaticDependenciesID=cfbf60909dcddf6b5f7a5ea3a1166700 
Importing 'GUID: 850c54ee0b9e1aa740b1c67792eb1f26 - Path: Packages/com.unity.modules.imageconversion' with importer (DefaultImporter)
Imported 'GUID: 850c54ee0b9e1aa740b1c67792eb1f26' -> (Import Result ID: '21deabad27fc95d7e0474789acf0c644') in 0.003 seconds [static dependencies only]. Details - ImportResultOutputID=5e29084e34474b819d3f42b6f87fa2f1 DependenciesID=f8676791f92d41abd7e981d91dbbef19 StaticDependenciesID=a328d4847189a01efbc0969f9ea60779 
Importing 'GUID: 95f85adeda79e994f011eb2152cf4fc9 - Path: Packages/com.unity.modules.terrainphysics' with importer (DefaultImporter)
Imported 'GUID: 95f85adeda79e994f011eb2152cf4fc9' -> (Import Result ID: '465f7814253d297a56d8fd953dd137f3') in 0.003 seconds [static dependencies only]. Details - ImportResultOutputID=066c7237bacce3d1fed9fa88ce895dc2 DependenciesID=57b9be22459b33d65e791420a1d52601 StaticDependenciesID=640589dc965b13b3b977faada24e82e5 
Importing 'GUID: c522a644a29fcab2eaf63298c118a65b - Path: Packages/com.unity.modules.unitywebrequest' with importer (DefaultImporter)
Imported 'GUID: c522a644a29fcab2eaf63298c118a65b' -> (Import Result ID: '3364dd55df4f1f5487048dd77f68a0e9') in 0.003 seconds [static dependencies only]. Details - ImportResultOutputID=bd84e5c0828c0c958fda12361a6931c4 DependenciesID=17b6b9e99cb87a6ef815195e2391820b StaticDependenciesID=f109b1c9bea847d6ed95c007b7393878 
Importing 'GUID: d5f0b0adc6826e9dd3b72e292e8438be - Path: Packages/com.unity.modules.unitywebrequestassetbundle' with importer (DefaultImporter)
Imported 'GUID: d5f0b0adc6826e9dd3b72e292e8438be' -> (Import Result ID: '70b7865343eefff2753d8f8def17c951') in 0.003 seconds [static dependencies only]. Details - ImportResultOutputID=28545450f0f8fe7184e75065d2eaebce DependenciesID=a5ec12b65aac20c0188dce3181104c40 StaticDependenciesID=d8e30e95b78c5c4d8ef9d264ed85a76b 
Importing 'GUID: 56b94a5b6990c879bb0f057719d1064b - Path: Packages/com.unity.modules.subsystems' with importer (DefaultImporter)
Imported 'GUID: 56b94a5b6990c879bb0f057719d1064b' -> (Import Result ID: '6582c24a2c22bb9487eb60f03f15e640') in 0.003 seconds [static dependencies only]. Details - ImportResultOutputID=0e619aa1d83b61217ae2e97dfc45d4e9 DependenciesID=4c6a770cb4e30a92abc45f18a93148cd StaticDependenciesID=71bcdb26976ba5aaca917fbafe1a5a85 
Importing 'GUID: d6c6a000a805f00649b36b542e8426c2 - Path: Packages/com.unity.modules.unityanalytics' with importer (DefaultImporter)
Imported 'GUID: d6c6a000a805f00649b36b542e8426c2' -> (Import Result ID: 'aac2c452be133576cd5e881564886500') in 0.003 seconds [static dependencies only]. Details - ImportResultOutputID=bf660bcbf114683b66648691531e6d07 DependenciesID=568aa7472433c2f1ef61227974ff5742 StaticDependenciesID=7dbf869ecc8712eaf3b5d6e46acf862d 
Importing 'GUID: d6db7caf2e852b75ebb9c6098418179c - Path: Packages/com.unity.modules.physics' with importer (DefaultImporter)
Imported 'GUID: d6db7caf2e852b75ebb9c6098418179c' -> (Import Result ID: '3be31cd571d86302122c2fbd040a54fe') in 0.003 seconds [static dependencies only]. Details - ImportResultOutputID=ca9e398e0fe23d8852b03b4ef733b883 DependenciesID=7280b59d3b74262aea8686fbc3020be8 StaticDependenciesID=cf4c3d5428251d80a90b0ad594809e5f 
Importing 'GUID: 376c84ea405e0f2b80562c23bb977216 - Path: Packages/com.unity.modules.physics2d' with importer (DefaultImporter)
Imported 'GUID: 376c84ea405e0f2b80562c23bb977216' -> (Import Result ID: '0dc0bc826dbb6a655de29a92779ca8f7') in 0.003 seconds [static dependencies only]. Details - ImportResultOutputID=3c523e0fa92287aeca10533038c4ad8c DependenciesID=fb8e35e6fa5947f9a4f1648b4b71a6b0 StaticDependenciesID=d405ef47b73d15923aefb5e36e86e935 
Importing 'GUID: b77b1ad9c05af0412725856c6c53b037 - Path: Packages/com.unity.modules.wind' with importer (DefaultImporter)
Imported 'GUID: b77b1ad9c05af0412725856c6c53b037' -> (Import Result ID: 'd1356e6812f00c9591b06ac00202690b') in 0.003 seconds [static dependencies only]. Details - ImportResultOutputID=20914c3eb4d4a40f977811ac372be123 DependenciesID=e35d3af62e89902ce6b483eb5767412f StaticDependenciesID=6453d3836424fb8e5f0ebcbd98d7e4cb 
Importing 'GUID: 2808ba6bccb2478ec9c7209d8bf1f3cc - Path: Packages/com.unity.modules.uielements' with importer (DefaultImporter)
Imported 'GUID: 2808ba6bccb2478ec9c7209d8bf1f3cc' -> (Import Result ID: 'b02d7cd9fb5ea8603b55108f3b726d3d') in 0.003 seconds [static dependencies only]. Details - ImportResultOutputID=43ac9c1bd0c2e88ddb17cc3ac3d457f4 DependenciesID=edae43a70b7d6770a776e7b0f0017aa8 StaticDependenciesID=514c5676a15e0531ef3508223c53da30 
Importing 'GUID: 38e3a8976f0b9c586b6dfbcef4e4066c - Path: Packages/com.unity.modules.unitywebrequestaudio' with importer (DefaultImporter)
Imported 'GUID: 38e3a8976f0b9c586b6dfbcef4e4066c' -> (Import Result ID: '671af01fd62a437681ee87b7682a0f52') in 0.003 seconds [static dependencies only]. Details - ImportResultOutputID=fa5586dfb87647a6c685707600b86782 DependenciesID=bd371f3e8f93e05cec5fbd79b7104fef StaticDependenciesID=5dbffe0e8d73244830933bdb32251216 
Importing 'GUID: 48b10b41f58d5b49717f376cda59eeb8 - Path: Packages/com.unity.modules.particlesystem' with importer (DefaultImporter)
Imported 'GUID: 48b10b41f58d5b49717f376cda59eeb8' -> (Import Result ID: 'c07c4ddb0df1261b75a856e2b4805d19') in 0.003 seconds [static dependencies only]. Details - ImportResultOutputID=bbc465d3d6faacd80c5d2d6b9e298635 DependenciesID=130d21d560e217c534c25c722b8fabeb StaticDependenciesID=c72dff301597e092262cbe5c606aa4d1 
Importing 'GUID: 783ee1c8fd4414848db1be97aacf44fb - Path: Packages/com.unity.modules.accessibility' with importer (DefaultImporter)
Imported 'GUID: 783ee1c8fd4414848db1be97aacf44fb' -> (Import Result ID: '10f3f2183013983fbf6bcd087d03b97b') in 0.003 seconds [static dependencies only]. Details - ImportResultOutputID=9ceb99a21b9f1e61183206a57a741925 DependenciesID=62db83b32de75e99e6372269284b9ed5 StaticDependenciesID=a1b54e2544cad25e2581a68a81ec0d6c 
Importing 'GUID: 09e28640d754a611467eebfb261ed749 - Path: Packages/com.unity.modules.tilemap' with importer (DefaultImporter)
Imported 'GUID: 09e28640d754a611467eebfb261ed749' -> (Import Result ID: 'ebd352517667d8443f671f0c9184d205') in 0.003 seconds [static dependencies only]. Details - ImportResultOutputID=84462fd97657c416dad9f0a01ba73192 DependenciesID=29d3bfe7d456d8907a03020739d7e01c StaticDependenciesID=ce44db5148078eb257abac946542876a 
Importing 'GUID: 39728903e57c60021f80449a8bbc0096 - Path: Packages/com.unity.modules.ui' with importer (DefaultImporter)
Imported 'GUID: 39728903e57c60021f80449a8bbc0096' -> (Import Result ID: '14af1c1fe9b4344526c7abc7277865ba') in 0.003 seconds [static dependencies only]. Details - ImportResultOutputID=d7a4a57fb3c24edd8687328a72cff587 DependenciesID=0cabb1fe237f6e2870db6cbe4fe7714d StaticDependenciesID=7987e1d1c98b48c5c9b0f2593535bcb6 
Importing 'GUID: 995c08a3305ff9f0dab5e86f340bd9a7 - Path: Packages/com.unity.modules.androidjni' with importer (DefaultImporter)
Imported 'GUID: 995c08a3305ff9f0dab5e86f340bd9a7' -> (Import Result ID: '7b492b591b9d3584a296b7b0684c5401') in 0.003 seconds [static dependencies only]. Details - ImportResultOutputID=30c3e7dc197ceabd471c943bc8eba608 DependenciesID=faf61f76801951cfa59516412b2b13b1 StaticDependenciesID=7fd9f0004f17629d4d9d9feca2f3e278 
Importing 'GUID: b975297a992381c1f3257d0e96892c8a - Path: Packages/com.unity.modules.adaptiveperformance' with importer (DefaultImporter)
Imported 'GUID: b975297a992381c1f3257d0e96892c8a' -> (Import Result ID: '09b5737ae59228e363abcb2ff4185182') in 0.004 seconds [static dependencies only]. Details - ImportResultOutputID=7f7b3e23eb4697a89925ff793958e5e5 DependenciesID=189ada4fed7b7e887deb266fb88527db StaticDependenciesID=35431dd8b0e2dfe624f935c9489c30b6 
Importing 'GUID: e9a46d0940097b5c2c483622a7effc59 - Path: Packages/com.unity.multiplayer.center' with importer (DefaultImporter)
Imported 'GUID: e9a46d0940097b5c2c483622a7effc59' -> (Import Result ID: 'e523951dcd125a076ea11b3bb912a5a4') in 0.003 seconds [static dependencies only]. Details - ImportResultOutputID=f3046c93bbe9d773216fbea661ffa254 DependenciesID=c766819d23994bdbd17a22e78887e13c StaticDependenciesID=a60614908a50f61a37fbff7285f33632 
Importing 'GUID: 6b81377a4453ba7362eb3322f9bcc6c6 - Path: Packages/com.unity.modules.hierarchycore' with importer (DefaultImporter)
Imported 'GUID: 6b81377a4453ba7362eb3322f9bcc6c6' -> (Import Result ID: 'e0668cd424b6bb12556c4c88c74d266e') in 0.003 seconds [static dependencies only]. Details - ImportResultOutputID=75a6fa83ac96f5339da373cd4f5c6e37 DependenciesID=8b451ff511200feb68aa856fdbe872bd StaticDependenciesID=7e87cdcfb0cb51b1a17de4888a09662e 
Importing 'GUID: 1cf2469083ffa484da4d78dd70d708e8 - Path: Packages/com.unity.modules.vehicles' with importer (DefaultImporter)
Imported 'GUID: 1cf2469083ffa484da4d78dd70d708e8' -> (Import Result ID: 'd484d24194dbdf33022056e2b1813ffc') in 0.003 seconds [static dependencies only]. Details - ImportResultOutputID=62c710cd8c5682c589eec3677adcbda2 DependenciesID=f186032b2bf68e59cc971d537d17d2b7 StaticDependenciesID=a6d63e74cac70c2a50bb8c5412507381 
Importing 'GUID: 9c7c268fa6492449654839df69f2a2f4 - Path: Packages/com.unity.modules.umbra' with importer (DefaultImporter)
Imported 'GUID: 9c7c268fa6492449654839df69f2a2f4' -> (Import Result ID: 'e3e7590697be8f3eaf22563b99c0de12') in 0.003 seconds [static dependencies only]. Details - ImportResultOutputID=bf70ea01e70089eaf818b9fb19bb1807 DependenciesID=89e18838790933a04d251fbe0a66feeb StaticDependenciesID=7b52fe256f656cb19fb4a481542b8de1 
Importing 'GUID: dcc8c6e92b172a65719af5ddf47dd968 - Path: Packages/com.unity.modules.unitywebrequestwww' with importer (DefaultImporter)
Imported 'GUID: dcc8c6e92b172a65719af5ddf47dd968' -> (Import Result ID: 'c5e9d32991bc480f4abb3007e4eafc20') in 0.003 seconds [static dependencies only]. Details - ImportResultOutputID=1475fc509da6d933479c8ee5d6c4eeff DependenciesID=ac2c13c6e43956af0f433e1db96c09c1 StaticDependenciesID=a210a1122b7dd2b944cf4a2ed39f7ebc 
Importing 'GUID: fc3a810351931f5e6183e16b9beb5563 - Path: Packages/com.unity.modules.jsonserialize' with importer (DefaultImporter)
Imported 'GUID: fc3a810351931f5e6183e16b9beb5563' -> (Import Result ID: '64859958ccf1e2db5e09c361794e1f6c') in 0.003 seconds [static dependencies only]. Details - ImportResultOutputID=65186f4186bf0f33d3946d1d6d75958c DependenciesID=fae883bb4d985a9d790ce2593e9c8994 StaticDependenciesID=8295b792470579d57941ab04af89f790 
Importing 'GUID: 2d142b475fbfb8cf12ba3a795194300a - Path: Packages/com.unity.modules.director' with importer (DefaultImporter)
Imported 'GUID: 2d142b475fbfb8cf12ba3a795194300a' -> (Import Result ID: '167747f1a52f7eb4b212682fa6b81066') in 0.003 seconds [static dependencies only]. Details - ImportResultOutputID=ba08ff1508e195419df3d8b0ff8d3bd4 DependenciesID=2a8c15376a777b59f5a42aff7460a7a4 StaticDependenciesID=8a4bebab4fddb3fbbc3d794ac30153f9 
Importing 'GUID: 2d6ba5cbe47e6ad3c87474c56174d4e0 - Path: Packages/com.unity.modules.audio' with importer (DefaultImporter)
Imported 'GUID: 2d6ba5cbe47e6ad3c87474c56174d4e0' -> (Import Result ID: 'fdaaaea30fe180bc04e461a556693a1f') in 0.003 seconds [static dependencies only]. Details - ImportResultOutputID=8643a11ddcb415e1ae77356bdcd0e31f DependenciesID=25f9d0671fd0d4f37da2ead7c31143a5 StaticDependenciesID=2ff39f5c93529778aafe692e74132cab 
Importing 'GUID: ede0462698a4a5643aa9872c074acd38 - Path: Packages/com.unity.modules.video' with importer (DefaultImporter)
Imported 'GUID: ede0462698a4a5643aa9872c074acd38' -> (Import Result ID: 'fa19b458bd2a38be7835f7111b4c3b00') in 0.003 seconds [static dependencies only]. Details - ImportResultOutputID=f060305cf9a7601b6327f110dec53cf0 DependenciesID=cf4ce5fadf52fddb0bffa88be07c62b5 StaticDependenciesID=8313ec214f0a7d580df79b565c2e82eb 
Importing 'GUID: fd871a8be47119612f7c254e96a822b7 - Path: Packages/com.unity.modules.ai' with importer (DefaultImporter)
Imported 'GUID: fd871a8be47119612f7c254e96a822b7' -> (Import Result ID: 'f8db8ee4e19ca7875270c13a11649b9b') in 0.003 seconds [static dependencies only]. Details - ImportResultOutputID=0bf4624736b8f9ba8d25427695ddd8c6 DependenciesID=8407d264e2870fa733ca8b75f27696c2 StaticDependenciesID=60ac55ba0f0e83ff0744e349017d5e96 
Importing 'GUID: 5e22a8d6e557a1b3cae09054b0b5f9d8 - Path: Packages/com.unity.modules.physicscore2d' with importer (DefaultImporter)
Imported 'GUID: 5e22a8d6e557a1b3cae09054b0b5f9d8' -> (Import Result ID: '105150cf53106daea2c5b3b41c4cbfb5') in 0.003 seconds [static dependencies only]. Details - ImportResultOutputID=8aeec98806d48c587b06189bc919a668 DependenciesID=85fe88ca4f4fdbd538864fc4ce324b20 StaticDependenciesID=9bca5bb16668432354f208a37b47fd54 
Importing 'GUID: 6e1c8b97ec8aa0464e92506ffe099558 - Path: Packages/com.unity.modules.terrain' with importer (DefaultImporter)
Imported 'GUID: 6e1c8b97ec8aa0464e92506ffe099558' -> (Import Result ID: '691f9fd178c2f3bbd1b2c7f2e9e05f53') in 0.003 seconds [static dependencies only]. Details - ImportResultOutputID=81f0943dd12638364c9481b7c44326f7 DependenciesID=212473a748fd45bb74c9242a5a6b2e09 StaticDependenciesID=5d2cbab9c5d748eaf3eea6e5cf9bdbdd 
Importing 'GUID: 6f1c7ebc8ac78cb951be24c238cbd3ba - Path: Packages/com.unity.modules.unitywebrequesttexture' with importer (DefaultImporter)
Imported 'GUID: 6f1c7ebc8ac78cb951be24c238cbd3ba' -> (Import Result ID: '93afd43b71ab37900db96810516c5a49') in 0.003 seconds [static dependencies only]. Details - ImportResultOutputID=f756e1201c1cee903471ba41f17534ce DependenciesID=06d199a8daaba2c3145c763f5e54ae9e StaticDependenciesID=6bbe53969b04c417474f509ba5dd9f7f 
Importing 'GUID: 72aad6ae0dafb492cbf852432441bb38 - Path: Packages/com.unity.multiplayer.center/Editor' with importer (DefaultImporter)
Imported 'GUID: 72aad6ae0dafb492cbf852432441bb38' -> (Import Result ID: '23c609bb5d3776500964e51d11a6f45d') in 0.003 seconds [static dependencies only]. Details - ImportResultOutputID=fd813adfe6f53e0e5a3fd1bde50dd9b3 DependenciesID=8ef256964616b8aaeb672279607547c7 StaticDependenciesID=bc7ad81b0c1796687e8b806f5aac6d62 
Importing 'GUID: f247964bd405431fbd31840f97bef608 - Path: Packages/com.unity.multiplayer.center/Common' with importer (DefaultImporter)
Imported 'GUID: f247964bd405431fbd31840f97bef608' -> (Import Result ID: '18e546c780168da06bda156e0e91d875') in 0.003 seconds [static dependencies only]. Details - ImportResultOutputID=758923f3b917a744e934a49667168e4f DependenciesID=3d17e158704414be44820745002ad775 StaticDependenciesID=0f5b0d577c40d764710f1d389fbef31d 
Importing 'GUID: baf75c9d3de4941df9ee5f3dd1d3bc34 - Path: Packages/com.unity.multiplayer.center/Tests' with importer (DefaultImporter)
Imported 'GUID: baf75c9d3de4941df9ee5f3dd1d3bc34' -> (Import Result ID: '0c02e1917e7d769a556dc804bd5c06a0') in 0.004 seconds [static dependencies only]. Details - ImportResultOutputID=472be40ede228cb93594a902416e88d6 DependenciesID=fccce4aff907ba582ab057da09426ca4 StaticDependenciesID=ab68b37705a23cb931c5480c6a2009c2 
Importing 'GUID: 21f32d2f4add49b3b11fadb6889a2156 - Path: Packages/com.unity.multiplayer.center/Editor/Analytics' with importer (DefaultImporter)
Imported 'GUID: 21f32d2f4add49b3b11fadb6889a2156' -> (Import Result ID: 'ec3530efaa925f242a1d7b37e2511fac') in 0.004 seconds [static dependencies only]. Details - ImportResultOutputID=7627045f4445b3bccda132ac184a65c4 DependenciesID=ff6e7ff7989a81eb99f21f83a83608f1 StaticDependenciesID=85dea544c47988addc3124f5c7fb5701 
Importing 'GUID: 22d3dbf8d488d49d2b1130d698010dee - Path: Packages/com.unity.multiplayer.center/Editor/Features' with importer (DefaultImporter)
Imported 'GUID: 22d3dbf8d488d49d2b1130d698010dee' -> (Import Result ID: 'fb0aa43c9511eaea9425541f2fe7f290') in 0.003 seconds [static dependencies only]. Details - ImportResultOutputID=fb074caa7d2abd29e270db3a9b71e3a9 DependenciesID=7611f4541bbe893b08bfab02cc86d1bb StaticDependenciesID=54f8b153f8514057e0408931b2954b52 
Importing 'GUID: 96c71b811fa50403690b154e216fe217 - Path: Packages/com.unity.multiplayer.center/Tests/Editor' with importer (DefaultImporter)
Imported 'GUID: 96c71b811fa50403690b154e216fe217' -> (Import Result ID: '2a7a53fb280c0e236360bfed22d5107d') in 0.001 seconds [static dependencies only]. Details - ImportResultOutputID=c9c8f2de7834bb2ffb0da4bb4f2955fa DependenciesID=3bf95d95c8f8c68e849b056e15257e44 StaticDependenciesID=1d182c1bd3b7e05db307ecf5c68fdd24 
Importing 'GUID: 1726448925bf4bd1af6ca883bae8ff3f - Path: Packages/com.unity.multiplayer.center/Editor/OnBoarding' with importer (DefaultImporter)
Imported 'GUID: 1726448925bf4bd1af6ca883bae8ff3f' -> (Import Result ID: 'd9fe39903bd0077ff616cf0212752ec0') in 0.003 seconds [static dependencies only]. Details - ImportResultOutputID=14950a62abf6548e54801ab788e1f49c DependenciesID=fb66be4914dfeef02bce245c95d7fb41 StaticDependenciesID=7000f935ff9a18704e106692518f6b56 
Importing 'GUID: 97646f506bf040e9bd4568124c8b425e - Path: Packages/com.unity.multiplayer.center/Editor/Recommendations' with importer (DefaultImporter)
Imported 'GUID: 97646f506bf040e9bd4568124c8b425e' -> (Import Result ID: '485e4f87182f6d1baf8dc9dbc78cedb9') in 0.003 seconds [static dependencies only]. Details - ImportResultOutputID=56d8246ba8918c014e8884d34d60ce31 DependenciesID=5120bfcae0085108497882361d021813 StaticDependenciesID=aac44ce2f7ab728e3b877892a0b5569b 
Importing 'GUID: a7f089ed51c2345ffb7ac0bc3562453f - Path: Packages/com.unity.multiplayer.center/Editor/Questionnaire' with importer (DefaultImporter)
Imported 'GUID: a7f089ed51c2345ffb7ac0bc3562453f' -> (Import Result ID: '8a9f186a82ded53d461d1b6da4524d8c') in 0.004 seconds [static dependencies only]. Details - ImportResultOutputID=961ee9ffe5dc2d5b9b5d9f6c51e99710 DependenciesID=b2743188ea84125ce1498a0557e34c1e StaticDependenciesID=f63abd8ddfec2a8be602d4c30e8276a8 
Importing 'GUID: 7a7dcde6448847648629a13d746ce966 - Path: Packages/com.unity.multiplayer.center/Editor/MultiplayerCenterWindow' with importer (DefaultImporter)
Imported 'GUID: 7a7dcde6448847648629a13d746ce966' -> (Import Result ID: '95372a6fcb56f96b5a653d4273d4bc48') in 0.003 seconds [static dependencies only]. Details - ImportResultOutputID=f055dd0afc5a900e3f0e5d75be0487c5 DependenciesID=b3b8c62840ad550240196f22508887e3 StaticDependenciesID=33a4932c971d396ab17d52c1bd069c07 
Importing 'GUID: 8e4d240cf158245a9945c4df01d83bc1 - Path: Packages/com.unity.multiplayer.center/Tests/Runtime' with importer (DefaultImporter)
Imported 'GUID: 8e4d240cf158245a9945c4df01d83bc1' -> (Import Result ID: '10e41c23d98ab64b33863115ddae6f01') in 0.003 seconds [static dependencies only]. Details - ImportResultOutputID=8d471bf8668065aa423a9a6138166117 DependenciesID=ec03e650b42b6bbda640bd973b69886b StaticDependenciesID=5c5786ead3ee721f908e630904d62f5e 
Importing 'GUID: 9bd34ec3fe8f4aed936c3a0cf2f32e56 - Path: Packages/com.unity.multiplayer.center/Editor/MultiplayerCenterWindow/UI' with importer (DefaultImporter)
Imported 'GUID: 9bd34ec3fe8f4aed936c3a0cf2f32e56' -> (Import Result ID: 'b48dfe06d07978df6274363d8fc6553f') in 0.004 seconds [static dependencies only]. Details - ImportResultOutputID=ccc1a09d4a030f52c953d2f3937aac55 DependenciesID=7bacf4804e64c8dc4167e0f92a364e35 StaticDependenciesID=5d66adcfff19caa3671999dd06866763 
Importing 'GUID: 34a09eb4d6e8d44989194a25525c5147 - Path: Packages/com.unity.multiplayer.center/Editor/MultiplayerCenterWindow/UI/Icons' with importer (DefaultImporter)
Imported 'GUID: 34a09eb4d6e8d44989194a25525c5147' -> (Import Result ID: '243ea0d6df4ab44092f6ff0fb8b7111c') in 0.003 seconds [static dependencies only]. Details - ImportResultOutputID=09fc5dce3344b58f3587b00bf4b13d7d DependenciesID=b828e0a8e97869abd6ec3633d124cd8a StaticDependenciesID=fa7c960be44424961bad7b2ca3eec27d 
Importing 'GUID: eab7f42d361b483aaa760c5909002312 - Path: Packages/com.unity.multiplayer.center/Editor/MultiplayerCenterWindow/UI/RecommendationView' with importer (DefaultImporter)
Imported 'GUID: eab7f42d361b483aaa760c5909002312' -> (Import Result ID: '9b69e80e5f44bfec80b8c9c45a205878') in 0.003 seconds [static dependencies only]. Details - ImportResultOutputID=378cb1e8c5b18b814304dca778da9b61 DependenciesID=0ef1e4dbdf1cdf2d67a998ba951edeb3 StaticDependenciesID=1154a8134540c29e60250ba3117dcdd8 
Importing 'GUID: 84abd2ab34a74600a33a3bb9d72859fe - Path: Packages/com.unity.multiplayer.center/Common/Unity.Multiplayer.Center.Common.asmdef' with importer (AssemblyDefinitionImporter)
Imported 'GUID: 84abd2ab34a74600a33a3bb9d72859fe' -> (Import Result ID: '6c9d115a901c33af4118f6ed6e4ddf04') in 0.003 seconds [static dependencies only]. Details - ImportResultOutputID=ac464dd06d5a61d0a978410378529929 DependenciesID=8be7870fb62e65952c5def4fd492d66f StaticDependenciesID=a853fd4a96f03492fa3c28ef0741167c 
Importing 'GUID: 2664430aff4254d79887d32c3fc1e221 - Path: Packages/com.unity.multiplayer.center/Tests/Runtime/Unity.Multiplayer.Center.Tests.asmdef' with importer (AssemblyDefinitionImporter)
Imported 'GUID: 2664430aff4254d79887d32c3fc1e221' -> (Import Result ID: 'b40132e89914e5c8b22d124c99b07cc5') in 0.005 seconds [static dependencies only]. Details - ImportResultOutputID=95a86e32d35475cb5d001317bedd07f9 DependenciesID=e2872515ede91ad4d24d7ab060306ec9 StaticDependenciesID=4e8dbf8795972d03aabfa130ea7048cb 
Importing 'GUID: 787ec048daec145b580d1134da5dd278 - Path: Packages/com.unity.multiplayer.center/Tests/Editor/Unity.Multiplayer.Center.Editor.Tests.asmdef' with importer (AssemblyDefinitionImporter)
Imported 'GUID: 787ec048daec145b580d1134da5dd278' -> (Import Result ID: '35604bfee40c3ed7c136cf9e7799216f') in 0.003 seconds [static dependencies only]. Details - ImportResultOutputID=5633ff3ec6bb0acbf28d7a77a2b8f7bf DependenciesID=1a6ffdcd75b6f22b16b95b17d091a4cb StaticDependenciesID=679fb8d695a64f5dbb0fa4f71fffe747 
Importing 'GUID: be17709716f1648caa5de6d0c38103ed - Path: Packages/com.unity.multiplayer.center/Editor/Unity.Multiplayer.Center.Editor.asmdef' with importer (AssemblyDefinitionImporter)
Imported 'GUID: be17709716f1648caa5de6d0c38103ed' -> (Import Result ID: '23ef6da53a5f71c63e20526ddba009bc') in 0.003 seconds [static dependencies only]. Details - ImportResultOutputID=10fe3792e6d1c78b2e7ea8dd1292fc3b DependenciesID=7e3273d718eacf13a5c79da027e74b14 StaticDependenciesID=dbdff9f679e801053751a0b9a741b7bf 
Importing 'GUID: 51fa60bb2bd1e5bc74e8cc95a7bfd5b7 - Path: Packages/com.unity.modules.ui/package.ModuleCompilationTrigger' with importer (DefaultImporter)
Imported 'GUID: 51fa60bb2bd1e5bc74e8cc95a7bfd5b7' -> (Import Result ID: 'da7146f36f38740ef799f0a8ef745d23') in 0.048 seconds [static dependencies only]. Details - ImportResultOutputID=97b097896283fafd162f5103b6da9350 DependenciesID=4055109e607a57d2f1170335fea6f5b6 StaticDependenciesID=5848334a9c3afd485e2598f9889c3997 
Importing 'GUID: 71136fc5cf34f2cc10be0e33c0b08019 - Path: Packages/com.unity.modules.unityanalytics/package.ModuleCompilationTrigger' with importer (DefaultImporter)
Imported 'GUID: 71136fc5cf34f2cc10be0e33c0b08019' -> (Import Result ID: 'c2cc8d44df7f5af9e1e985f1d9865d62') in 0.001 seconds [static dependencies only]. Details - ImportResultOutputID=aad00463857b0f3e239972e5a10e3f79 DependenciesID=a25355b1f61f4e9b345bac29fd9b08e8 StaticDependenciesID=41146bf4729f508cca7dacdbd0e1a276 
Importing 'GUID: a1c42005fe7c5d78585a77ce396a5eea - Path: Packages/com.unity.modules.tilemap/package.ModuleCompilationTrigger' with importer (DefaultImporter)
Imported 'GUID: a1c42005fe7c5d78585a77ce396a5eea' -> (Import Result ID: '9c3c1d0ba83a16e4c4a83a2f41692d08') in 0.001 seconds [static dependencies only]. Details - ImportResultOutputID=7c7d529048f5d74f6d499dae097a185f DependenciesID=5f8ce6bc7974e56dfdddc39a261f477e StaticDependenciesID=277d2b2428c983744b7499182ac4ba84 
Importing 'GUID: d104359075a97392b803d3d5aebc77f7 - Path: Packages/com.unity.modules.hierarchycore/package.ModuleCompilationTrigger' with importer (DefaultImporter)
Imported 'GUID: d104359075a97392b803d3d5aebc77f7' -> (Import Result ID: '8b98a5fe5858dc93826cc9182b55b8d6') in 0.001 seconds [static dependencies only]. Details - ImportResultOutputID=8ec3343e917ef007d455acfe45d3ee72 DependenciesID=d008787e17d87cb605ed1ccbc581003a StaticDependenciesID=94821274a794f23a96a8ba01e4b49dee 
Importing 'GUID: 222fc39b0c85d800342910da2cd64781 - Path: Packages/com.unity.modules.assetbundle/package.ModuleCompilationTrigger' with importer (DefaultImporter)
Imported 'GUID: 222fc39b0c85d800342910da2cd64781' -> (Import Result ID: '1101de849aa6e1f7c98985896880952a') in 0.001 seconds [static dependencies only]. Details - ImportResultOutputID=a4749f3da6b6adf8eaabf6e5477b2b7c DependenciesID=8b04f1ddbfa7431f89658cd91664d885 StaticDependenciesID=500cfa9f4f7e5cbc078b469ac6501081 
Importing 'GUID: d2ec2d1228c8e67cdd913cb5609176a2 - Path: Packages/com.unity.modules.unitywebrequest/package.ModuleCompilationTrigger' with importer (DefaultImporter)
Imported 'GUID: d2ec2d1228c8e67cdd913cb5609176a2' -> (Import Result ID: '296c61c72fc18aae62e029680fdf1f70') in 0.001 seconds [static dependencies only]. Details - ImportResultOutputID=37747859ed12efda2a92d3d840e79b06 DependenciesID=867908489ffc67ae501fabe328861d70 StaticDependenciesID=750bd098b18a5b61d3f5f7418463389e 
Importing 'GUID: e2d09a26ce46dc617b54e49a534ace20 - Path: Packages/com.unity.modules.ai/package.ModuleCompilationTrigger' with importer (DefaultImporter)
Imported 'GUID: e2d09a26ce46dc617b54e49a534ace20' -> (Import Result ID: 'e44138a037f95ae0f3555e190bed5c99') in 0.001 seconds [static dependencies only]. Details - ImportResultOutputID=01c973ad27769bdd61dcc3de2d8629ac DependenciesID=b69e40e5c70883eb0dd101c93a7ccd24 StaticDependenciesID=bbdbf9d032ba6d01cfa4bce94e2d803d 
Importing 'GUID: 23032f4383e95e772bce465c5896d0fd - Path: Packages/com.unity.modules.terrain/package.ModuleCompilationTrigger' with importer (DefaultImporter)
Imported 'GUID: 23032f4383e95e772bce465c5896d0fd' -> (Import Result ID: '7f50f6641b8329ddc918445dedab9710') in 0.000 seconds [static dependencies only]. Details - ImportResultOutputID=43caf76539e87b0b5e506fce22b32e8c DependenciesID=94d485d7451611581239c6468571fe1f StaticDependenciesID=0a97893ec1eeb18c8663bae8572305fa 
Importing 'GUID: 830a36a23cf3ab1e61fa47940a6dc35e - Path: Packages/com.unity.modules.imageconversion/package.ModuleCompilationTrigger' with importer (DefaultImporter)
Imported 'GUID: 830a36a23cf3ab1e61fa47940a6dc35e' -> (Import Result ID: 'c66208759bd0d44fd4d2a27542eefb33') in 0.000 seconds [static dependencies only]. Details - ImportResultOutputID=1312c79305670b6aa3bce9ff3efd03b9 DependenciesID=f8cb08a20abc734962c2341d4974f066 StaticDependenciesID=8d04c7f3854d2da2a085adb5c4d3be84 
Importing 'GUID: a31a332ce3485f00f7df8d987302a29c - Path: Packages/com.unity.modules.unitywebrequesttexture/package.ModuleCompilationTrigger' with importer (DefaultImporter)
Imported 'GUID: a31a332ce3485f00f7df8d987302a29c' -> (Import Result ID: 'f15c9af3d2039aaf9ce01f0bf8ff71ff') in 0.001 seconds [static dependencies only]. Details - ImportResultOutputID=54d1731c77f760b5355a2b1bfa92527b DependenciesID=d91119666f9007d1f765712f56c16fa4 StaticDependenciesID=dee0dcfd3ef57403565228da4125b8de 
Importing 'GUID: 042dc296246916648e55a43d0eeb2036 - Path: Packages/com.unity.modules.audio/package.ModuleCompilationTrigger' with importer (DefaultImporter)
Imported 'GUID: 042dc296246916648e55a43d0eeb2036' -> (Import Result ID: '825ada01a22a932fe6b253644dbb5f47') in 0.000 seconds [static dependencies only]. Details - ImportResultOutputID=ab0921e937c1d9c2d7fbdebe7091d6c2 DependenciesID=6049530c758a625436c89437f1cf97e1 StaticDependenciesID=533919d559210c186a6980f973acb706 
Importing 'GUID: 14e86f88e9a8c9c448d7e7df92f2aeec - Path: Packages/com.unity.modules.physicscore2d/package.ModuleCompilationTrigger' with importer (DefaultImporter)
Imported 'GUID: 14e86f88e9a8c9c448d7e7df92f2aeec' -> (Import Result ID: '770388cac41ce694b07489e2f2fbdbb4') in 0.000 seconds [static dependencies only]. Details - ImportResultOutputID=94d25b776bc28f679880cb17bd31ec6c DependenciesID=ffaa61fcace8cf822466238f111acb5a StaticDependenciesID=5ffdfec73670d4b28ccaa62dac2ca25a 
Importing 'GUID: 553737203d61a8109f9544a97201e1aa - Path: Packages/com.unity.modules.unitywebrequestaudio/package.ModuleCompilationTrigger' with importer (DefaultImporter)
Imported 'GUID: 553737203d61a8109f9544a97201e1aa' -> (Import Result ID: '7ca73d9034ac45ff1e0197fdf35e08a3') in 0.000 seconds [static dependencies only]. Details - ImportResultOutputID=ab514c5cded186b91986c4c830fcf71c DependenciesID=34850208eb119edf5d6622a5c610c106 StaticDependenciesID=247311b246c100a80666508820f68acb 
Importing 'GUID: e5c46c19ce0ce2e0103aa6f82df1043a - Path: Packages/com.unity.modules.vehicles/package.ModuleCompilationTrigger' with importer (DefaultImporter)
Imported 'GUID: e5c46c19ce0ce2e0103aa6f82df1043a' -> (Import Result ID: 'f77e4bccb0b3567a5c46f6fdc6f99ed9') in 0.000 seconds [static dependencies only]. Details - ImportResultOutputID=7ed92368dde83c4f4274e94d1167c911 DependenciesID=27d2964b74dc34c14b0189b826737101 StaticDependenciesID=58c585336f8155249eb983aaea149696 
Importing 'GUID: 7610600f5c83e01041a6fe849d39279f - Path: Packages/com.unity.modules.unitywebrequestassetbundle/package.ModuleCompilationTrigger' with importer (DefaultImporter)
Imported 'GUID: 7610600f5c83e01041a6fe849d39279f' -> (Import Result ID: 'bfef23b9481899930568bcc1f4643467') in 0.001 seconds [static dependencies only]. Details - ImportResultOutputID=8003247251fb87c113fccdf168b06d46 DependenciesID=30f2e91d26e25092783770b9c887ec1e StaticDependenciesID=c2c7775d2cb060c8f328513614b8d3d0 
Importing 'GUID: e6a135e3ea9cb46795d1b0e05ac3e1e5 - Path: Packages/com.unity.modules.jsonserialize/package.ModuleCompilationTrigger' with importer (DefaultImporter)
Imported 'GUID: e6a135e3ea9cb46795d1b0e05ac3e1e5' -> (Import Result ID: '4cdab18d31f425b5b000c178ce4411d7') in 0.000 seconds [static dependencies only]. Details - ImportResultOutputID=16fe18d7d4fb3289b89d1d866fdd26db DependenciesID=13fef97da21472d8b844ad9b278d33c8 StaticDependenciesID=4a0c3cda941c34f53512e620dc71b2ee 
Importing 'GUID: f62135e79edb837b2d2ee3c524da864c - Path: Packages/com.unity.modules.video/package.ModuleCompilationTrigger' with importer (DefaultImporter)
Imported 'GUID: f62135e79edb837b2d2ee3c524da864c' -> (Import Result ID: 'b1c90bbcac1740bfef19081eb2624ac9') in 0.000 seconds [static dependencies only]. Details - ImportResultOutputID=f343425462c7ecc24009b61dff957b85 DependenciesID=0b41a7c0880be7c0cfc3123e3cc9df88 StaticDependenciesID=3ed9b40a0b2b3c1dc15c737a860738bd 
Importing 'GUID: 17f093324b67f5bd57e55b546736750e - Path: Packages/com.unity.modules.particlesystem/package.ModuleCompilationTrigger' with importer (DefaultImporter)
Imported 'GUID: 17f093324b67f5bd57e55b546736750e' -> (Import Result ID: '0d2ddc786bdac7bda467072911da8e98') in 0.000 seconds [static dependencies only]. Details - ImportResultOutputID=0355b1352b2efc29f8c3d4c7ae63c7f1 DependenciesID=2958690ec73685b53b2fcd9cfd0b1254 StaticDependenciesID=85089510f0b3bed9d5698cc35811e520 
Importing 'GUID: 4745d06d5a7ca576dcf9e5e67b417652 - Path: Packages/com.unity.modules.accessibility/package.ModuleCompilationTrigger' with importer (DefaultImporter)
Imported 'GUID: 4745d06d5a7ca576dcf9e5e67b417652' -> (Import Result ID: '9f46fc08ebc806e148b3028026b922b2') in 0.000 seconds [static dependencies only]. Details - ImportResultOutputID=532470ed0227c311b25c8c9e8ba79400 DependenciesID=503091816945cb75b8aff54ef6e48dc4 StaticDependenciesID=2a1163b04495b287eee3f28aa095c5e4 
Importing 'GUID: c7a8b0317f4e68556d7509828e9e211e - Path: Packages/com.unity.modules.xr/package.ModuleCompilationTrigger' with importer (DefaultImporter)
Imported 'GUID: c7a8b0317f4e68556d7509828e9e211e' -> (Import Result ID: '3aae1004c356c0174b1d2014ff417205') in 0.000 seconds [static dependencies only]. Details - ImportResultOutputID=ae1b559a8646648d57c418658f22c1c3 DependenciesID=2a40ad50e5d83660c4346aa85c6f1fd5 StaticDependenciesID=e650a17c51a74b75b8ae09276ca1089c 
Importing 'GUID: 082fbee38a82835433261a5e9c00e267 - Path: Packages/com.unity.modules.cloth/package.ModuleCompilationTrigger' with importer (DefaultImporter)
Imported 'GUID: 082fbee38a82835433261a5e9c00e267' -> (Import Result ID: '68fe0adc66ccdd7718aefeef9e3899e7') in 0.000 seconds [static dependencies only]. Details - ImportResultOutputID=4484322f1fd307127a580e9b17cedb30 DependenciesID=b765e8dda1143a901b43862a90264c61 StaticDependenciesID=ef9fa225c23aecc2cc2d8ab5316d82e8 
Importing 'GUID: c82e859b16636ddd2ca4a1f63fd34938 - Path: Packages/com.unity.modules.androidjni/package.ModuleCompilationTrigger' with importer (DefaultImporter)
Imported 'GUID: c82e859b16636ddd2ca4a1f63fd34938' -> (Import Result ID: '1f7bd7b9ff84e0c63a1f30c0158813f6') in 0.000 seconds [static dependencies only]. Details - ImportResultOutputID=6a7f1eafcdb81a627586a74a505019b9 DependenciesID=7588d1a84adbbe84b3d276918e369fb4 StaticDependenciesID=00e8d98cc8487c72fc0bb1d83327e9f8 
Importing 'GUID: c88e90bad18cceb5d182d0c805883056 - Path: Packages/com.unity.modules.director/package.ModuleCompilationTrigger' with importer (DefaultImporter)
Imported 'GUID: c88e90bad18cceb5d182d0c805883056' -> (Import Result ID: '692b721ebaf01bf42014eff7cc287474') in 0.000 seconds [static dependencies only]. Details - ImportResultOutputID=5d286ef98cbac13e3d0e345aac901e4f DependenciesID=94ff21374e1176d68a537fdc52c3a414 StaticDependenciesID=02cee57ef9a66eaa5c0a5baea26241f2 
Importing 'GUID: 1af35a910338381f753e8a985eb5daab - Path: Packages/com.unity.modules.adaptiveperformance/package.ModuleCompilationTrigger' with importer (DefaultImporter)
Imported 'GUID: 1af35a910338381f753e8a985eb5daab' -> (Import Result ID: 'cce3e3bb6c2e43a4c05545493add7f67') in 0.001 seconds [static dependencies only]. Details - ImportResultOutputID=949634ab36822f8ff6168fc8c25e1508 DependenciesID=a86133a3cbf7d81a9d34c70dc70d412d StaticDependenciesID=72d9c9e598d42b502a015ca49e111ab5 
Importing 'GUID: 2adec19fac7df68adf1fd6eb83197bb1 - Path: Packages/com.unity.modules.wind/package.ModuleCompilationTrigger' with importer (DefaultImporter)
Imported 'GUID: 2adec19fac7df68adf1fd6eb83197bb1' -> (Import Result ID: '6a2f4ddbbdd2cee0e833c8e9b60c4930') in 0.001 seconds [static dependencies only]. Details - ImportResultOutputID=d94addc5fcd1dcd16d8a4aeff6e7315b DependenciesID=90bea73b66bc5a3ec0ae4d79132e1e3f StaticDependenciesID=5c1313ac4c6fbfe87cf9835fd6ebbe0d 
Importing 'GUID: 8a752aaaadd2410dd9a84e01c1bace9f - Path: Packages/com.unity.modules.uielements/package.ModuleCompilationTrigger' with importer (DefaultImporter)
Imported 'GUID: 8a752aaaadd2410dd9a84e01c1bace9f' -> (Import Result ID: 'f5a6218cbaa15cada75203b875739241') in 0.001 seconds [static dependencies only]. Details - ImportResultOutputID=f40b7d6a35d44b9d0813e881de9232d1 DependenciesID=ae9d6671a8106c6b2fa0b26490f56329 StaticDependenciesID=4de3b68478c6fcd93c95f2488f338125 
Importing 'GUID: 1b6246f2248883964991eac9e9b4817c - Path: Packages/com.unity.modules.umbra/package.ModuleCompilationTrigger' with importer (DefaultImporter)
Imported 'GUID: 1b6246f2248883964991eac9e9b4817c' -> (Import Result ID: 'c2593cc550babef9c4ef15c744157af8') in 0.001 seconds [static dependencies only]. Details - ImportResultOutputID=007489b112d859d85ac111b51d2b96fd DependenciesID=10afff1fecbc2b084ea0602712887ed3 StaticDependenciesID=b0e764f8a48c9617485bdd19a3be1f5f 
Importing 'GUID: cbb1a39d56ce4d9ac1a46ac505893fa7 - Path: Packages/com.unity.modules.terrainphysics/package.ModuleCompilationTrigger' with importer (DefaultImporter)
Imported 'GUID: cbb1a39d56ce4d9ac1a46ac505893fa7' -> (Import Result ID: 'c4e7922eced96fe170efe150661d1ab0') in 0.001 seconds [static dependencies only]. Details - ImportResultOutputID=62cb9b240430335886efec9a08c66b57 DependenciesID=ae5984d24878f2f9077435a5c18e04f6 StaticDependenciesID=ba12fc2658ed2d75c63a988a6e36bf9c 
Importing 'GUID: db8e609a39b9b231fccc54e5fa4cbd1b - Path: Packages/com.unity.modules.animation/package.ModuleCompilationTrigger' with importer (DefaultImporter)
Imported 'GUID: db8e609a39b9b231fccc54e5fa4cbd1b' -> (Import Result ID: 'c7dc61610ffe66c8b2c450fffe021fd6') in 0.001 seconds [static dependencies only]. Details - ImportResultOutputID=288139cac869a1d040c89eaede133db4 DependenciesID=acfd7624339c3516e2c486656c526f65 StaticDependenciesID=13c33991cd0835ecf3f1eb8d54af3532 
Importing 'GUID: 3cc1ebf2abb7fef6871ad48f499b6e21 - Path: Packages/com.unity.modules.vectorgraphics/package.ModuleCompilationTrigger' with importer (DefaultImporter)
Imported 'GUID: 3cc1ebf2abb7fef6871ad48f499b6e21' -> (Import Result ID: 'ec299a4f0aae8a8e3bbfb324e4cfef53') in 0.001 seconds [static dependencies only]. Details - ImportResultOutputID=a4c87958b226c4f900fbf4d18311cf6f DependenciesID=a316c13e63a531aea7592a16adcf5e4d StaticDependenciesID=d424393493e3c0a7c18d61c53795eace 
Importing 'GUID: 5c1ee4056d0ac7ad3c5a16597fcaa38a - Path: Packages/com.unity.modules.physics/package.ModuleCompilationTrigger' with importer (DefaultImporter)
Imported 'GUID: 5c1ee4056d0ac7ad3c5a16597fcaa38a' -> (Import Result ID: '55275c48f2a6e4d48c8aa1eeb75f6ed2') in 0.001 seconds [static dependencies only]. Details - ImportResultOutputID=47c1ddfb4cd3ec43bc350d5b06504d59 DependenciesID=48f26736b494d81c81a6df45682d2d56 StaticDependenciesID=bdc9ac5cc7a083ce43d55389511396dd 
Importing 'GUID: 8d4bc6bfa28760b29f13174d6b6ea710 - Path: Packages/com.unity.modules.subsystems/package.ModuleCompilationTrigger' with importer (DefaultImporter)
Imported 'GUID: 8d4bc6bfa28760b29f13174d6b6ea710' -> (Import Result ID: 'a3011318500a17343fe70ef583a7a064') in 0.001 seconds [static dependencies only]. Details - ImportResultOutputID=498ca2a2c24aa041ab5e98f608209a1b DependenciesID=877ad71b259b1853ca3cbcd22dbeced1 StaticDependenciesID=8f5974be53fcdb5273b9ca84be24fb20 
Importing 'GUID: cd561f5f687aed43bf280c27a84f79e3 - Path: Packages/com.unity.modules.screencapture/package.ModuleCompilationTrigger' with importer (DefaultImporter)
Imported 'GUID: cd561f5f687aed43bf280c27a84f79e3' -> (Import Result ID: '40aa626f7f34fb94afc221a2df05fb54') in 0.001 seconds [static dependencies only]. Details - ImportResultOutputID=3eb1964e8afbff2c421e099475927610 DependenciesID=932a9ff0221b28edb200a972ce2652f5 StaticDependenciesID=cb7d0a479851b0ff42d76c80e71ee100 
Importing 'GUID: ae87256f29d9c8b50490f4caf75b2c41 - Path: Packages/com.unity.modules.unitywebrequestwww/package.ModuleCompilationTrigger' with importer (DefaultImporter)
Imported 'GUID: ae87256f29d9c8b50490f4caf75b2c41' -> (Import Result ID: 'cf780f352da2f408d3699135526f8105') in 0.001 seconds [static dependencies only]. Details - ImportResultOutputID=79dda7a6ac07c59209ba94225ee33d24 DependenciesID=f5cac70939bf0516a32dd3f985297119 StaticDependenciesID=721e253293ef645f167612dcbc81e8bf 
Importing 'GUID: be13c398521e3c1ad21fb9da30ab2ab6 - Path: Packages/com.unity.modules.imgui/package.ModuleCompilationTrigger' with importer (DefaultImporter)
Imported 'GUID: be13c398521e3c1ad21fb9da30ab2ab6' -> (Import Result ID: 'b271e59c9cc378c98b4a96aa59e0c678') in 0.001 seconds [static dependencies only]. Details - ImportResultOutputID=68bbcc9e8372c6860b60d924cb4f595c DependenciesID=0f048d2c25447920d8aee15b7f46bdba StaticDependenciesID=c60d30096816420cf21f408d2eaffbc8 
Importing 'GUID: fe6a6957b37b61417b457a1e0541791d - Path: Packages/com.unity.modules.physics2d/package.ModuleCompilationTrigger' with importer (DefaultImporter)
Imported 'GUID: fe6a6957b37b61417b457a1e0541791d' -> (Import Result ID: 'bf99c7c3fa8aead1b3b167c8bea112f4') in 0.001 seconds [static dependencies only]. Details - ImportResultOutputID=007ff8c01aa675f4b695ba99a36210ad DependenciesID=88b918f05d5ac819ead3a3b060478b14 StaticDependenciesID=111770f12ca0822f165f44c14271bd5e 
Native extension for iOS target not found
Native extension for Android target not found
Native extension for UWP target not found
Native extension for WindowsStandalone target not found
ScheduleIndexationOnStartup MainProcess:True IndexOnStartup:True
Mono: successfully reloaded assembly
- Finished resetting the current domain, in  0.756 seconds
Domain Reload Profiling: 1763ms
	BeginReloadAssembly (545ms)
		DisableScriptedObjects (128ms)
		CreateAndSetChildDomain (226ms)
	RebuildCommonClasses (11ms)
	RebuildNativeTypeToScriptingClass (27ms)
	initialDomainReloadingComplete (48ms)
	LoadAllAssembliesAndSetupDomain (375ms)
		LoadAssemblies (200ms)
		AnalyzeDomain (193ms)
			TypeCache.Refresh (187ms)
				TypeCache.ScanAssembly (166ms)
			BuildScriptInfoCaches (4ms)
	FinalizeReload (758ms)
		SetupLoadedEditorAssemblies (0ms)
			InitializePlatformSupportModulesInManaged (29ms)
			BeforeProcessingInitializeOnLoad (112ms)
			ProcessInitializeOnLoadAttributes (256ms)
			ProcessInitializeOnLoadMethodAttributes (101ms)
			AfterProcessingInitializeOnLoad (5ms)
		AwakeInstancesAfterBackupRestoration (35ms)
Importing 'GUID: 00000000000000005000000000000000 - Path: Library/BuildPlayer.prefs' with importer (DefaultImporter)
Imported 'GUID: 00000000000000005000000000000000' -> (Import Result ID: '26e9c7e281adb4cf8f3ea59b4c171d86') in 0.033 seconds [static dependencies only]. Details - ImportResultOutputID=1f9c19b30680da8dab47159f77a4e657 DependenciesID=14a8d38dd6eb846d74b0ecabdcf1e954 StaticDependenciesID=6a158df055d9d94d7d60efaaf8b24b39 
Importing 'GUID: a659150180ae3489ba41c71780ba3779 - Path: Packages/com.unity.multiplayer.center/Editor/Questionnaire/Questionnaire.questionnaire' with importer (DefaultImporter)
Imported 'GUID: a659150180ae3489ba41c71780ba3779' -> (Import Result ID: '19471d562c476916d1f667ed6008dc50') in 0.002 seconds [static dependencies only]. Details - ImportResultOutputID=d0013f3317022cee9d3e980e4260305c DependenciesID=0fcde0876bb965152ac9d9ca7a0177c8 StaticDependenciesID=0a7d03a814e41bbda829ef673fdc0f39 
Importing 'GUID: b66d076cdcfe3b14388de66307a0e7ff - Path: Packages/com.unity.multiplayer.center/Editor/Recommendations/RecommendationData_6000.0.recommendations' with importer (DefaultImporter)
Imported 'GUID: b66d076cdcfe3b14388de66307a0e7ff' -> (Import Result ID: 'd443778e565afac5b404b4a3c8ba5151') in 0.004 seconds [static dependencies only]. Details - ImportResultOutputID=c9abb0b20a8e8219707b06aa304df842 DependenciesID=dac82d15893b578599403115b66b9eb1 StaticDependenciesID=489e637ea4b10fba937871ecc0bed6f8 
Importing 'GUID: 318df756abab5463e9aa361360784865 - Path: Packages/com.unity.multiplayer.center/Editor/MultiplayerCenterWindow/UI/Icons/d_PackageInstalled@2x.png' with importer (TextureImporter)
Imported 'GUID: 318df756abab5463e9aa361360784865' -> (Import Result ID: 'a1a8bad50b760f12b931137f8ad62ee8') in 0.093 seconds [static and dynamic dependencies]. Details - ImportResultOutputID=f1711a3d0293a7b899cd08274e123126 DependenciesID=d218d463ae5c0f2a7f071bb7d3a6a319 StaticDependenciesID=676a434c83d6f0fc85958ffc61b2c34a 
Importing 'GUID: 424a8de5def3b46dcb08edd00ad1c7bd - Path: Packages/com.unity.multiplayer.center/Editor/MultiplayerCenterWindow/UI/Icons/Loading.png' with importer (TextureImporter)
Imported 'GUID: 424a8de5def3b46dcb08edd00ad1c7bd' -> (Import Result ID: '545cd38c020277b55b243d573968e292') in 0.005 seconds [static and dynamic dependencies]. Details - ImportResultOutputID=1e606c8fc09a86246d178a5b73654f2c DependenciesID=be6e3cb2cc90c116a7d58268c12e911a StaticDependenciesID=d2f3fd67d2eac8d20da59d58a0bbfab1 
Importing 'GUID: 525a6cca8dd9a4d28875a8fe824710d9 - Path: Packages/com.unity.multiplayer.center/Editor/MultiplayerCenterWindow/UI/Icons/d_Package.png' with importer (TextureImporter)
Imported 'GUID: 525a6cca8dd9a4d28875a8fe824710d9' -> (Import Result ID: 'ef6ec3e7b868002e4debe1649d7e497d') in 0.016 seconds [static and dynamic dependencies]. Details - ImportResultOutputID=e6e2e22f01c40eec041e6110d3a80307 DependenciesID=3492e318782f706cfd16db4e3c28aee4 StaticDependenciesID=fd7ef6f900dcc98cd00dafa7c517e51f 
Importing 'GUID: a23c0dd570fd44b57a03a8880002fcca - Path: Packages/com.unity.multiplayer.center/Editor/MultiplayerCenterWindow/UI/Icons/CloudCode@2x.png' with importer (TextureImporter)
Imported 'GUID: a23c0dd570fd44b57a03a8880002fcca' -> (Import Result ID: '105513e60e48a4f81be8bd5b004c3913') in 0.005 seconds [static and dynamic dependencies]. Details - ImportResultOutputID=6aa4257ff9aa3c029cfb4daff540a308 DependenciesID=952a0392b7361321b8fae9b56de9f84e StaticDependenciesID=53eefbeb88874fa656c30a6992976ad9 
Importing 'GUID: b2ce704e56cc84fb3b347499263c6244 - Path: Packages/com.unity.multiplayer.center/Editor/MultiplayerCenterWindow/UI/Icons/ClientHosted.png' with importer (TextureImporter)
Imported 'GUID: b2ce704e56cc84fb3b347499263c6244' -> (Import Result ID: 'af06800c38d18d15e2943746a03f904c') in 0.006 seconds [static and dynamic dependencies]. Details - ImportResultOutputID=e06aa80e10bb3ea606119d0a912ea291 DependenciesID=42ebf3df4a7916a777ab7fc2649ff87e StaticDependenciesID=dbbc280e9cfc9540e17337985e9432fd 
Importing 'GUID: 0354877031b64465ea7e5cafea1a2653 - Path: Packages/com.unity.multiplayer.center/Editor/MultiplayerCenterWindow/UI/Icons/DistributedAuthority@2x.png' with importer (TextureImporter)
Imported 'GUID: 0354877031b64465ea7e5cafea1a2653' -> (Import Result ID: 'd77987e1ebae1a17bd94b09713ce9758') in 0.005 seconds [static and dynamic dependencies]. Details - ImportResultOutputID=97fb9375374f1628e3d9ed2621b8a7f0 DependenciesID=64f1e2b159950351bc56d8c315706210 StaticDependenciesID=c59afa8e6d1c388ec3739dc5d4f0ae91 
Importing 'GUID: 83b28bcaaf34b4fd580114fb05d9f160 - Path: Packages/com.unity.multiplayer.center/Editor/MultiplayerCenterWindow/UI/Icons/NGO@2x.png' with importer (TextureImporter)
Imported 'GUID: 83b28bcaaf34b4fd580114fb05d9f160' -> (Import Result ID: 'eee0fab36a66a9ce712af54b6defb1fc') in 0.005 seconds [static and dynamic dependencies]. Details - ImportResultOutputID=de7dc1dcaf5614e446a68c31cc72f0c3 DependenciesID=49be32f3020969f265981d2d1fac9991 StaticDependenciesID=8c84be2703390f97b8325aa11fb5feb6 
Importing 'GUID: 0423146d9f51c4563a0f2a8200b6cd38 - Path: Packages/com.unity.multiplayer.center/Editor/MultiplayerCenterWindow/UI/Icons/PackageInstalled@2x.png' with importer (TextureImporter)
Imported 'GUID: 0423146d9f51c4563a0f2a8200b6cd38' -> (Import Result ID: 'a99bb1d27934b205fd241ae6da47a94c') in 0.004 seconds [static and dynamic dependencies]. Details - ImportResultOutputID=fe484cdfb4dcaebdd408299c5293fcd2 DependenciesID=8be1b3ec42e83e62d9de6f51d84bed3d StaticDependenciesID=d2b72c94d81bef7a36c9a6456d5d534f 
Importing 'GUID: 741761e72e6f24446bd8ba03ea3d0261 - Path: Packages/com.unity.multiplayer.center/Editor/MultiplayerCenterWindow/UI/Icons/d_Questionnaire.png' with importer (TextureImporter)
Imported 'GUID: 741761e72e6f24446bd8ba03ea3d0261' -> (Import Result ID: '90204f191c3b452508513851118cce10') in 0.004 seconds [static and dynamic dependencies]. Details - ImportResultOutputID=528236b5a2d0d205a322f3556adac6a5 DependenciesID=b09b7bc803337776d18b429232d7ed82 StaticDependenciesID=2e312d124cb545638026726eb3aa4349 
Importing 'GUID: 84e4bbd00035e4671bf14e0380a89001 - Path: Packages/com.unity.multiplayer.center/Editor/MultiplayerCenterWindow/UI/Icons/EmptyViewIcon.png' with importer (TextureImporter)
Imported 'GUID: 84e4bbd00035e4671bf14e0380a89001' -> (Import Result ID: '138a3862469f91acf13cfc14f927bf0f') in 0.019 seconds [static and dynamic dependencies]. Details - ImportResultOutputID=67f0f1075bf668b02f2b02e11741d52a DependenciesID=55c3bbfb683e9ba8ac1902772c268f53 StaticDependenciesID=91428acf996ced3bd7e3ad87eabbf0ba 
Importing 'GUID: 9431e8221045c4af189b2fa7174b9e9f - Path: Packages/com.unity.multiplayer.center/Editor/MultiplayerCenterWindow/UI/Icons/PackageManager@2x.png' with importer (TextureImporter)
Imported 'GUID: 9431e8221045c4af189b2fa7174b9e9f' -> (Import Result ID: '8bd551c5b80c41638f87d87865d24f41') in 0.004 seconds [static and dynamic dependencies]. Details - ImportResultOutputID=2d52e909158a612a4ada5ff04633b61d DependenciesID=49423cbdc65a72f63ba60e66cf526497 StaticDependenciesID=5415f7f8ef260c27f36d50103bcf79bf 
Importing 'GUID: b58a826ca804e4c67bab4283ad5a6102 - Path: Packages/com.unity.multiplayer.center/Editor/MultiplayerCenterWindow/UI/Icons/NoNetcode@2x.png' with importer (TextureImporter)
Imported 'GUID: b58a826ca804e4c67bab4283ad5a6102' -> (Import Result ID: '77087a32ba65be0624266cea144d2a16') in 0.005 seconds [static and dynamic dependencies]. Details - ImportResultOutputID=7921702f5b798615614bbbc23a63c722 DependenciesID=5dfd35d35a55d2413c699967e90089c9 StaticDependenciesID=1c4d2f91a1a2391f618a22de0cc9b848 
Importing 'GUID: 4616b2fa4acd1429e931835b80966c2a - Path: Packages/com.unity.multiplayer.center/Editor/MultiplayerCenterWindow/UI/Icons/PackageInstalled.png' with importer (TextureImporter)
Imported 'GUID: 4616b2fa4acd1429e931835b80966c2a' -> (Import Result ID: '453da2e13faea82efe5d57ff32662ef2') in 0.004 seconds [static and dynamic dependencies]. Details - ImportResultOutputID=5f9561aa0ecd8042930be865fd5c68b6 DependenciesID=59d263e74f8f48fdb2f29834ca9be232 StaticDependenciesID=bc4ca2691d7da9b9105b0b4b0a7c5f67 
Importing 'GUID: a6fd0c627f5aa48fa81512221e70a11e - Path: Packages/com.unity.multiplayer.center/Editor/MultiplayerCenterWindow/UI/Icons/d_PackageManager@2x.png' with importer (TextureImporter)
Imported 'GUID: a6fd0c627f5aa48fa81512221e70a11e' -> (Import Result ID: '060e9a589cf6956efc005b97ed98d297') in 0.004 seconds [static and dynamic dependencies]. Details - ImportResultOutputID=49d5cecab4e3b06c3287538a93924a1e DependenciesID=b66e888ec2e68ded2f3ed68edf35c5c7 StaticDependenciesID=3eb28988e0caffbc8606ba7448fbdb0f 
Importing 'GUID: d63245ece6d8f476c8c7ca24da9937f6 - Path: Packages/com.unity.multiplayer.center/Editor/MultiplayerCenterWindow/UI/Icons/DistributedAuthority.png' with importer (TextureImporter)
Imported 'GUID: d63245ece6d8f476c8c7ca24da9937f6' -> (Import Result ID: '309af07d09115ee5f800ea95abf8a158') in 0.004 seconds [static and dynamic dependencies]. Details - ImportResultOutputID=874648a7a2bad1d3ea94ef659d240136 DependenciesID=0b9fab2a8bec1f421e2997e33f7a262f StaticDependenciesID=4087462b64bf37193952c711691e2485 
Importing 'GUID: 679f9999c6f8f497e806a2d5d0511879 - Path: Packages/com.unity.multiplayer.center/Editor/MultiplayerCenterWindow/UI/Icons/PackageManager.png' with importer (TextureImporter)
Imported 'GUID: 679f9999c6f8f497e806a2d5d0511879' -> (Import Result ID: 'fe8b202a7943cf2f46c109367a69080c') in 0.004 seconds [static and dynamic dependencies]. Details - ImportResultOutputID=e3d682701271f4ec2d057f430f8bf8ba DependenciesID=bb1b1695fc35efcb26002857bc686eae StaticDependenciesID=ca7f9983dd0e301510f01f3aafed4c0d 
Importing 'GUID: 77be953cf28de42a4ad8532539fef3f5 - Path: Packages/com.unity.multiplayer.center/Editor/MultiplayerCenterWindow/UI/Icons/d_PackageInstalled.png' with importer (TextureImporter)
Imported 'GUID: 77be953cf28de42a4ad8532539fef3f5' -> (Import Result ID: 'cc2e9796b12666eca64a1b2102c43454') in 0.004 seconds [static and dynamic dependencies]. Details - ImportResultOutputID=55271bc81261295e23260cc416c349b2 DependenciesID=7b6f8a72b2f4253e9eb3c69f5533a6d6 StaticDependenciesID=1c8d6dc718f350f147ef59016542146d 
Importing 'GUID: c7a38e6eccbfc49778cb8b77f594a971 - Path: Packages/com.unity.multiplayer.center/Editor/MultiplayerCenterWindow/UI/Icons/ClientHosted@2x.png' with importer (TextureImporter)
Imported 'GUID: c7a38e6eccbfc49778cb8b77f594a971' -> (Import Result ID: 'a0cbdcd454638804aac7af34d70f6c12') in 0.006 seconds [static and dynamic dependencies]. Details - ImportResultOutputID=abd89ea58ab93258ac9661c31c0cfc5a DependenciesID=000a89b9a8bfa98aec63ef16ccf068ec StaticDependenciesID=26c762357b2e667dfd9fd48826b9d0e4 
Importing 'GUID: d7711b0cc806d430b8a95f1e33ec3649 - Path: Packages/com.unity.multiplayer.center/Editor/MultiplayerCenterWindow/UI/Icons/CustomNetcode@2x.png' with importer (TextureImporter)
Imported 'GUID: d7711b0cc806d430b8a95f1e33ec3649' -> (Import Result ID: 'c520f3c0b800e94ba2121299d1215e7e') in 0.006 seconds [static and dynamic dependencies]. Details - ImportResultOutputID=eb43d2ae004d3d7f022969130e976964 DependenciesID=3ca21935dac6e3d23d8d8e3dc193431b StaticDependenciesID=2fb8048331ee4b7c91600d6d83910676 
Importing 'GUID: 38b78df4a34c94fa6a52c90239606ff1 - Path: Packages/com.unity.multiplayer.center/Editor/MultiplayerCenterWindow/UI/Icons/DedicatedServer@2x.png' with importer (TextureImporter)
Imported 'GUID: 38b78df4a34c94fa6a52c90239606ff1' -> (Import Result ID: 'de12ebb9dce8d52a3c078b0cb14c6ce9') in 0.005 seconds [static and dynamic dependencies]. Details - ImportResultOutputID=ff0af4a321cb3e4ef10fd5bbae9d4c20 DependenciesID=1600ab45d25c922b89a29f9a9c7e368f StaticDependenciesID=918f5189d91e3d0a7d02c77e7b1a2296 
Importing 'GUID: 29395f0639574c1fbc8b729aa257fb84 - Path: Packages/com.unity.multiplayer.center/Editor/MultiplayerCenterWindow/UI/Icons/d_Check.png' with importer (TextureImporter)
Imported 'GUID: 29395f0639574c1fbc8b729aa257fb84' -> (Import Result ID: '75c5808ade3b534b7acc96d74328ad89') in 0.005 seconds [static and dynamic dependencies]. Details - ImportResultOutputID=0c6027fd93b070804c7e45742e29640a DependenciesID=b4d167d05c88314274885f342619420d StaticDependenciesID=7b63e129144b3a11b28f95e9f5bf21fc 
Importing 'GUID: 99da7b3894f364efdb5fa1443952a55d - Path: Packages/com.unity.multiplayer.center/Editor/MultiplayerCenterWindow/UI/Icons/NGO.png' with importer (TextureImporter)
Imported 'GUID: 99da7b3894f364efdb5fa1443952a55d' -> (Import Result ID: '1c4b32bb711c080d4097825155633f69') in 0.004 seconds [static and dynamic dependencies]. Details - ImportResultOutputID=f6bab6230e5646b43cadd4c2f8ada1c3 DependenciesID=796733f3957bf489b5261429db186327 StaticDependenciesID=0e7b4d1db12f687a8b4cd84507f2bf7b 
Importing 'GUID: e9669051ff70449b5923861e0e0b8838 - Path: Packages/com.unity.multiplayer.center/Editor/MultiplayerCenterWindow/UI/Icons/N4E.png' with importer (TextureImporter)
Imported 'GUID: e9669051ff70449b5923861e0e0b8838' -> (Import Result ID: '35770a9aeb0b1055309241c02d5c225f') in 0.005 seconds [static and dynamic dependencies]. Details - ImportResultOutputID=62e4d7b648c021fe1a49fb8f09f90781 DependenciesID=3aa226e9d58b99357ae6ecde0b1ff260 StaticDependenciesID=19c2e740ac7e708fceeadfc3248778a0 
Importing 'GUID: 2adffcc506285402aa795dee6f3166d0 - Path: Packages/com.unity.multiplayer.center/Editor/MultiplayerCenterWindow/UI/Icons/EmptyViewIcon@2x.png' with importer (TextureImporter)
Imported 'GUID: 2adffcc506285402aa795dee6f3166d0' -> (Import Result ID: '68133836c1f880b3a2cf74d6dbeb9da7') in 0.042 seconds [static and dynamic dependencies]. Details - ImportResultOutputID=cfa26781d240fed7bf1b8f259bfea5e3 DependenciesID=fe1279ecb45f37ad4c65d8b677a02a95 StaticDependenciesID=117861f82d2c00dc4f64af824b1cc14e 
Importing 'GUID: dab91f148d99946e7b3c3a87ecf4b973 - Path: Packages/com.unity.multiplayer.center/Editor/MultiplayerCenterWindow/UI/Icons/d_Loading.png' with importer (TextureImporter)
Imported 'GUID: dab91f148d99946e7b3c3a87ecf4b973' -> (Import Result ID: 'b94eef262ff9708d12ce6038084d781b') in 0.006 seconds [static and dynamic dependencies]. Details - ImportResultOutputID=611cedf1b3c30cc683a0f62634240372 DependenciesID=a1f3dc50f90958e0d7698345970a84f2 StaticDependenciesID=c9d121b982dcd02f23f0903164d32694 
Importing 'GUID: 1b4c88814ec6241eb8e327515399c006 - Path: Packages/com.unity.multiplayer.center/Editor/MultiplayerCenterWindow/UI/Icons/d_PackageManager.png' with importer (TextureImporter)
Imported 'GUID: 1b4c88814ec6241eb8e327515399c006' -> (Import Result ID: '7349d0def4c71fa8a5e83b1e56877cf1') in 0.004 seconds [static and dynamic dependencies]. Details - ImportResultOutputID=528685a749526b129c19712a6f2500f7 DependenciesID=76e0109fc5d4589cb32bfc02fefed6f1 StaticDependenciesID=865ad88bb6477d8a53a8338110024d17 
Importing 'GUID: 2cb589d4e01184d928bb698f06e77561 - Path: Packages/com.unity.multiplayer.center/Editor/MultiplayerCenterWindow/UI/Icons/N4E@2x.png' with importer (TextureImporter)
Imported 'GUID: 2cb589d4e01184d928bb698f06e77561' -> (Import Result ID: 'e47e553b5c7becc6e838f42aba22d509') in 0.006 seconds [static and dynamic dependencies]. Details - ImportResultOutputID=d6c66a8825ec3e061172dd8e7b6be7c6 DependenciesID=f3fb5c000811f74a7136a1c44dd1d7a2 StaticDependenciesID=ed22dc880a53f348a106df3615d19399 
Importing 'GUID: dce12af736e0a4a1ba35d6424f897dc9 - Path: Packages/com.unity.multiplayer.center/Editor/MultiplayerCenterWindow/UI/Icons/CustomNetcode.png' with importer (TextureImporter)
Imported 'GUID: dce12af736e0a4a1ba35d6424f897dc9' -> (Import Result ID: '4246998bf6ede7b4d4ca8ef36dc5c63e') in 0.004 seconds [static and dynamic dependencies]. Details - ImportResultOutputID=5fd83f3aa525f4216143dd042aa508cf DependenciesID=c645c9630d82910bf774191148bee17c StaticDependenciesID=4c00ee2ffc310b925f0aae58cbc6e647 
Importing 'GUID: 1daed49eec0f94f7ebb36dfef6159884 - Path: Packages/com.unity.multiplayer.center/Editor/MultiplayerCenterWindow/UI/Icons/NoNetcode.png' with importer (TextureImporter)
Imported 'GUID: 1daed49eec0f94f7ebb36dfef6159884' -> (Import Result ID: 'a8fd456f4445a317bee4bf0f80ea7ded') in 0.004 seconds [static and dynamic dependencies]. Details - ImportResultOutputID=ff36dce6086c3c539868e8b41616ed4d DependenciesID=14ad3b7e76809df2d7e115b718d97986 StaticDependenciesID=61c10e7c30e6be8c2797f93c5583c51a 
Importing 'GUID: 9d9689eab72c8480c90679f4dcf18820 - Path: Packages/com.unity.multiplayer.center/Editor/MultiplayerCenterWindow/UI/Icons/Package.png' with importer (TextureImporter)
Imported 'GUID: 9d9689eab72c8480c90679f4dcf18820' -> (Import Result ID: 'd885e9b4dfaa790d0ecc6fff116f41c9') in 0.004 seconds [static and dynamic dependencies]. Details - ImportResultOutputID=6b98b577561bf706e34f96edcb77983a DependenciesID=fd1b3b353ef8af7fd1e1cbab2a429d1c StaticDependenciesID=860c65b2e619d69679919f60be7a962d 
Importing 'GUID: ad1d29f4654194951a3c8bf507914d05 - Path: Packages/com.unity.multiplayer.center/Editor/MultiplayerCenterWindow/UI/Icons/CloudCode.png' with importer (TextureImporter)
Imported 'GUID: ad1d29f4654194951a3c8bf507914d05' -> (Import Result ID: '3f9981c98120bfe9354d50bddd9d3a6d') in 0.005 seconds [static and dynamic dependencies]. Details - ImportResultOutputID=ca982f27e2afb4390190ce0740a9cbd1 DependenciesID=9e9b525dd490de84cdedfdb6a9d2f555 StaticDependenciesID=daa80e3a6e98a04002542119764a9cd1 
Importing 'GUID: dd70cd654275d47db807e918055e004f - Path: Packages/com.unity.multiplayer.center/Editor/MultiplayerCenterWindow/UI/Icons/Questionnaire.png' with importer (TextureImporter)
Imported 'GUID: dd70cd654275d47db807e918055e004f' -> (Import Result ID: '1d68a28a43cba272a1b82ae914edd2e9') in 0.004 seconds [static and dynamic dependencies]. Details - ImportResultOutputID=d48cf0c73ac82773246ce72767c9b3f5 DependenciesID=14db4c187e85086791e37a0d0c7bc385 StaticDependenciesID=630c0ed723927027919e94fab4993f50 
Importing 'GUID: 3fe892784421e47f5aa40c2784a6cb3e - Path: Packages/com.unity.multiplayer.center/Editor/MultiplayerCenterWindow/UI/Icons/DedicatedServer.png' with importer (TextureImporter)
Imported 'GUID: 3fe892784421e47f5aa40c2784a6cb3e' -> (Import Result ID: 'cb51c5cca6547bf6150d6e2e89ada02f') in 0.005 seconds [static and dynamic dependencies]. Details - ImportResultOutputID=063c23d19d312ac6010c5be9b9896bb2 DependenciesID=9de672b24f7827e2ba0eb910ef8c69c5 StaticDependenciesID=e5bf9eeff5c99f9081d73e3e8ce1d711 
Importing 'GUID: 4f78a544322c742b89e63fb68557b1d2 - Path: Packages/com.unity.multiplayer.center/Editor/MultiplayerCenterWindow/UI/Icons/Check.png' with importer (TextureImporter)
Imported 'GUID: 4f78a544322c742b89e63fb68557b1d2' -> (Import Result ID: 'd7411e8304323c1bd55ae78395506c0d') in 0.004 seconds [static and dynamic dependencies]. Details - ImportResultOutputID=ba3487955bd87e625fcae030abc53122 DependenciesID=1b5e1f37d141dcaa225d51391fe845d9 StaticDependenciesID=418c3428dd15480b88ff041c3109a9fb 
Importing 'GUID: 30b312a167534621b316172253b08723 - Path: Packages/com.unity.modules.subsystems/package.json' with importer (PackageManifestImporter)
Imported 'GUID: 30b312a167534621b316172253b08723' -> (Import Result ID: '2290f9d934f33e62be13bbd3fdc0d894') in 0.004 seconds [static dependencies only]. Details - ImportResultOutputID=5d4e1d411c6d1280fee0fd81da9b9a41 DependenciesID=63113174ad40ae01bc799d569a124dc0 StaticDependenciesID=0b3c946e6a717f46169f33cffddbb142 
Importing 'GUID: 40bf3cec17fa0b49fe04443c8332d638 - Path: Packages/com.unity.modules.jsonserialize/package.json' with importer (PackageManifestImporter)
Imported 'GUID: 40bf3cec17fa0b49fe04443c8332d638' -> (Import Result ID: '56127e54790525077309a2beaad3f2df') in 0.003 seconds [static dependencies only]. Details - ImportResultOutputID=891918617c984cf929da287de3b28243 DependenciesID=7bfe4dceb37474cd2d98b63ecbdb8ab5 StaticDependenciesID=0fad0e8ea03e14690264ad9077aad7bf 
Importing 'GUID: 70554f6c9e4114e1084bb38f9ea400ce - Path: Packages/com.unity.multiplayer.center/LICENSE.md' with importer (TextScriptImporter)
Imported 'GUID: 70554f6c9e4114e1084bb38f9ea400ce' -> (Import Result ID: '4f8b76ebea4067d56564b96433134e5a') in 0.003 seconds [static dependencies only]. Details - ImportResultOutputID=59e94a21cec5c01f76c5311c0f7ed1b4 DependenciesID=9bae1246d99532b11570047837d3f33d StaticDependenciesID=67ad8ffdd036ce93224661ff1f1e98ef 
Importing 'GUID: 80beef77cb19e713c7c2d481b65ed485 - Path: Packages/com.unity.modules.screencapture/package.json' with importer (PackageManifestImporter)
Imported 'GUID: 80beef77cb19e713c7c2d481b65ed485' -> (Import Result ID: '8399d7953d89162a801adf299f92f12f') in 0.003 seconds [static dependencies only]. Details - ImportResultOutputID=983250a2dc621a762e73ead2ce94efd8 DependenciesID=cd27286d2f172dfb89fe5f824cd12ba3 StaticDependenciesID=a2621168487c401a654f3474b01da22d 
Importing 'GUID: 906c12bc9cd95d3963c6d58f62522c78 - Path: Packages/com.unity.modules.cloth/package.json' with importer (PackageManifestImporter)
Imported 'GUID: 906c12bc9cd95d3963c6d58f62522c78' -> (Import Result ID: 'd3e35d6d88beb2c90e2267f89fd7d86c') in 0.003 seconds [static dependencies only]. Details - ImportResultOutputID=516616d488b80658f1bc6d39e6323fe4 DependenciesID=ff0aa0f6822ba147490b518ab6e7aefb StaticDependenciesID=87e01a0fbf610bba8029356c2f3cedbd 
Importing 'GUID: d0e3ad91972c66f5238f5b9b7d5ae58a - Path: Packages/com.unity.modules.unitywebrequesttexture/package.json' with importer (PackageManifestImporter)
Imported 'GUID: d0e3ad91972c66f5238f5b9b7d5ae58a' -> (Import Result ID: 'd6d72679e42ca103d4645ce2f0e43d1a') in 0.003 seconds [static dependencies only]. Details - ImportResultOutputID=50532d8986b57e8cf0f67d010ae5faa9 DependenciesID=e74a26a437e640c3e212ea62ffe5da53 StaticDependenciesID=ca8a80c7d78ea3e4b0ab56943918e7c0 
Importing 'GUID: f0f13f2ab3d6d13cfc6e4656824bfca8 - Path: Packages/com.unity.modules.ai/package.json' with importer (PackageManifestImporter)
Imported 'GUID: f0f13f2ab3d6d13cfc6e4656824bfca8' -> (Import Result ID: 'd21d8b91722d950b213ede438d6a0c8f') in 0.003 seconds [static dependencies only]. Details - ImportResultOutputID=084f1efaf4086fe15fda68049aa031a1 DependenciesID=239bf73ab3d2e0ad7170fc85a0c83181 StaticDependenciesID=0161f2dfa4bc46519bbc28afedb2fabd 
Importing 'GUID: e1ef8466c8fd01a549f10baa4d51fa17 - Path: Packages/com.unity.modules.assetbundle/package.json' with importer (PackageManifestImporter)
Imported 'GUID: e1ef8466c8fd01a549f10baa4d51fa17' -> (Import Result ID: 'b01306af10f4c4b92494c5bc6c7e348e') in 0.003 seconds [static dependencies only]. Details - ImportResultOutputID=c14d0c80429a1b2e07a8aa59da3e090e DependenciesID=3c306160928aad0d9b7fa7d629ca8141 StaticDependenciesID=4b560b67df264fafdca5463edecabd37 
Importing 'GUID: 42fe78c8fe682715a2cb531422e6ccb3 - Path: Packages/com.unity.modules.imgui/package.json' with importer (PackageManifestImporter)
Imported 'GUID: 42fe78c8fe682715a2cb531422e6ccb3' -> (Import Result ID: '735a12665b6273579c88ece974c1fa3d') in 0.002 seconds [static dependencies only]. Details - ImportResultOutputID=f3517442a7b9f2e47ee8fa5d575508d6 DependenciesID=db4a5b9676313a5113b8c3d58a8af841 StaticDependenciesID=823f2faa0588685f2bad41f521df6600 
Importing 'GUID: 92a378669877c05c6071d0fed687bb95 - Path: Packages/com.unity.modules.tilemap/package.json' with importer (PackageManifestImporter)
Imported 'GUID: 92a378669877c05c6071d0fed687bb95' -> (Import Result ID: 'f7d9350e31074f14f70f1ddd6d023915') in 0.003 seconds [static dependencies only]. Details - ImportResultOutputID=f33f95d07119304837f09eeace9783ca DependenciesID=0cf31c2ba1eef756cfbc3fec246b3f7f StaticDependenciesID=b3ad988b545dbe8c855c0bf6ede7b3f7 
Importing 'GUID: 43674d438e19b89d7fe6af07234f3252 - Path: Packages/com.unity.modules.accessibility/package.json' with importer (PackageManifestImporter)
Imported 'GUID: 43674d438e19b89d7fe6af07234f3252' -> (Import Result ID: 'acb1710fbbdf52c324683dab184cda06') in 0.003 seconds [static dependencies only]. Details - ImportResultOutputID=e23a5c5d7d61ce365f1d19ca6a223a88 DependenciesID=2b7af2474c462b27836c85cd0ee19d66 StaticDependenciesID=2c5e7916f13467e8dbe69dc274e8943a 
Importing 'GUID: c359bcaf4a0bc4040aac650bf14ec619 - Path: Packages/com.unity.multiplayer.center/README.md' with importer (TextScriptImporter)
Imported 'GUID: c359bcaf4a0bc4040aac650bf14ec619' -> (Import Result ID: '435e2703097d1b41c685634efa198cf3') in 0.003 seconds [static dependencies only]. Details - ImportResultOutputID=82d3a5be604caff878ff7e228f1601f7 DependenciesID=17e510ebf8dec0088d270e3679c2e8a3 StaticDependenciesID=7cab8a8e0af7700b56e82d95102108f8 
Importing 'GUID: d3cbe921f7b3d9a3257e7c61a5761796 - Path: Packages/com.unity.modules.terrainphysics/package.json' with importer (PackageManifestImporter)
Imported 'GUID: d3cbe921f7b3d9a3257e7c61a5761796' -> (Import Result ID: '4d4972b7a7be72bca5faaa9db94b6b19') in 0.003 seconds [static dependencies only]. Details - ImportResultOutputID=4293423a982649a317eebc9f11bbd1b8 DependenciesID=6fc5860360b5f6a5eb722e68bee0aa5a StaticDependenciesID=836e5f5f7685ec9e9975a08e071fa4b7 
Importing 'GUID: 05f7f519769978b79b31d063a7fc6fa1 - Path: Packages/com.unity.modules.unitywebrequestassetbundle/package.json' with importer (PackageManifestImporter)
Imported 'GUID: 05f7f519769978b79b31d063a7fc6fa1' -> (Import Result ID: '2215c69886089bb8dfd38dc5d451733e') in 0.003 seconds [static dependencies only]. Details - ImportResultOutputID=a676fdc87741fdb3d4562c9b189a12fc DependenciesID=50b399ec4c379a368f8d1b3d730b7425 StaticDependenciesID=ecf490569469904b045877a673f52c07 
Importing 'GUID: 953fab16d15d5885b3600fcd6388b2ad - Path: Packages/com.unity.modules.imageconversion/package.json' with importer (PackageManifestImporter)
Imported 'GUID: 953fab16d15d5885b3600fcd6388b2ad' -> (Import Result ID: 'ca90e3ddc4614fb97ef10d5096a2d3bf') in 0.004 seconds [static dependencies only]. Details - ImportResultOutputID=21af7c3c6098e54697c36eeb0f93f731 DependenciesID=70222f72007a9bb6226effc8d39c0cc4 StaticDependenciesID=feabfdcc1f02151e8ff93f9e08fed3d3 
Importing 'GUID: b5930dbc378b45d406aeb881f06b6dfa - Path: Packages/com.unity.modules.physicscore2d/package.json' with importer (PackageManifestImporter)
Imported 'GUID: b5930dbc378b45d406aeb881f06b6dfa' -> (Import Result ID: '52569d8072f06a7af2f61282bdb1f1b9') in 0.003 seconds [static dependencies only]. Details - ImportResultOutputID=17eebdd45c9292f6cb08e3796d0e3496 DependenciesID=82cd23feb7710eeee87454932e6c5d60 StaticDependenciesID=132977ef165f0d3ba6f71f883b5f89c9 
Importing 'GUID: 26a4f29db434fd79025c91f6126382cc - Path: Packages/com.unity.modules.unityanalytics/package.json' with importer (PackageManifestImporter)
Imported 'GUID: 26a4f29db434fd79025c91f6126382cc' -> (Import Result ID: '170bb55fb25883039fcb7415aac06564') in 0.003 seconds [static dependencies only]. Details - ImportResultOutputID=64cd0125ffa27280e42f5bc3480004c0 DependenciesID=afed83ba2a9d3ced17a37e981cbe40c1 StaticDependenciesID=20a03214bd46c6bfedea9af7a0b0d9e2 
Importing 'GUID: 96d14b71b907bb52333b2886e665aba6 - Path: Packages/com.unity.modules.video/package.json' with importer (PackageManifestImporter)
Imported 'GUID: 96d14b71b907bb52333b2886e665aba6' -> (Import Result ID: '5c651af831b936ffa6e09fdfd6390917') in 0.003 seconds [static dependencies only]. Details - ImportResultOutputID=97331c0a394344b81f304a267aa0ee32 DependenciesID=f4a54713681ca05bcf8d6d7c16c4deeb StaticDependenciesID=ece420845877feca0120aeff1843c27f 
Importing 'GUID: 87d720faa37005c08600090e04d8c739 - Path: Packages/com.unity.modules.particlesystem/package.json' with importer (PackageManifestImporter)
Imported 'GUID: 87d720faa37005c08600090e04d8c739' -> (Import Result ID: '33d9320326ab0bc0dd0097296520297b') in 0.003 seconds [static dependencies only]. Details - ImportResultOutputID=ab3ee686cd4ed15f5f20d2c8a27562c1 DependenciesID=4f1dbf60b5dd1c4a66cd4423394ab7cd StaticDependenciesID=f4e87ab5606ff6321b39dbeab3d19a29 
Importing 'GUID: f7a8357347c80dc69c08d0b1a05e2122 - Path: Packages/com.unity.modules.physics2d/package.json' with importer (PackageManifestImporter)
Imported 'GUID: f7a8357347c80dc69c08d0b1a05e2122' -> (Import Result ID: 'ed4a29267b8cf2f2ea88acd56522760b') in 0.003 seconds [static dependencies only]. Details - ImportResultOutputID=919e2a11128050effa789097769a2a78 DependenciesID=cf968784af1fa8086c395b1ede3f63f2 StaticDependenciesID=8faa0135c39d90e75cabdcc27fd78e0a 
Importing 'GUID: 78e5667e52329c3ceef41288763404ae - Path: Packages/com.unity.modules.vectorgraphics/package.json' with importer (PackageManifestImporter)
Imported 'GUID: 78e5667e52329c3ceef41288763404ae' -> (Import Result ID: '85331052923557e7939e551d51b77ff6') in 0.003 seconds [static dependencies only]. Details - ImportResultOutputID=4ecdabad2dfa4bdbd05a32eab7720e4f DependenciesID=49107cbf11f872cdbb7e480a2dba9fe9 StaticDependenciesID=0dad77f0a6e31e50e95afd8fb4182240 
Importing 'GUID: b83f06ac0c0696e9563230865ca72b81 - Path: Packages/com.unity.modules.wind/package.json' with importer (PackageManifestImporter)
Imported 'GUID: b83f06ac0c0696e9563230865ca72b81' -> (Import Result ID: 'e627a48c71cdb2b59a8ea035b900e4cc') in 0.003 seconds [static dependencies only]. Details - ImportResultOutputID=48a5258515ca15f6f7f90d7b79f1d94b DependenciesID=1e607ce05811be43638b97e5747a55d3 StaticDependenciesID=94020142ee02491aee138f8fd0b6a32d 
Importing 'GUID: c8f6fa942856442b8bd72594d3ce7363 - Path: Packages/com.unity.multiplayer.center/Third Party Notices.md' with importer (TextScriptImporter)
Imported 'GUID: c8f6fa942856442b8bd72594d3ce7363' -> (Import Result ID: 'fb49a0aaa07e34dc436f3549756dc516') in 0.003 seconds [static dependencies only]. Details - ImportResultOutputID=03ddb98ad266806dbd104aeb58230d0c DependenciesID=2d2acc2d26d4951d505d68bd5f8d03bc StaticDependenciesID=b47fb482a67cca194ff3aa7c5d905b75 
Importing 'GUID: d85e5eeaf8f135aeaaebdc8aa3cff6c3 - Path: Packages/com.unity.modules.umbra/package.json' with importer (PackageManifestImporter)
Imported 'GUID: d85e5eeaf8f135aeaaebdc8aa3cff6c3' -> (Import Result ID: '2629799bcc3cd0dc132bde42d394156b') in 0.002 seconds [static dependencies only]. Details - ImportResultOutputID=4d25716d6c3e24bf1a7a8cbf11399c74 DependenciesID=dc7d5f7de08e37a81e35f6684c74c06d StaticDependenciesID=7f6e42ed398911ce66d5999a7426829c 
Importing 'GUID: e9df95f53f1c1d0c9199e235d6c42b50 - Path: Packages/com.unity.modules.audio/package.json' with importer (PackageManifestImporter)
Imported 'GUID: e9df95f53f1c1d0c9199e235d6c42b50' -> (Import Result ID: '8770f2708177991f7bde600f5c7b4d5a') in 0.003 seconds [static dependencies only]. Details - ImportResultOutputID=7bff69c037aa519a654c229c1b6809dd DependenciesID=66220fce1dcba53fc6dd73d780cdfbfe StaticDependenciesID=813f78202562c10aaf2125f84cf31d49 
Importing 'GUID: 1a4266815e998967becf686f9c71f0a6 - Path: Packages/com.unity.modules.physics/package.json' with importer (PackageManifestImporter)
Imported 'GUID: 1a4266815e998967becf686f9c71f0a6' -> (Import Result ID: 'dfea013900fff6eb4694d3ebf064bfb6') in 0.003 seconds [static dependencies only]. Details - ImportResultOutputID=2c72742771a2c41ecd040e5a25968787 DependenciesID=957f7387fa947e4ad8b4742ec482885e StaticDependenciesID=24f161716ed4c67af2a5b4c6528c75af 
Importing 'GUID: 6afb166a156df2d20433d981f4bb2832 - Path: Packages/com.unity.modules.vehicles/package.json' with importer (PackageManifestImporter)
Imported 'GUID: 6afb166a156df2d20433d981f4bb2832' -> (Import Result ID: 'ebbb3659261e067ebb04bcd1a0ba1de6') in 0.003 seconds [static dependencies only]. Details - ImportResultOutputID=b9584b21688236880549537b502bc979 DependenciesID=0e700e00a9d59e25daf7f60ded68340a StaticDependenciesID=49493533e51bc12d7160bed570f9a5ef 
Importing 'GUID: fa27413e9edb06a6058d6c894eca0338 - Path: Packages/com.unity.modules.unitywebrequestwww/package.json' with importer (PackageManifestImporter)
Imported 'GUID: fa27413e9edb06a6058d6c894eca0338' -> (Import Result ID: 'bd7a98124d8a2bbed25cd45a821d3a34') in 0.003 seconds [static dependencies only]. Details - ImportResultOutputID=ef4111052f639e700ab30e1188cae7f8 DependenciesID=15608abf2fb0a10d2865567c82c998c4 StaticDependenciesID=58ec5c7678b3127dd11109c2d0e2f0f2 
Importing 'GUID: 3bbd27b3dd7be4a74aeab8da6b0af5cc - Path: Packages/com.unity.multiplayer.center/CHANGELOG.md' with importer (TextScriptImporter)
Imported 'GUID: 3bbd27b3dd7be4a74aeab8da6b0af5cc' -> (Import Result ID: '8fd81c410944e5964d5f76ec322b6741') in 0.003 seconds [static dependencies only]. Details - ImportResultOutputID=b417cc241394cfbb33a1752f594fb22c DependenciesID=2d26517d560d8d7156f69d2bb0b456ed StaticDependenciesID=7450423b4735959a86c413a8a4c6d9b9 
Importing 'GUID: 4b518b37798c97b0f860962cbf615533 - Path: Packages/com.unity.modules.unitywebrequestaudio/package.json' with importer (PackageManifestImporter)
Imported 'GUID: 4b518b37798c97b0f860962cbf615533' -> (Import Result ID: 'df482174fbd19c87903e603c9e6ad934') in 0.003 seconds [static dependencies only]. Details - ImportResultOutputID=91f22434b9ab55a5c83f3c60940e8474 DependenciesID=e8d1f16f15fc7081c3251ac74a84f919 StaticDependenciesID=a3492277739ba1dccfc7f10390a8b9dc 
Importing 'GUID: 9b1a5759726ef9d39a0ab82047b615f1 - Path: Packages/com.unity.modules.hierarchycore/package.json' with importer (PackageManifestImporter)
Imported 'GUID: 9b1a5759726ef9d39a0ab82047b615f1' -> (Import Result ID: 'ee8ea21bd93292678a48ce4766c2e710') in 0.004 seconds [static dependencies only]. Details - ImportResultOutputID=1299c778185973c2d3f2bb276cd8d0e7 DependenciesID=98a21fad7d41971e4310fea91ae32714 StaticDependenciesID=9dcf09b82df3995db524b3ce8e7aa3f7 
Importing 'GUID: 2c814623cb42764d304be0c5ddd03ceb - Path: Packages/com.unity.modules.xr/package.json' with importer (PackageManifestImporter)
Imported 'GUID: 2c814623cb42764d304be0c5ddd03ceb' -> (Import Result ID: '85fdfa0e897fbed40d266d673eac89b4') in 0.003 seconds [static dependencies only]. Details - ImportResultOutputID=7f441ac2d6a687e067f2d83f9a07d6bb DependenciesID=38b7912d75c6f6fe69ccf76717f5873e StaticDependenciesID=cfddea70f917e548051eef47e704d41d 
Importing 'GUID: 4c413a81cadcce7038e446e56570117e - Path: Packages/com.unity.modules.adaptiveperformance/package.json' with importer (PackageManifestImporter)
Imported 'GUID: 4c413a81cadcce7038e446e56570117e' -> (Import Result ID: '38d5f13da591b075808a87bc993efbd1') in 0.003 seconds [static dependencies only]. Details - ImportResultOutputID=e58e4e674ae30d7b75f4a6d1a5cb9032 DependenciesID=60ce3f76dcff82bf9c2132bad61b1a2c StaticDependenciesID=f40caed91777ad0561bb48a11627df03 
Importing 'GUID: ec02776fe29df900b897106d61977735 - Path: Packages/com.unity.modules.director/package.json' with importer (PackageManifestImporter)
Imported 'GUID: ec02776fe29df900b897106d61977735' -> (Import Result ID: '45d2b7f78cc1413d0d66528a311c8e20') in 0.003 seconds [static dependencies only]. Details - ImportResultOutputID=d3cc052d8f895db30a66424de2b1783d DependenciesID=d4954ffd7d21b03c60ad292abc3cdc8a StaticDependenciesID=fe424b160d552a2d3c3d99e3e61f4ab8 
Importing 'GUID: 6d56244f8c39a851975d3c0bd432c66f - Path: Packages/com.unity.modules.terrain/package.json' with importer (PackageManifestImporter)
Imported 'GUID: 6d56244f8c39a851975d3c0bd432c66f' -> (Import Result ID: '3043b3f8745df379486354c3896f0cdb') in 0.004 seconds [static dependencies only]. Details - ImportResultOutputID=0147ed4a7bf27ee69660cd49b175a05f DependenciesID=d8bf239b38da7a5e1d23a9ddd0948469 StaticDependenciesID=68633397afc44d8ea348831b529962cf 
Importing 'GUID: bd1af0a6633ee94ae21c7d1d702cdc12 - Path: Packages/com.unity.modules.androidjni/package.json' with importer (PackageManifestImporter)
Imported 'GUID: bd1af0a6633ee94ae21c7d1d702cdc12' -> (Import Result ID: '47e61b584b54a72bb33013af8e45ab5b') in 0.003 seconds [static dependencies only]. Details - ImportResultOutputID=58196444acd2f5a146944d8272e88433 DependenciesID=f29be593000d6aa2e18e959769c62068 StaticDependenciesID=bf1ac858e7f20f8b2f2d85786b91e949 
Importing 'GUID: 7ef8348b8ea834d7e1bc214b07f7fb87 - Path: Packages/com.unity.modules.animation/package.json' with importer (PackageManifestImporter)
Imported 'GUID: 7ef8348b8ea834d7e1bc214b07f7fb87' -> (Import Result ID: 'e66ebcc0a773b806b6d5f36ceaa36060') in 0.003 seconds [static dependencies only]. Details - ImportResultOutputID=71365924848c115c14d4e8a430945e5d DependenciesID=d9b95bd7f4828077a7dd4323583ec0c4 StaticDependenciesID=7d3c24e24c75b94c5210b5cf3054341f 
Importing 'GUID: 3fdd83b151eb8d25c5e2f82fc39dcb04 - Path: Packages/com.unity.modules.unitywebrequest/package.json' with importer (PackageManifestImporter)
Imported 'GUID: 3fdd83b151eb8d25c5e2f82fc39dcb04' -> (Import Result ID: '856d04f0c98ca3317533eef24c427365') in 0.003 seconds [static dependencies only]. Details - ImportResultOutputID=609e642c4d5fd6e0b6d325d2f170eb1c DependenciesID=038fe96aff53d8d465856fc2b027013f StaticDependenciesID=6564a188256b4b690a91e3db8dba97c1 
Importing 'GUID: 4f0f9b9f3ed97ad2b9ba8f1a8e4666c2 - Path: Packages/com.unity.modules.uielements/package.json' with importer (PackageManifestImporter)
Imported 'GUID: 4f0f9b9f3ed97ad2b9ba8f1a8e4666c2' -> (Import Result ID: '55615d860fb8221f7ef0887079fe0769') in 0.003 seconds [static dependencies only]. Details - ImportResultOutputID=14c0f2b1b250cec076c4d9c62abdd5a9 DependenciesID=1764497eeef996436a7a3acca40ec6fd StaticDependenciesID=eb0365bf298ec1a4818b3ecd3fbf2b0f 
Importing 'GUID: bfd567a3d1631a761bca9e99fa53d86d - Path: Packages/com.unity.modules.ui/package.json' with importer (PackageManifestImporter)
Imported 'GUID: bfd567a3d1631a761bca9e99fa53d86d' -> (Import Result ID: '5476e87972b831b8580d17d936061bf6') in 0.003 seconds [static dependencies only]. Details - ImportResultOutputID=7bb9b76f93faf76244e454a1fca49870 DependenciesID=5672e654b1200575666ab69c28794a5b StaticDependenciesID=671879968490d6f3d4db40a6a6b1efd2 
Importing 'GUID: df0857f6a11054383be91b1f8e1b5800 - Path: Packages/com.unity.multiplayer.center/package.json' with importer (PackageManifestImporter)
Imported 'GUID: df0857f6a11054383be91b1f8e1b5800' -> (Import Result ID: '68732da28b5749eb303683d0c3afcf7b') in 0.003 seconds [static dependencies only]. Details - ImportResultOutputID=56cb21bd62786f0bf6019a6ac763d7f4 DependenciesID=0432ce4cfa352049b3c7cd022860e6a9 StaticDependenciesID=12d87b45b48c6bb9fdb06b81e254a891 
Importing 'GUID: f1ac2efb1bcd4dfd95dc196ed3c11367 - Path: Packages/com.unity.multiplayer.center/Editor/MultiplayerCenterWindow/UI/light.uss' with importer (ScriptedImporter : UnityEditor.CoreModule:UnityEditor.UIElements.StyleSheets:StyleSheetImporter)
Imported 'GUID: f1ac2efb1bcd4dfd95dc196ed3c11367' -> (Import Result ID: '4e90f364d8e721c230c62f816a864d10') in 0.092 seconds [static and dynamic dependencies]. Details - ImportResultOutputID=d933b28d171599f50d13b516109e7212 DependenciesID=c0f3fb547b7bf5536a5abde44f6f15d4 StaticDependenciesID=558b6037851f87ffee4dfb6859e95fab 
Importing 'GUID: 1984cd07fe96417f9e88f5771f6b4b32 - Path: Packages/com.unity.multiplayer.center/Editor/MultiplayerCenterWindow/UI/dark.uss' with importer (ScriptedImporter : UnityEditor.CoreModule:UnityEditor.UIElements.StyleSheets:StyleSheetImporter)
Imported 'GUID: 1984cd07fe96417f9e88f5771f6b4b32' -> (Import Result ID: 'bf013eb86ee85219cabf628ce10ec03c') in 0.010 seconds [static and dynamic dependencies]. Details - ImportResultOutputID=8be4503d52b62d7392027baec0ba5f8a DependenciesID=05b0e2f891d38e98bd84c54635f71472 StaticDependenciesID=214aaaf6c11bc344e91094caa7796589 
Importing 'GUID: bac00d6e07f0b4305bb395363c89d92b - Path: Packages/com.unity.multiplayer.center/Editor/MultiplayerCenterWindow/UI/MultiplayerCenterWindow.uss' with importer (ScriptedImporter : UnityEditor.CoreModule:UnityEditor.UIElements.StyleSheets:StyleSheetImporter)
Imported 'GUID: bac00d6e07f0b4305bb395363c89d92b' -> (Import Result ID: '0e4b24d59cb21f2d5818d3378278bee4') in 0.050 seconds [static and dynamic dependencies]. Details - ImportResultOutputID=d6dfc469da9a8ffbb556776434abd32e DependenciesID=d1bb7dbb82e2598b710bcda090186330 StaticDependenciesID=c67129531f3a5936bade2845c3208579 
Starting new worker id: 0 with log in E:/GameDev/ITCS-4236-5236-Group-5-Project/Logs/AssetImportWorkerHW0.log
Launched and connected shader compiler UnityShaderCompiler.exe after 0.10 seconds
Loading style catalogs (6)
	StyleSheets/Extensions/base/common.uss
	UIPackageResources/StyleSheets/Default/Variables/Public/common.uss
	StyleSheets/Northstar/common.uss
	StyleSheets/Extensions/fonts/inter.uss
	StyleSheets/Extensions/base/dark.uss
	UIPackageResources/StyleSheets/Default/Northstar/Palette/dark.uss
Worker ready: AssetImportWorkerHW0 0

Asset Pipeline Refresh (id=1c812e2a31094e642b99ea9ae346ad4f): Total: 49.365 seconds - Initiated by InitialRefreshV2(ForceSynchronousImport)
	(Values over 0.05ms)
	Summary:
		Imports: total=194 (actual=194, local cache=0, cache server=0)
		Asset DB Process Time: managed=26 ms, native=2933 ms
		Asset DB Callback time: managed=277 ms, native=20195 ms
		Scripting: domain reloads=1, domain reload time=1032 ms, compile time=24890 ms, other=9 ms
		Project Asset Count: scripts=113, non-scripts=81
		Asset File Changes: new=256, changed=256, moved=0, deleted=0
		Scan Filter Count: 0
	InvokePackagesCallback: 17518.192ms
	ApplyChangesToAssetFolders: 0.988ms
	Scan: 396.829ms
	Collect global state as custom dependencies: 27.350ms
	OnSourceAssetsModified: 2.808ms
	CategorizeScriptCompilationAssets: 0.971ms
	ProcessAssetsWithTransientArtifactChanges: 1.177ms
	CategorizeAssets: 2.022ms
	CompileScripts: 24890.358ms
	ImportOutOfDateAssets: 2305.521ms (766.120ms without children)
		ImportManagerImport: 1525.581ms (439.805ms without children)
			UpdateCategorizedAssets: 0.591ms
		UnloadImportedAssets: 0.149ms
		ReloadImportedAssets: 0.060ms
		EnsureUptoDateAssetsAreRegisteredWithGuidPM: 0.057ms
		ImportSchedulerStart: 13.611ms
	PostProcessAllAssets: 2943.370ms
		VersionControlSettings.HiddenFilePostprocess 1.223ms
		AssemblyValidation.PostprocessAllAssets 1.154ms
		ShaderAssetModifiedCallback 1.138ms
		PostProcessCallbackCreateDeferredMaterials 1.129ms
		RaytracingShaderImportPostprocess 0.815ms
		ComputeShaderImportPostprocess 0.693ms
		LocalizationDatabase.AssetDatabasePostprocessCallback 0.437ms
		SpeedTreeImporter.PostprocessAllAssets 0.222ms
		BlockShaderImporter.PostprocessAllAssets 0.218ms
		MonoPostProcessAllAssets: 274.605ms
			StyleCatalogPostProcessor.OnPostprocessAllAssets 190.506ms
			WindowAssetPostprocessingWatcher.OnPostprocessAllAssets 26.868ms
			AssetPostprocessor.OnPostprocessAllAssets 13.761ms
			AssetChangedListener.OnPostprocessAllAssets 9.034ms
			BuilderAssetPostprocessor.OnPostprocessAllAssets 6.703ms
			TextAssetPostProcessor.OnPostprocessAllAssets 3.752ms
			RetainedModeAssetPostprocessor.OnPostprocessAllAssets 2.214ms
			SyncVS.PostprocessSyncProject 1.760ms
			SpeedTree9Postprocessor.OnPostprocessAllAssets 1.452ms
			EditModeScopePostprocessor.OnPostprocessAllAssets 1.074ms
			ArtifactBrowserPostProcessor.OnPostprocessAllAssets 0.609ms
			ReferencedClipsPostProcessor.OnPostprocessAllAssets 0.406ms
			AssetEvents.OnPostprocessAllAssets 0.376ms
			AudioMixerPostprocessor.OnPostprocessAllAssets 0.344ms
			TerrainToolbarOverlayPostProcessor.OnPostprocessAllAssets 0.321ms
			SpeedTreePostProcessor.OnPostprocessAllAssets 0.225ms
			AssetDatabaseCallbacks.OnPostprocessAllAssets 0.176ms
			ConfigAssetsTracker.OnPostprocessAllAssets 0.164ms
			ScenarioDriftAssetsTracker.OnPostprocessAllAssets 0.151ms
			RenderPipelineGlobalSettingsPostprocessor.OnPostprocessAllAssets 0.129ms
			AudioContainerPostProcessor.OnPostprocessAllAssets 0.091ms
	PostAssetChangesProfiler: 19.440ms
	UnloadStreamsBegin: 4.151ms
	PersistCurrentRevisions: 0.436ms
	GenerateScriptTypeHashes: 0.139ms
	GenerateScriptTypeSerializationHashes: 0.323ms
	Untracked: 1191.888ms

Application.AssetDatabase Initial Refresh End
Scanning for USB devices : 4.812ms
AcceleratorClientConnectionCallback - disconnected - :0
Importing 'GUID: 00000000000000004000000000000000 - Path: ProjectSettings/ProjectSettings.asset' with importer (LibraryAssetImporter)
Imported 'GUID: 00000000000000004000000000000000' -> (Import Result ID: 'd1452fc28cc342a054eb78cc3742bf10') in 0.001 seconds [static dependencies only]. Details - ImportResultOutputID=276a810dac73e1f29404d5e5f692e214 DependenciesID=a78a7a24878f815981692abb9cc25004 StaticDependenciesID=f4be24db391bbb110020d0e337a0c3dd 
Asset Pipeline Refresh (id=5d9999947f4e8b4498688fd97367aa10): Total: 0.031 seconds - Initiated by StopAssetImportingV2(NoUpdateAssetOptions)
Initializing Unity extensions:
[MODES] ModeService[none].Initialize
[MODES] ModeService[none].LoadModes
[MODES] Loading mode Default (0) for mode-current-id-ITCS-4236-5236-Group-5-Project
[Licensing::Client] Successfully resolved entitlement details
[Licensing::Client] Successfully resolved entitlement details
[Licensing::Client] Successfully resolved entitlement details
Unloading 2 Unused Serialized files (Serialized files now loaded: 0)
Unloading 76 unused Assets / (0.5 MB). Loaded Objects now: 764.
Memory consumption went from 217.3 MB to 216.7 MB.
Total: 32.385900 ms (FindLiveObjects: 0.178800 ms CreateObjectMapping: 0.062400 ms MarkObjects: 31.205700 ms  DeleteObjects: 0.918900 ms)

[LAYOUT] About to load C:/Users/chris/AppData/Roaming/Unity/Editor-5.x/Preferences\Layouts\current\default-6000.dwlt, keepMainWindow=False
[LAYOUT] About to save layout E:\GameDev\ITCS-4236-5236-Group-5-Project\UserSettings\Layouts\default-6000.dwlt
[LAYOUT] About to save layout C:/Users/chris/AppData/Roaming/Unity/Editor-5.x/Preferences\Layouts\current\default-6000.dwlt
[MODES] ModeService[default].InitializeCurrentMode
[MODES] ModeService[default].RaiseModeChanged(default, default)
This project uses Input Manager, which is marked for deprecation. To manage input in your project, use the <a href="https://docs.unity3d.com/Packages/com.unity.inputsystem@latest">Input System package</a> instead.
<RI> Initializing input.
<RI> Input initialized.
[Project] Loading completed in 91.740 seconds
	Project init time: 				82.106 seconds
		Template init time: 		0.000 seconds
		Package Manager init time: 		0.783 seconds
		Asset Database init time: 		9.800 seconds
		Global illumination init time: 	0.092 seconds
		Assemblies load time: 			18.645 seconds
		Unity extensions init time: 	0.001 seconds
		Asset Database refresh time: 	49.365 seconds
	Scene opening time: 			9.439 seconds
##utp:{"type":"ProjectInfo","version":2,"phase":"Immediate","time":1790690215567,"processId":5776,"projectLoad":91.73959219999999,"projectInit":82.1063631,"templateInit":0.0,"packageManagerInit":0.7826664,"assetDatabaseInit":9.8000564,"globalIlluminationInit":0.0915198,"assembliesLoad":18.6454522,"unityExtensionsInit":0.0006771,"assetDatabaseRefresh":49.3649159,"sceneOpening":9.4386881}
##utp:{"type":"EditorInfo","version":2,"phase":"Immediate","time":1790690215567,"processId":5776,"editorVersion":"6000.5.3f1 (c2eb47b3a2a9)","branch":"6000.5/staging","buildType":"Release","platform":"Windows"}
Asset Pipeline Refresh (id=5a6b1ab801370a049b5dbb071fd4f990): Total: 0.021 seconds - Initiated by RefreshV2(AllowForceSynchronousImport)
Launched and connected shader compiler UnityShaderCompiler.exe after 0.01 seconds
Launched and connected shader compiler UnityShaderCompiler.exe after 0.01 seconds
[Licensing::Client] Successfully resolved entitlement details
[MODES] ModeService[default].LoadModes
[Licensing::Client] Successfully resolved entitlement details
Dynamic Batching is deprecated and will be removed in a future release. Use GPU Instancing instead. Disable Dynamic Batching in Project Settings > Player > Other Settings to remove this warning.
UnityEngine.Debug:ExtractStackTraceNoAlloc (byte*,int,string)
UnityEngine.StackTraceUtility:ExtractStackTrace ()
UnityEngine.DebugLogHandler:Internal_Log (UnityEngine.LogType,UnityEngine.LogOption,string,UnityEngine.Object)
UnityEngine.DebugLogHandler:LogFormat (UnityEngine.LogType,UnityEngine.Object,string,object[])
UnityEngine.Logger:Log (UnityEngine.LogType,object)
UnityEngine.Debug:LogWarning (object)
UnityEditor.PlayerSettingsBatchingWarning:WarnIfDynamicBatchingEnabled ()
UnityEditor.EditorApplication:Internal_CallUpdateFunctions ()

Start Indexing on Editor startup
[Indexing] Starting Initial Indexing for Assets
Created GICache directory at C:/Users/chris/AppData/LocalLow/Unity/Caches/GiCache. Took: 0.069s, timestamps: [96.423 - 96.492]
Starting new worker id: 1 with log in E:/GameDev/ITCS-4236-5236-Group-5-Project/Logs/AssetImportWorkerHW1.log
[Licensing::Client] Successfully resolved entitlement details
[Licensing::Client] Successfully resolved entitlement details
[Licensing::Client] Successfully updated the access token
[Licensing::Module] Successfully updated access token: "Mbow4WGq"... (expires: 2026-09-29T15:53:45Z)
[Worker0] Imported GUID: 23032f4383e95e772bce465c5896d0fd - Path: Packages/com.unity.modules.terrain/package.ModuleCompilationTrigger - Importer: ScriptedImporter/UnityEditor.QuickSearchModule:UnityEditor.Search:ASIAI0B -> (ImportResultId: '34bb1da56544015ce21157ddf88be3e5') in 0.4346322 seconds
[Worker0] Imported GUID: 8a752aaaadd2410dd9a84e01c1bace9f - Path: Packages/com.unity.modules.uielements/package.ModuleCompilationTrigger - Importer: ScriptedImporter/UnityEditor.QuickSearchModule:UnityEditor.Search:ASIAI0B -> (ImportResultId: 'c1865d53b776ef46508a3071adb89c73') in 0.008633 seconds
[Worker0] Imported GUID: 54407f5deee4439eb1885bee01956e9c - Path: Packages/com.unity.multiplayer.center/Editor/Analytics/AnalyticsUtils.cs - Importer: ScriptedImporter/UnityEditor.QuickSearchModule:UnityEditor.Search:ASIAI0B -> (ImportResultId: '6ff114bbd08cf1d0864411831320b31b') in 0.0390096 seconds
[Worker0] Imported GUID: 1bd8e2f47a6c4478ab8f0ade7687e79b - Path: Packages/com.unity.multiplayer.center/Common/IOnboardingSection.cs - Importer: ScriptedImporter/UnityEditor.QuickSearchModule:UnityEditor.Search:ASIAI0B -> (ImportResultId: 'f27653d02dcd2c4ac7e54cf0402aec57') in 0.0055185 seconds
[Worker0] Imported GUID: be13c398521e3c1ad21fb9da30ab2ab6 - Path: Packages/com.unity.modules.imgui/package.ModuleCompilationTrigger - Importer: ScriptedImporter/UnityEditor.QuickSearchModule:UnityEditor.Search:ASIAI0B -> (ImportResultId: '3a1f704531c61cea327fb57726fb6132') in 0.0049659 seconds
[Worker0] Imported GUID: 6d56244f8c39a851975d3c0bd432c66f - Path: Packages/com.unity.modules.terrain/package.json - Importer: ScriptedImporter/UnityEditor.QuickSearchModule:UnityEditor.Search:ASIAI0B -> (ImportResultId: '5a5a8332fe648c254cd345de8df41a0c') in 0.0061483 seconds
[Worker0] Imported GUID: 4f0f9b9f3ed97ad2b9ba8f1a8e4666c2 - Path: Packages/com.unity.modules.uielements/package.json - Importer: ScriptedImporter/UnityEditor.QuickSearchModule:UnityEditor.Search:ASIAI0B -> (ImportResultId: 'f1fc2e4c329ca289e580cd57efdd1025') in 0.005724 seconds
[Worker0] Imported GUID: 833328f3bcf144cc94f92e286e86b427 - Path: Packages/com.unity.multiplayer.center/Common/IOnboardingSectionAnalyticsProvider.cs - Importer: ScriptedImporter/UnityEditor.QuickSearchModule:UnityEditor.Search:ASIAI0B -> (ImportResultId: '7aa4a99b5239f8884c765ac962957c1b') in 0.0065166 seconds
[Worker0] Imported GUID: 222fc39b0c85d800342910da2cd64781 - Path: Packages/com.unity.modules.assetbundle/package.ModuleCompilationTrigger - Importer: ScriptedImporter/UnityEditor.QuickSearchModule:UnityEditor.Search:ASIAI0B -> (ImportResultId: 'cb8936c5b36d4b1e80ade845b3dc59fe') in 0.0057773 seconds
[Worker0] Imported GUID: e1ef8466c8fd01a549f10baa4d51fa17 - Path: Packages/com.unity.modules.assetbundle/package.json - Importer: ScriptedImporter/UnityEditor.QuickSearchModule:UnityEditor.Search:ASIAI0B -> (ImportResultId: 'de136e14a9fda0eaa4797480ba074e19') in 0.0061968 seconds
[Worker0] Imported GUID: e9df95f53f1c1d0c9199e235d6c42b50 - Path: Packages/com.unity.modules.audio/package.json - Importer: ScriptedImporter/UnityEditor.QuickSearchModule:UnityEditor.Search:ASIAI0B -> (ImportResultId: 'a4eabb875f9d8dadbe65139f69aa0e8e') in 0.0070704 seconds
[Worker0] Imported GUID: 2c814623cb42764d304be0c5ddd03ceb - Path: Packages/com.unity.modules.xr/package.json - Importer: ScriptedImporter/UnityEditor.QuickSearchModule:UnityEditor.Search:ASIAI0B -> (ImportResultId: 'a2e8aefb0daea4caa5edbddddfc1fd0a') in 0.0076441 seconds
[Worker0] Imported GUID: c359bcaf4a0bc4040aac650bf14ec619 - Path: Packages/com.unity.multiplayer.center/README.md - Importer: ScriptedImporter/UnityEditor.QuickSearchModule:UnityEditor.Search:ASIAI0B -> (ImportResultId: 'e924c3cc54b9e9d73a952d7a55944d78') in 0.0087727 seconds
[Worker0] Imported GUID: 89b6d933e4994d0980f6b48dc2b8779c - Path: Packages/com.unity.multiplayer.center/Common/AnswerData.cs - Importer: ScriptedImporter/UnityEditor.QuickSearchModule:UnityEditor.Search:ASIAI0B -> (ImportResultId: '9b6525bd5e0ed083e545706eaa0c40b7') in 0.0050127 seconds
[Worker0] Imported GUID: 553737203d61a8109f9544a97201e1aa - Path: Packages/com.unity.modules.unitywebrequestaudio/package.ModuleCompilationTrigger - Importer: ScriptedImporter/UnityEditor.QuickSearchModule:UnityEditor.Search:ASIAI0B -> (ImportResultId: '8652c53c13ada29de3ae02a0cb8499bc') in 0.0166572 seconds
[Worker0] Imported GUID: 0a9ab22e4e004c7db707338bccb538b9 - Path: Packages/com.unity.multiplayer.center/Common/Preset.cs - Importer: ScriptedImporter/UnityEditor.QuickSearchModule:UnityEditor.Search:ASIAI0B -> (ImportResultId: 'a9edb2753005dc0f8d8cfc3183d55606') in 0.0058231 seconds
[Worker0] Imported GUID: 50d5ff9fe4ab4477b7ea648da183e9d1 - Path: Packages/com.unity.multiplayer.center/Common/StyleConstants.cs - Importer: ScriptedImporter/UnityEditor.QuickSearchModule:UnityEditor.Search:ASIAI0B -> (ImportResultId: '8152c292fe39d8be8335147f50482571') in 0.0060021 seconds
[Worker0] Imported GUID: c7a8b0317f4e68556d7509828e9e211e - Path: Packages/com.unity.modules.xr/package.ModuleCompilationTrigger - Importer: ScriptedImporter/UnityEditor.QuickSearchModule:UnityEditor.Search:ASIAI0B -> (ImportResultId: '4c3a8f2b6e56b88a504f7035f4917b10') in 0.004965 seconds
[Worker0] Imported GUID: 185e678d90804a8a85ab38276eca86fb - Path: Packages/com.unity.multiplayer.center/Editor/Analytics/MultiplayerCenterAnalytics.cs - Importer: ScriptedImporter/UnityEditor.QuickSearchModule:UnityEditor.Search:ASIAI0B -> (ImportResultId: 'bfbae8991e884a5b5d827d17afdb7dd0') in 0.0049827 seconds
[Worker0] Imported GUID: 70554f6c9e4114e1084bb38f9ea400ce - Path: Packages/com.unity.multiplayer.center/LICENSE.md - Importer: ScriptedImporter/UnityEditor.QuickSearchModule:UnityEditor.Search:ASIAI0B -> (ImportResultId: '0ff4402274eedd5a81956394ad4fbc38') in 0.0058575 seconds
[Worker0] Imported GUID: 80beef77cb19e713c7c2d481b65ed485 - Path: Packages/com.unity.modules.screencapture/package.json - Importer: ScriptedImporter/UnityEditor.QuickSearchModule:UnityEditor.Search:ASIAI0B -> (ImportResultId: 'ce69cb5710e5caea705ff52a48ec8a16') in 0.005125 seconds
[Worker0] Imported GUID: df0857f6a11054383be91b1f8e1b5800 - Path: Packages/com.unity.multiplayer.center/package.json - Importer: ScriptedImporter/UnityEditor.QuickSearchModule:UnityEditor.Search:ASIAI0B -> (ImportResultId: 'adc95bb0b8c06af8e24806dc3ceb7a61') in 0.0088467 seconds
[Worker0] Imported GUID: be17709716f1648caa5de6d0c38103ed - Path: Packages/com.unity.multiplayer.center/Editor/Unity.Multiplayer.Center.Editor.asmdef - Importer: ScriptedImporter/UnityEditor.QuickSearchModule:UnityEditor.Search:ASIAI0B -> (ImportResultId: '1469aa378b074ecfdda1a922f4bbece3') in 0.0103342 seconds
[Worker0] Imported GUID: ae87256f29d9c8b50490f4caf75b2c41 - Path: Packages/com.unity.modules.unitywebrequestwww/package.ModuleCompilationTrigger - Importer: ScriptedImporter/UnityEditor.QuickSearchModule:UnityEditor.Search:ASIAI0B -> (ImportResultId: '5d63faba3571521ded662eb1a1ae2dd8') in 0.0066347 seconds
[Worker0] Imported GUID: 676a3852811f4199813ce7f6dbac6880 - Path: Packages/com.unity.multiplayer.center/Editor/Features/PackageManagement.cs - Importer: ScriptedImporter/UnityEditor.QuickSearchModule:UnityEditor.Search:ASIAI0B -> (ImportResultId: 'a5d6d9767a49982b0bdccb40561d1426') in 0.0050847 seconds
[Worker0] Imported GUID: 052c764978664486a9c04518899ddf57 - Path: Packages/com.unity.multiplayer.center/Editor/MultiplayerCenterWindow/RecommendationTabView.cs - Importer: ScriptedImporter/UnityEditor.QuickSearchModule:UnityEditor.Search:ASIAI0B -> (ImportResultId: '05355bb40a13be6fb67cbed29e62d543') in 0.0063527 seconds
[Worker0] Imported GUID: a31a332ce3485f00f7df8d987302a29c - Path: Packages/com.unity.modules.unitywebrequesttexture/package.ModuleCompilationTrigger - Importer: ScriptedImporter/UnityEditor.QuickSearchModule:UnityEditor.Search:ASIAI0B -> (ImportResultId: '96557ebb2b3c3251a1c98af90c482127') in 0.0049367 seconds
[Worker0] Imported GUID: d1084186a4004823abee9b87c8ddf198 - Path: Packages/com.unity.multiplayer.center/Editor/MultiplayerCenterWindow/RecommendationViewBottomBar.cs - Importer: ScriptedImporter/UnityEditor.QuickSearchModule:UnityEditor.Search:ASIAI0B -> (ImportResultId: 'f691895cadedbeb9a0be1d922f7b5070') in 0.0050751 seconds
[Worker0] Imported GUID: d85e5eeaf8f135aeaaebdc8aa3cff6c3 - Path: Packages/com.unity.modules.umbra/package.json - Importer: ScriptedImporter/UnityEditor.QuickSearchModule:UnityEditor.Search:ASIAI0B -> (ImportResultId: 'f048bd58ba37c03531a1f25e986ffc31') in 0.0062755 seconds
[Worker0] Imported GUID: 84abd2ab34a74600a33a3bb9d72859fe - Path: Packages/com.unity.multiplayer.center/Common/Unity.Multiplayer.Center.Common.asmdef - Importer: ScriptedImporter/UnityEditor.QuickSearchModule:UnityEditor.Search:ASIAI0B -> (ImportResultId: '09bc63e8944a615fa1bb937c24b0733f') in 0.0056032 seconds
[Worker0] Imported GUID: 4b518b37798c97b0f860962cbf615533 - Path: Packages/com.unity.modules.unitywebrequestaudio/package.json - Importer: ScriptedImporter/UnityEditor.QuickSearchModule:UnityEditor.Search:ASIAI0B -> (ImportResultId: 'aff7bc058665c27f3ed46e90b5f045a6') in 0.0071795 seconds
[Worker0] Imported GUID: ec737041edec4a5b93f7953a6ffe9f06 - Path: Packages/com.unity.multiplayer.center/Common/SelectedSolutionsData.cs - Importer: ScriptedImporter/UnityEditor.QuickSearchModule:UnityEditor.Search:ASIAI0B -> (ImportResultId: '225584180bf008812825cc323baf825a') in 0.0055667 seconds
[Worker0] Imported GUID: b5930dbc378b45d406aeb881f06b6dfa - Path: Packages/com.unity.modules.physicscore2d/package.json - Importer: ScriptedImporter/UnityEditor.QuickSearchModule:UnityEditor.Search:ASIAI0B -> (ImportResultId: '6e0205801cccaf895551e6d22783b5fb') in 0.0062959 seconds
[Worker0] Imported GUID: a1c42005fe7c5d78585a77ce396a5eea - Path: Packages/com.unity.modules.tilemap/package.ModuleCompilationTrigger - Importer: ScriptedImporter/UnityEditor.QuickSearchModule:UnityEditor.Search:ASIAI0B -> (ImportResultId: 'f8dbb2a8812e8e6696c3f67eaa546cc5') in 0.0048298 seconds
[Worker0] Imported GUID: e9faa4a7023c43c5805642250c703f48 - Path: Packages/com.unity.multiplayer.center/Editor/Analytics/OnboardingSectionAnalyticsProvider.cs - Importer: ScriptedImporter/UnityEditor.QuickSearchModule:UnityEditor.Search:ASIAI0B -> (ImportResultId: 'b9a5b6a0fb42b9c6628e68c1359ada5d') in 0.0054449 seconds
[Worker0] Imported GUID: fcbb62ff857b4cf49e74f5f9aca6e8d6 - Path: Packages/com.unity.multiplayer.center/Editor/OnBoarding/SectionsFinder.cs - Importer: ScriptedImporter/UnityEditor.QuickSearchModule:UnityEditor.Search:ASIAI0B -> (ImportResultId: 'f5068ba60c59fd6316cab2a039eb37ab') in 0.0056272 seconds
[Worker0] Imported GUID: cbb1a39d56ce4d9ac1a46ac505893fa7 - Path: Packages/com.unity.modules.terrainphysics/package.ModuleCompilationTrigger - Importer: ScriptedImporter/UnityEditor.QuickSearchModule:UnityEditor.Search:ASIAI0B -> (ImportResultId: '7e2f0304db3cf89c56537ebe0bcaf82f') in 0.00558 seconds
[Worker0] Imported GUID: cd561f5f687aed43bf280c27a84f79e3 - Path: Packages/com.unity.modules.screencapture/package.ModuleCompilationTrigger - Importer: ScriptedImporter/UnityEditor.QuickSearchModule:UnityEditor.Search:ASIAI0B -> (ImportResultId: 'bb0198b976ef1c393b28b8ccd42d44af') in 0.0049704 seconds
[Worker0] Imported GUID: 1b6246f2248883964991eac9e9b4817c - Path: Packages/com.unity.modules.umbra/package.ModuleCompilationTrigger - Importer: ScriptedImporter/UnityEditor.QuickSearchModule:UnityEditor.Search:ASIAI0B -> (ImportResultId: '684b1b1d1bbc98e11bf2a7479a129d40') in 0.0053865 seconds
[Worker0] Imported GUID: c8f6fa942856442b8bd72594d3ce7363 - Path: Packages/com.unity.multiplayer.center/Third Party Notices.md - Importer: ScriptedImporter/UnityEditor.QuickSearchModule:UnityEditor.Search:ASIAI0B -> (ImportResultId: 'a972ff850b04780cc650c3b9985240a4') in 0.0061993 seconds
[Worker0] Imported GUID: 40bf3cec17fa0b49fe04443c8332d638 - Path: Packages/com.unity.modules.jsonserialize/package.json - Importer: ScriptedImporter/UnityEditor.QuickSearchModule:UnityEditor.Search:ASIAI0B -> (ImportResultId: 'f5b853a62741578f109a7bdb2758f4d7') in 0.0046188 seconds
[Worker0] Imported GUID: 042dc296246916648e55a43d0eeb2036 - Path: Packages/com.unity.modules.audio/package.ModuleCompilationTrigger - Importer: ScriptedImporter/UnityEditor.QuickSearchModule:UnityEditor.Search:ASIAI0B -> (ImportResultId: '8ca3a025b995139e0eef86a6ea7f63e5') in 0.021922 seconds
[Worker0] Imported GUID: d3cbe921f7b3d9a3257e7c61a5761796 - Path: Packages/com.unity.modules.terrainphysics/package.json - Importer: ScriptedImporter/UnityEditor.QuickSearchModule:UnityEditor.Search:ASIAI0B -> (ImportResultId: '27e6431d2265ef483fad13b2c5f38ddc') in 0.0058718 seconds
[Worker0] Imported GUID: 14e86f88e9a8c9c448d7e7df92f2aeec - Path: Packages/com.unity.modules.physicscore2d/package.ModuleCompilationTrigger - Importer: ScriptedImporter/UnityEditor.QuickSearchModule:UnityEditor.Search:ASIAI0B -> (ImportResultId: '79e83dd53057468e0439ef725bb48d90') in 0.0041922 seconds
[Worker0] Imported GUID: 51566b3736df4282bbe76645014b0cc5 - Path: Packages/com.unity.multiplayer.center/Editor/AssemblyInfo.cs - Importer: ScriptedImporter/UnityEditor.QuickSearchModule:UnityEditor.Search:ASIAI0B -> (ImportResultId: '863fa32e82c17753619bf195e407dcfd') in 0.0072869 seconds
[Worker0] Imported GUID: 4cee1dc929764056ac40ece91efef712 - Path: Packages/com.unity.multiplayer.center/Editor/Analytics/AnalyticsData.cs - Importer: ScriptedImporter/UnityEditor.QuickSearchModule:UnityEditor.Search:ASIAI0B -> (ImportResultId: '2efefe078d8d42f83396207cdca1fc40') in 0.0043823 seconds
[Worker0] Imported GUID: d0e3ad91972c66f5238f5b9b7d5ae58a - Path: Packages/com.unity.modules.unitywebrequesttexture/package.json - Importer: ScriptedImporter/UnityEditor.QuickSearchModule:UnityEditor.Search:ASIAI0B -> (ImportResultId: '570eab62e00c3fce9b426054b99894cf') in 0.0049177 seconds
[Worker0] Imported GUID: 3bbd27b3dd7be4a74aeab8da6b0af5cc - Path: Packages/com.unity.multiplayer.center/CHANGELOG.md - Importer: ScriptedImporter/UnityEditor.QuickSearchModule:UnityEditor.Search:ASIAI0B -> (ImportResultId: '159abd86b5cb92860c0de01e36c52eca') in 0.0067496 seconds
[Worker0] Imported GUID: 42fe78c8fe682715a2cb531422e6ccb3 - Path: Packages/com.unity.modules.imgui/package.json - Importer: ScriptedImporter/UnityEditor.QuickSearchModule:UnityEditor.Search:ASIAI0B -> (ImportResultId: '19c9d5fec434f4ec947535abe800c76c') in 0.0053147 seconds
[Worker0] Imported GUID: dd20f32039084a12a8e48dffd4d58f48 - Path: Packages/com.unity.multiplayer.center/Editor/Analytics/DebugAnalytics.cs - Importer: ScriptedImporter/UnityEditor.QuickSearchModule:UnityEditor.Search:ASIAI0B -> (ImportResultId: '41a06abc64a2a4407afaa4df7c12ce10') in 0.0068204 seconds
[Worker0] Imported GUID: e6a135e3ea9cb46795d1b0e05ac3e1e5 - Path: Packages/com.unity.modules.jsonserialize/package.ModuleCompilationTrigger - Importer: ScriptedImporter/UnityEditor.QuickSearchModule:UnityEditor.Search:ASIAI0B -> (ImportResultId: 'd57abb09e1be91f096588f25be863acb') in 0.0072719 seconds
[Worker0] Imported GUID: 71136fc5cf34f2cc10be0e33c0b08019 - Path: Packages/com.unity.modules.unityanalytics/package.ModuleCompilationTrigger - Importer: ScriptedImporter/UnityEditor.QuickSearchModule:UnityEditor.Search:ASIAI0B -> (ImportResultId: '2654703910bd61433299f9b97c6d7c49') in 0.004731 seconds
[Worker0] Imported GUID: 8bce0b24c28e45d884acfcf49a3b8945 - Path: Packages/com.unity.multiplayer.center/Editor/Analytics/MultiplayerCenterAnalyticsFactory.cs - Importer: ScriptedImporter/UnityEditor.QuickSearchModule:UnityEditor.Search:ASIAI0B -> (ImportResultId: '9025963e1b8e455b1232cbe4730d2d2f') in 0.0057377 seconds
[Worker0] Imported GUID: fa27413e9edb06a6058d6c894eca0338 - Path: Packages/com.unity.modules.unitywebrequestwww/package.json - Importer: ScriptedImporter/UnityEditor.QuickSearchModule:UnityEditor.Search:ASIAI0B -> (ImportResultId: '499ca9b32598bee6f3976a9fb126d746') in 0.0049485 seconds
[Worker0] Imported GUID: d2c2caab1f2642afa6c07dec054fd34f - Path: Packages/com.unity.multiplayer.center/Editor/OnBoarding/GettingStartedTabView.cs - Importer: ScriptedImporter/UnityEditor.QuickSearchModule:UnityEditor.Search:ASIAI0B -> (ImportResultId: '6f5debc6919f0af71481b2fa2e57c263') in 0.0056088 seconds
[Worker0] Imported GUID: 322b0121d39f45208a3d933e6926a9d8 - Path: Packages/com.unity.multiplayer.center/Editor/OnBoarding/QuickstartPackageHandling.cs - Importer: ScriptedImporter/UnityEditor.QuickSearchModule:UnityEditor.Search:ASIAI0B -> (ImportResultId: 'f5f6fc8be5ee1d0e29cfb68245fe2f57') in 0.0086338 seconds
[Worker0] Imported GUID: 26a4f29db434fd79025c91f6126382cc - Path: Packages/com.unity.modules.unityanalytics/package.json - Importer: ScriptedImporter/UnityEditor.QuickSearchModule:UnityEditor.Search:ASIAI0B -> (ImportResultId: '483164a2ae0759cbadfb74c7a3185c54') in 0.0547122 seconds
[Worker0] Imported GUID: 7e006510f5f4425ca971c7de0bfbb77a - Path: Packages/com.unity.multiplayer.center/Editor/MultiplayerCenterWindow/MultiplayerCenterWindow.cs - Importer: ScriptedImporter/UnityEditor.QuickSearchModule:UnityEditor.Search:ASIAI0B -> (ImportResultId: '4a16595546fe44ef063f5881809cf406') in 0.004328 seconds
[Worker0] Imported GUID: fdefed6b790f4373b0feb7d25854d8ac - Path: Packages/com.unity.multiplayer.center/Editor/MultiplayerCenterWindow/TabGroup.cs - Importer: ScriptedImporter/UnityEditor.QuickSearchModule:UnityEditor.Search:ASIAI0B -> (ImportResultId: '4aad4e388ee11cba6cc1621ae6abead1') in 0.0067153 seconds
[Worker0] Imported GUID: 92a378669877c05c6071d0fed687bb95 - Path: Packages/com.unity.modules.tilemap/package.json - Importer: ScriptedImporter/UnityEditor.QuickSearchModule:UnityEditor.Search:ASIAI0B -> (ImportResultId: 'f1ee71efc20bf45a9e5c0b2e00f00825') in 0.0061722 seconds
[Worker0] Imported GUID: 157e1606dfbd48dda6f01acbf49435b0 - Path: Packages/com.unity.multiplayer.center/Editor/MultiplayerCenterWindow/UI/QuestionSection.cs - Importer: ScriptedImporter/UnityEditor.QuickSearchModule:UnityEditor.Search:ASIAI0B -> (ImportResultId: '4a9b43fe8dc68911c244dafd786210a5') in 0.004914 seconds
[Worker0] Imported GUID: 525a6cca8dd9a4d28875a8fe824710d9 - Path: Packages/com.unity.multiplayer.center/Editor/MultiplayerCenterWindow/UI/Icons/d_Package.png - Importer: ScriptedImporter/UnityEditor.QuickSearchModule:UnityEditor.Search:ASIAI0B -> (ImportResultId: '77600613665e831d3ab5bbe24bb0a9f2') in 0.0804943 seconds
[Worker0] Imported GUID: ca560c7d2a0d4453a50ec4f704ce9ce1 - Path: Packages/com.unity.multiplayer.center/Tests/Editor/UtilsForRecommendationTests.cs - Importer: ScriptedImporter/UnityEditor.QuickSearchModule:UnityEditor.Search:ASIAI0B -> (ImportResultId: '266a27e7ee906e2e0bf9702f73632674') in 0.0050659 seconds
[Worker0] Imported GUID: 29cbd1c6a8c9419aac357b8d4edbdc84 - Path: Packages/com.unity.multiplayer.center/Tests/Editor/QuickstartTabTests.cs - Importer: ScriptedImporter/UnityEditor.QuickSearchModule:UnityEditor.Search:ASIAI0B -> (ImportResultId: '7c400886ba47730b7a8c1db9502f47bf') in 0.0050844 seconds
[Worker0] Imported GUID: 3595bcaa1af84e6d92e07f0258a4256c - Path: Packages/com.unity.multiplayer.center/Editor/Questionnaire/PresetData.cs - Importer: ScriptedImporter/UnityEditor.QuickSearchModule:UnityEditor.Search:ASIAI0B -> (ImportResultId: 'b318bf6c86a55157a4798268f5ff8a20') in 0.0060899 seconds
[Worker0] Imported GUID: dab91f148d99946e7b3c3a87ecf4b973 - Path: Packages/com.unity.multiplayer.center/Editor/MultiplayerCenterWindow/UI/Icons/d_Loading.png - Importer: ScriptedImporter/UnityEditor.QuickSearchModule:UnityEditor.Search:ASIAI0B -> (ImportResultId: '811b41153b643c12542a82195881f7e3') in 0.0131336 seconds
[Worker0] Imported GUID: cfc5ccd4416341629caf73dd3e318aac - Path: Packages/com.unity.multiplayer.center/Tests/Editor/UtilsForMultiplayerCenterTests.cs - Importer: ScriptedImporter/UnityEditor.QuickSearchModule:UnityEditor.Search:ASIAI0B -> (ImportResultId: '05b4ca7826644a36b708b1225a0d55ec') in 0.0063108 seconds
[Worker0] Imported GUID: 1c3db2c484234a94a19c3acdc2539575 - Path: Packages/com.unity.multiplayer.center/Editor/MultiplayerCenterWindow/UI/StyleClasses.cs - Importer: ScriptedImporter/UnityEditor.QuickSearchModule:UnityEditor.Search:ASIAI0B -> (ImportResultId: '37a3824a05aebeced2fb66bc413b0475') in 0.0048329 seconds
[Worker0] Imported GUID: ad1d29f4654194951a3c8bf507914d05 - Path: Packages/com.unity.multiplayer.center/Editor/MultiplayerCenterWindow/UI/Icons/CloudCode.png - Importer: ScriptedImporter/UnityEditor.QuickSearchModule:UnityEditor.Search:ASIAI0B -> (ImportResultId: 'a7ba305f9192e7f279bf88480b5a5a04') in 0.0125927 seconds
[Worker0] Imported GUID: f1ac2efb1bcd4dfd95dc196ed3c11367 - Path: Packages/com.unity.multiplayer.center/Editor/MultiplayerCenterWindow/UI/light.uss - Importer: ScriptedImporter/UnityEditor.QuickSearchModule:UnityEditor.Search:ASIAI0B -> (ImportResultId: 'dde157a0ce9a698a80375fc3520aff13') in 0.0385834 seconds
[Worker0] Imported GUID: d7711b0cc806d430b8a95f1e33ec3649 - Path: Packages/com.unity.multiplayer.center/Editor/MultiplayerCenterWindow/UI/Icons/CustomNetcode@2x.png - Importer: ScriptedImporter/UnityEditor.QuickSearchModule:UnityEditor.Search:ASIAI0B -> (ImportResultId: 'a873a0aca42df5f18a135b53decfe10c') in 0.0144967 seconds
[Worker0] Imported GUID: 7ca5cd79ef39442e599efb761abcbaac - Path: Packages/com.unity.multiplayer.center/Editor/Questionnaire/QuestionnaireData.cs - Importer: ScriptedImporter/UnityEditor.QuickSearchModule:UnityEditor.Search:ASIAI0B -> (ImportResultId: '7775567cb07db84944c68eb1436be7c0') in 0.0064412 seconds
[Worker0] Imported GUID: 787ec048daec145b580d1134da5dd278 - Path: Packages/com.unity.multiplayer.center/Tests/Editor/Unity.Multiplayer.Center.Editor.Tests.asmdef - Importer: ScriptedImporter/UnityEditor.QuickSearchModule:UnityEditor.Search:ASIAI0B -> (ImportResultId: '1d0da5c73ef4c548d8b505c0519c483a') in 0.0061135 seconds
[Worker0] Imported GUID: c2c1cf24bea5410ea530b2c8a875b293 - Path: Packages/com.unity.multiplayer.center/Tests/Editor/AnalyticsUtilsTests.cs - Importer: ScriptedImporter/UnityEditor.QuickSearchModule:UnityEditor.Search:ASIAI0B -> (ImportResultId: 'f8d73237bac107fabe6b9e12d8a444d2') in 0.0061529 seconds
[Worker0] Imported GUID: 0d9328c739784454ad03d404f395a0ab - Path: Packages/com.unity.multiplayer.center/Editor/MultiplayerCenterWindow/UI/ViewUtils.cs - Importer: ScriptedImporter/UnityEditor.QuickSearchModule:UnityEditor.Search:ASIAI0B -> (ImportResultId: 'd4c69c9d107223c5872cd3b338b52290') in 0.0053842 seconds
[Worker0] Imported GUID: 36b51591e13f48b5bed734724d149fb4 - Path: Packages/com.unity.multiplayer.center/Tests/Editor/RecommendationAnalyticsTests.cs - Importer: ScriptedImporter/UnityEditor.QuickSearchModule:UnityEditor.Search:ASIAI0B -> (ImportResultId: 'f8ab2c5f78083e5f7fbb0158bd9c3183') in 0.0050029 seconds
[Worker0] Imported GUID: 8110dd6ddbc04e58b50978562ce0c00a - Path: Packages/com.unity.multiplayer.center/Tests/Editor/ExpectedPresetRecommendations.cs - Importer: ScriptedImporter/UnityEditor.QuickSearchModule:UnityEditor.Search:ASIAI0B -> (ImportResultId: 'a38cad8a6a3ca6fd204f104414794f97') in 0.0045463 seconds
[Worker0] Imported GUID: 1b4c88814ec6241eb8e327515399c006 - Path: Packages/com.unity.multiplayer.center/Editor/MultiplayerCenterWindow/UI/Icons/d_PackageManager.png - Importer: ScriptedImporter/UnityEditor.QuickSearchModule:UnityEditor.Search:ASIAI0B -> (ImportResultId: 'f11e65e55896cfc88e187190e62f806c') in 0.0135116 seconds
[Worker0] Imported GUID: 6cfa81557736450abfb73264580451c1 - Path: Packages/com.unity.multiplayer.center/Tests/Editor/SectionHeaderTests.cs - Importer: ScriptedImporter/UnityEditor.QuickSearchModule:UnityEditor.Search:ASIAI0B -> (ImportResultId: '63167ae8c1b5f1232801faee2b9bcf4d') in 0.0062547 seconds
[Worker0] Imported GUID: 52a77c59214a4cb5a43fc7b0e097d832 - Path: Packages/com.unity.multiplayer.center/Editor/Recommendations/RecommendationUtils.cs - Importer: ScriptedImporter/UnityEditor.QuickSearchModule:UnityEditor.Search:ASIAI0B -> (ImportResultId: '0918424c5bf19faaed2ed4cc6985e4c2') in 0.0048009 seconds
[Worker0] Imported GUID: c3d3226643b94888b02e25de0a9de55f - Path: Packages/com.unity.multiplayer.center/Tests/Editor/UserVisibleTextTests.cs - Importer: ScriptedImporter/UnityEditor.QuickSearchModule:UnityEditor.Search:ASIAI0B -> (ImportResultId: '2fa98a555d08917b074bac59cf8e68fa') in 0.0072956 seconds
[Worker0] Imported GUID: a1c995459c0d418c88dd274e04840c5d - Path: Packages/com.unity.multiplayer.center/Editor/Recommendations/RecommenderSystem.cs - Importer: ScriptedImporter/UnityEditor.QuickSearchModule:UnityEditor.Search:ASIAI0B -> (ImportResultId: '3970978f3c96d3d3cb67707d27c4b7a6') in 0.0059497 seconds
[Worker0] Imported GUID: e4439b4b4bb24a5eb61c59c5a67aa5a0 - Path: Packages/com.unity.multiplayer.center/Editor/MultiplayerCenterWindow/UI/QuestionViewFactory.cs - Importer: ScriptedImporter/UnityEditor.QuickSearchModule:UnityEditor.Search:ASIAI0B -> (ImportResultId: 'a9f52bc027c98c5fe64b07bc065abfbb') in 0.0049565 seconds
[Worker0] Imported GUID: 38b78df4a34c94fa6a52c90239606ff1 - Path: Packages/com.unity.multiplayer.center/Editor/MultiplayerCenterWindow/UI/Icons/DedicatedServer@2x.png - Importer: ScriptedImporter/UnityEditor.QuickSearchModule:UnityEditor.Search:ASIAI0B -> (ImportResultId: '0c66b406eca35266808a2abc26f750b3') in 0.0170992 seconds
[Worker0] Imported GUID: 0ddc3b8a12c84454b04e4d6bdd88241c - Path: Packages/com.unity.multiplayer.center/Editor/Recommendations/RecommendationViewData.cs - Importer: ScriptedImporter/UnityEditor.QuickSearchModule:UnityEditor.Search:ASIAI0B -> (ImportResultId: '609c906a6adf58936aed6f3c1d42315a') in 0.0070441 seconds
[Worker0] Imported GUID: a23c0dd570fd44b57a03a8880002fcca - Path: Packages/com.unity.multiplayer.center/Editor/MultiplayerCenterWindow/UI/Icons/CloudCode@2x.png - Importer: ScriptedImporter/UnityEditor.QuickSearchModule:UnityEditor.Search:ASIAI0B -> (ImportResultId: '0dad306691fa8f3d28825b64516b7fc5') in 0.0172497 seconds
[Worker0] Imported GUID: 741761e72e6f24446bd8ba03ea3d0261 - Path: Packages/com.unity.multiplayer.center/Editor/MultiplayerCenterWindow/UI/Icons/d_Questionnaire.png - Importer: ScriptedImporter/UnityEditor.QuickSearchModule:UnityEditor.Search:ASIAI0B -> (ImportResultId: '54bc61fcb0da16084888931298fd7fbd') in 0.0141682 seconds
[Worker0] Imported GUID: d63245ece6d8f476c8c7ca24da9937f6 - Path: Packages/com.unity.multiplayer.center/Editor/MultiplayerCenterWindow/UI/Icons/DistributedAuthority.png - Importer: ScriptedImporter/UnityEditor.QuickSearchModule:UnityEditor.Search:ASIAI0B -> (ImportResultId: 'a22102410d7504c60d375b10ddd48cb8') in 0.0138689 seconds
[Worker0] Imported GUID: 3fe892784421e47f5aa40c2784a6cb3e - Path: Packages/com.unity.multiplayer.center/Editor/MultiplayerCenterWindow/UI/Icons/DedicatedServer.png - Importer: ScriptedImporter/UnityEditor.QuickSearchModule:UnityEditor.Search:ASIAI0B -> (ImportResultId: 'fdad4eaafc5fc3ab1ea0a57952c05991') in 0.0110101 seconds
[Worker0] Imported GUID: 29395f0639574c1fbc8b729aa257fb84 - Path: Packages/com.unity.multiplayer.center/Editor/MultiplayerCenterWindow/UI/Icons/d_Check.png - Importer: ScriptedImporter/UnityEditor.QuickSearchModule:UnityEditor.Search:ASIAI0B -> (ImportResultId: 'be9c9d6c9fd6e1de12eedf7ae620f32a') in 0.0147252 seconds
[Worker0] Imported GUID: a659150180ae3489ba41c71780ba3779 - Path: Packages/com.unity.multiplayer.center/Editor/Questionnaire/Questionnaire.questionnaire - Importer: ScriptedImporter/UnityEditor.QuickSearchModule:UnityEditor.Search:ASIAI0B -> (ImportResultId: '1435cc62b1aaf6a1324eeec3596f73e7') in 0.0048849 seconds
[Worker0] Imported GUID: b66d076cdcfe3b14388de66307a0e7ff - Path: Packages/com.unity.multiplayer.center/Editor/Recommendations/RecommendationData_6000.0.recommendations - Importer: ScriptedImporter/UnityEditor.QuickSearchModule:UnityEditor.Search:ASIAI0B -> (ImportResultId: '5ef2f6dc796ff61787ae4f80819c6e54') in 0.0093204 seconds
[Worker0] Imported GUID: c37c4c45cacc46edb43b8c32617b3e34 - Path: Packages/com.unity.multiplayer.center/Tests/Editor/UtilsForGettingStartedTabTests.cs - Importer: ScriptedImporter/UnityEditor.QuickSearchModule:UnityEditor.Search:ASIAI0B -> (ImportResultId: '784d056d93d1da1480e1c6d2702dc0a9') in 0.0115987 seconds
[Worker0] Imported GUID: 77be953cf28de42a4ad8532539fef3f5 - Path: Packages/com.unity.multiplayer.center/Editor/MultiplayerCenterWindow/UI/Icons/d_PackageInstalled.png - Importer: ScriptedImporter/UnityEditor.QuickSearchModule:UnityEditor.Search:ASIAI0B -> (ImportResultId: 'eb15943b2085248c214ae7a0d3a5cb61') in 0.0128573 seconds
[Worker0] Imported GUID: 38a11839c22b4e67aa2e508d906edf65 - Path: Packages/com.unity.multiplayer.center/Editor/Recommendations/RecommenderSystemData.cs - Importer: ScriptedImporter/UnityEditor.QuickSearchModule:UnityEditor.Search:ASIAI0B -> (ImportResultId: 'cfa73df54719fda2c4553fd286890978') in 0.0061107 seconds
[Worker0] Imported GUID: 5d117d33f89d41cd9123918383c9b981 - Path: Packages/com.unity.multiplayer.center/Editor/Questionnaire/QuestionnaireEditor.cs - Importer: ScriptedImporter/UnityEditor.QuickSearchModule:UnityEditor.Search:ASIAI0B -> (ImportResultId: '89ae1027e9a1a6b35533bab5b23ea544') in 0.0060761 seconds
[Worker0] Imported GUID: b46a48f780f84026b9d1e73ee1b0121d - Path: Packages/com.unity.multiplayer.center/Editor/Recommendations/RecommendationType.cs - Importer: ScriptedImporter/UnityEditor.QuickSearchModule:UnityEditor.Search:ASIAI0B -> (ImportResultId: 'f7872001de6fbbd6dd2e13a4dc84466d') in 0.0064622 seconds
[Worker0] Imported GUID: 0354877031b64465ea7e5cafea1a2653 - Path: Packages/com.unity.multiplayer.center/Editor/MultiplayerCenterWindow/UI/Icons/DistributedAuthority@2x.png - Importer: ScriptedImporter/UnityEditor.QuickSearchModule:UnityEditor.Search:ASIAI0B -> (ImportResultId: '394d972bce8e07a8aeb4cbd12b54581f') in 0.0182017 seconds
[Worker0] Imported GUID: 7456ea4ba2dcd48d3909b82e610f2048 - Path: Packages/com.unity.multiplayer.center/Tests/Runtime/PlaceholderTest.cs - Importer: ScriptedImporter/UnityEditor.QuickSearchModule:UnityEditor.Search:ASIAI0B -> (ImportResultId: '5e12bbc8a2b97ba4b0c60afb586f6000') in 0.005181 seconds
[Worker0] Imported GUID: 89ffa359141b49fea9bfa6a1db3b18be - Path: Packages/com.unity.multiplayer.center/Tests/Editor/AssemblyInfo.cs - Importer: ScriptedImporter/UnityEditor.QuickSearchModule:UnityEditor.Search:ASIAI0B -> (ImportResultId: '30ef317beb75fc555816a2d051d54770') in 0.0047449 seconds
[Worker0] Imported GUID: d9beb5106d424f23902054f76d4b673d - Path: Packages/com.unity.multiplayer.center/Editor/Questionnaire/Logic.cs - Importer: ScriptedImporter/UnityEditor.QuickSearchModule:UnityEditor.Search:ASIAI0B -> (ImportResultId: '06315c49bc30a0dbfe62beaf92fb128c') in 0.0044567 seconds
[Worker0] Imported GUID: 23342257960b4b618e6f7c444137663c - Path: Packages/com.unity.multiplayer.center/Editor/Recommendations/PreReleaseHandling.cs - Importer: ScriptedImporter/UnityEditor.QuickSearchModule:UnityEditor.Search:ASIAI0B -> (ImportResultId: '7fc334c3412bfdb300bc2240f5a2b0bf') in 0.0058042 seconds
[Worker0] Imported GUID: 15513aed5d41411c887ccfe14c103337 - Path: Packages/com.unity.multiplayer.center/Tests/Editor/UserChoicesMigrationTests.cs - Importer: ScriptedImporter/UnityEditor.QuickSearchModule:UnityEditor.Search:ASIAI0B -> (ImportResultId: 'cc1c0d86cfb66494d8eb8529dd015311') in 0.0051589 seconds
[Worker0] Imported GUID: f526d484b0c04a1896c469f31c713786 - Path: Packages/com.unity.multiplayer.center/Editor/Recommendations/Scoring.cs - Importer: ScriptedImporter/UnityEditor.QuickSearchModule:UnityEditor.Search:ASIAI0B -> (ImportResultId: '2bb1f98026636e04d9ab96701d50bda4') in 0.005077 seconds
[Worker0] Imported GUID: c3677cd9ede84e78b2fff6331c6301da - Path: Packages/com.unity.multiplayer.center/Editor/Questionnaire/QuestionnaireObject.cs - Importer: ScriptedImporter/UnityEditor.QuickSearchModule:UnityEditor.Search:ASIAI0B -> (ImportResultId: '4e7867c650c2db933a3bcfc24b700e8d') in 0.0063054 seconds
[Worker0] Imported GUID: 0efb92c924574ec59b71b9185a6ed8fb - Path: Packages/com.unity.multiplayer.center/Tests/Editor/RecommendationTests.cs - Importer: ScriptedImporter/UnityEditor.QuickSearchModule:UnityEditor.Search:ASIAI0B -> (ImportResultId: '9037d0f757c169151a9c6ee435101593') in 0.0042697 seconds
[Worker0] Imported GUID: 4f78a544322c742b89e63fb68557b1d2 - Path: Packages/com.unity.multiplayer.center/Editor/MultiplayerCenterWindow/UI/Icons/Check.png - Importer: ScriptedImporter/UnityEditor.QuickSearchModule:UnityEditor.Search:ASIAI0B -> (ImportResultId: '7a7a20fd7276468ea7d1f36dc1a39e7a') in 0.0133895 seconds
[Worker0] Imported GUID: 284da2a38ea043d69e1a38fd8a22bec9 - Path: Packages/com.unity.multiplayer.center/Tests/Editor/RecommenderSystemTests.cs - Importer: ScriptedImporter/UnityEditor.QuickSearchModule:UnityEditor.Search:ASIAI0B -> (ImportResultId: 'ee29e08b827fd7c8dcc80fb13ef9d321') in 0.0047655 seconds
[Worker0] Imported GUID: dce12af736e0a4a1ba35d6424f897dc9 - Path: Packages/com.unity.multiplayer.center/Editor/MultiplayerCenterWindow/UI/Icons/CustomNetcode.png - Importer: ScriptedImporter/UnityEditor.QuickSearchModule:UnityEditor.Search:ASIAI0B -> (ImportResultId: 'f471fa916314d29459485820897cd2f6') in 0.0141134 seconds
[Worker0] Imported GUID: b2ce704e56cc84fb3b347499263c6244 - Path: Packages/com.unity.multiplayer.center/Editor/MultiplayerCenterWindow/UI/Icons/ClientHosted.png - Importer: ScriptedImporter/UnityEditor.QuickSearchModule:UnityEditor.Search:ASIAI0B -> (ImportResultId: '1388f82bdab409d054dfb56ff37e0a5f') in 0.0120947 seconds
[Licensing::Client] Successfully resolved entitlement details
[Worker0] Imported GUID: bac00d6e07f0b4305bb395363c89d92b - Path: Packages/com.unity.multiplayer.center/Editor/MultiplayerCenterWindow/UI/MultiplayerCenterWindow.uss - Importer: ScriptedImporter/UnityEditor.QuickSearchModule:UnityEditor.Search:ASIAI0B -> (ImportResultId: '7db17daa62a904f21241f26fa8432f10') in 0.0242841 seconds
[Worker0] Imported GUID: b6a02e450cd04bb781e7728f2056251c - Path: Packages/com.unity.multiplayer.center/Editor/Recommendations/RecommenderSystemDataObject.cs - Importer: ScriptedImporter/UnityEditor.QuickSearchModule:UnityEditor.Search:ASIAI0B -> (ImportResultId: 'e80b4a822a05197ff28fd164999fb649') in 0.0044131 seconds
[Worker0] Imported GUID: a6fd0c627f5aa48fa81512221e70a11e - Path: Packages/com.unity.multiplayer.center/Editor/MultiplayerCenterWindow/UI/Icons/d_PackageManager@2x.png - Importer: ScriptedImporter/UnityEditor.QuickSearchModule:UnityEditor.Search:ASIAI0B -> (ImportResultId: 'c3b26ec8073cbc1ead4a2ba69d275964') in 0.0179055 seconds
[Worker0] Imported GUID: 2664430aff4254d79887d32c3fc1e221 - Path: Packages/com.unity.multiplayer.center/Tests/Runtime/Unity.Multiplayer.Center.Tests.asmdef - Importer: ScriptedImporter/UnityEditor.QuickSearchModule:UnityEditor.Search:ASIAI0B -> (ImportResultId: 'd88b957cf0b7acc09e221f1167092156') in 0.0078776 seconds
[Worker0] Imported GUID: 18cde282a8d045bf9d245fdcfaa7271b - Path: Packages/com.unity.multiplayer.center/Editor/Questionnaire/UserChoicesObject.cs - Importer: ScriptedImporter/UnityEditor.QuickSearchModule:UnityEditor.Search:ASIAI0B -> (ImportResultId: 'ffbda3ce708203ad43c6d46c9bddcaf4') in 0.0097375 seconds
[Worker0] Imported GUID: 318df756abab5463e9aa361360784865 - Path: Packages/com.unity.multiplayer.center/Editor/MultiplayerCenterWindow/UI/Icons/d_PackageInstalled@2x.png - Importer: ScriptedImporter/UnityEditor.QuickSearchModule:UnityEditor.Search:ASIAI0B -> (ImportResultId: '60ac3eabb93e21d66f5789c8e8de9c35') in 0.0136518 seconds
[Worker0] Imported GUID: 84e4bbd00035e4671bf14e0380a89001 - Path: Packages/com.unity.multiplayer.center/Editor/MultiplayerCenterWindow/UI/Icons/EmptyViewIcon.png - Importer: ScriptedImporter/UnityEditor.QuickSearchModule:UnityEditor.Search:ASIAI0B -> (ImportResultId: 'cd9d7edb92c95ca004d5eba5dc2797d8') in 0.0122253 seconds
[Worker0] Imported GUID: 71b3035ad4d343cbbe033e93369d187e - Path: Packages/com.unity.multiplayer.center/Editor/Recommendations/RecommendationAuthoringData.cs - Importer: ScriptedImporter/UnityEditor.QuickSearchModule:UnityEditor.Search:ASIAI0B -> (ImportResultId: '3bec6ef966bbba791d09506e3b7cce7d') in 0.0048585 seconds
[Worker0] Imported GUID: 1984cd07fe96417f9e88f5771f6b4b32 - Path: Packages/com.unity.multiplayer.center/Editor/MultiplayerCenterWindow/UI/dark.uss - Importer: ScriptedImporter/UnityEditor.QuickSearchModule:UnityEditor.Search:ASIAI0B -> (ImportResultId: 'cbbac5fc4a19f75cbfc85c29f81d37a7') in 0.0094782 seconds
[Worker0] Imported GUID: bcf305fff4614e26a6979b63e954f6d6 - Path: Packages/com.unity.multiplayer.center/Editor/MultiplayerCenterWindow/UI/QuestionnaireView.cs - Importer: ScriptedImporter/UnityEditor.QuickSearchModule:UnityEditor.Search:ASIAI0B -> (ImportResultId: '994711cef14e4d0b3aca5e386e994fe9') in 0.0043652 seconds
[Worker0] Imported GUID: ea491f91a8b84866ad13371715bf90c8 - Path: Packages/com.unity.multiplayer.center/Tests/Editor/LogicTests.cs - Importer: ScriptedImporter/UnityEditor.QuickSearchModule:UnityEditor.Search:ASIAI0B -> (ImportResultId: '752153e8410f332629b396c1433d64f8') in 0.0048954 seconds
[Worker0] Imported GUID: 470a2d15035f44b7b2888a0db0704bff - Path: Packages/com.unity.multiplayer.center/Tests/Editor/TabGroupTests.cs - Importer: ScriptedImporter/UnityEditor.QuickSearchModule:UnityEditor.Search:ASIAI0B -> (ImportResultId: '985b41fbdf7dca08a397066d8c9008d6') in 0.0054087 seconds
[Worker0] Imported GUID: 2adffcc506285402aa795dee6f3166d0 - Path: Packages/com.unity.multiplayer.center/Editor/MultiplayerCenterWindow/UI/Icons/EmptyViewIcon@2x.png - Importer: ScriptedImporter/UnityEditor.QuickSearchModule:UnityEditor.Search:ASIAI0B -> (ImportResultId: '76a1db21e15543ef8d69bd66b8986e12') in 0.0136464 seconds
[Worker0] Imported GUID: c7a38e6eccbfc49778cb8b77f594a971 - Path: Packages/com.unity.multiplayer.center/Editor/MultiplayerCenterWindow/UI/Icons/ClientHosted@2x.png - Importer: ScriptedImporter/UnityEditor.QuickSearchModule:UnityEditor.Search:ASIAI0B -> (ImportResultId: 'b92f410a15591b7072b5491a6c0410fc') in 0.0109001 seconds
[Worker0] Imported GUID: 679f9999c6f8f497e806a2d5d0511879 - Path: Packages/com.unity.multiplayer.center/Editor/MultiplayerCenterWindow/UI/Icons/PackageManager.png - Importer: ScriptedImporter/UnityEditor.QuickSearchModule:UnityEditor.Search:ASIAI0B -> (ImportResultId: 'e2d815c47f2e22ed2330d4f7429b5af8') in 0.0109963 seconds
[Worker0] Imported GUID: 96d14b71b907bb52333b2886e665aba6 - Path: Packages/com.unity.modules.video/package.json - Importer: ScriptedImporter/UnityEditor.QuickSearchModule:UnityEditor.Search:ASIAI0B -> (ImportResultId: '0c63c2d777cc4d1df8727d2402f729af') in 0.0059427 seconds
[Worker0] Imported GUID: fe6a6957b37b61417b457a1e0541791d - Path: Packages/com.unity.modules.physics2d/package.ModuleCompilationTrigger - Importer: ScriptedImporter/UnityEditor.QuickSearchModule:UnityEditor.Search:ASIAI0B -> (ImportResultId: '8629a1a46adf47740ddaca0a45244e82') in 0.0061127 seconds
[Worker0] Imported GUID: 5262b119dc3e4259a40e6d93c8ea1048 - Path: Packages/com.unity.multiplayer.center/Editor/MultiplayerCenterWindow/UI/RecommendationView/PackageSelectionView.cs - Importer: ScriptedImporter/UnityEditor.QuickSearchModule:UnityEditor.Search:ASIAI0B -> (ImportResultId: 'aafab9c378fb17c7ebeb93336a374fd8') in 0.0047956 seconds
[Worker0] Imported GUID: 4745d06d5a7ca576dcf9e5e67b417652 - Path: Packages/com.unity.modules.accessibility/package.ModuleCompilationTrigger - Importer: ScriptedImporter/UnityEditor.QuickSearchModule:UnityEditor.Search:ASIAI0B -> (ImportResultId: '538a44e9fa6867e01a5ead0742eb3176') in 0.0046087 seconds
[Worker0] Imported GUID: f1e4f3f59aa446bfb097357fa8ad4a8b - Path: Packages/com.unity.multiplayer.center/Editor/MultiplayerCenterWindow/UI/RecommendationView/SolutionSelectionView.cs - Importer: ScriptedImporter/UnityEditor.QuickSearchModule:UnityEditor.Search:ASIAI0B -> (ImportResultId: '55ffc9f5e2f3e8916c873d66af388955') in 0.0060692 seconds
[Worker0] Imported GUID: 9b1a5759726ef9d39a0ab82047b615f1 - Path: Packages/com.unity.modules.hierarchycore/package.json - Importer: ScriptedImporter/UnityEditor.QuickSearchModule:UnityEditor.Search:ASIAI0B -> (ImportResultId: '884a759bd153e4744250966283e99a55') in 0.0062222 seconds
[Worker0] Imported GUID: c82e859b16636ddd2ca4a1f63fd34938 - Path: Packages/com.unity.modules.androidjni/package.ModuleCompilationTrigger - Importer: ScriptedImporter/UnityEditor.QuickSearchModule:UnityEditor.Search:ASIAI0B -> (ImportResultId: 'abc1f845fd47bf90f48bbd6ebe581926') in 0.0044275 seconds
[Worker0] Imported GUID: 0423146d9f51c4563a0f2a8200b6cd38 - Path: Packages/com.unity.multiplayer.center/Editor/MultiplayerCenterWindow/UI/Icons/PackageInstalled@2x.png - Importer: ScriptedImporter/UnityEditor.QuickSearchModule:UnityEditor.Search:ASIAI0B -> (ImportResultId: '9649976a144e3c4bbfa700a44f95fcf9') in 0.0126545 seconds
[Worker0] Imported GUID: 4c413a81cadcce7038e446e56570117e - Path: Packages/com.unity.modules.adaptiveperformance/package.json - Importer: ScriptedImporter/UnityEditor.QuickSearchModule:UnityEditor.Search:ASIAI0B -> (ImportResultId: '5ee32d99b1ec823777fc1eb9395cd87f') in 0.0051896 seconds
[Worker0] Imported GUID: 8d4bc6bfa28760b29f13174d6b6ea710 - Path: Packages/com.unity.modules.subsystems/package.ModuleCompilationTrigger - Importer: ScriptedImporter/UnityEditor.QuickSearchModule:UnityEditor.Search:ASIAI0B -> (ImportResultId: 'dd5e36145c09b2a12e1a75b7a4c3033a') in 0.0050962 seconds
[Worker0] Imported GUID: 082fbee38a82835433261a5e9c00e267 - Path: Packages/com.unity.modules.cloth/package.ModuleCompilationTrigger - Importer: ScriptedImporter/UnityEditor.QuickSearchModule:UnityEditor.Search:ASIAI0B -> (ImportResultId: '53f9cec913d5f182e58abf51ecc79a41') in 0.0048672 seconds
[Worker0] Imported GUID: 51fa60bb2bd1e5bc74e8cc95a7bfd5b7 - Path: Packages/com.unity.modules.ui/package.ModuleCompilationTrigger - Importer: ScriptedImporter/UnityEditor.QuickSearchModule:UnityEditor.Search:ASIAI0B -> (ImportResultId: 'a2d340183be5fcf859742f28930235a2') in 0.0055182 seconds
[Worker0] Imported GUID: 424a8de5def3b46dcb08edd00ad1c7bd - Path: Packages/com.unity.multiplayer.center/Editor/MultiplayerCenterWindow/UI/Icons/Loading.png - Importer: ScriptedImporter/UnityEditor.QuickSearchModule:UnityEditor.Search:ASIAI0B -> (ImportResultId: '8e90f990328dc7af40a9c0ef57343b11') in 0.0126606 seconds
[Worker0] Imported GUID: 17f093324b67f5bd57e55b546736750e - Path: Packages/com.unity.modules.particlesystem/package.ModuleCompilationTrigger - Importer: ScriptedImporter/UnityEditor.QuickSearchModule:UnityEditor.Search:ASIAI0B -> (ImportResultId: '5e298c5b8533e7fc2919b7f0b38e1f53') in 0.0052557 seconds
[Worker0] Imported GUID: 87d720faa37005c08600090e04d8c739 - Path: Packages/com.unity.modules.particlesystem/package.json - Importer: ScriptedImporter/UnityEditor.QuickSearchModule:UnityEditor.Search:ASIAI0B -> (ImportResultId: '3dd2f9e15e6fd1a96a4df4d6bdcffe4e') in 0.0064828 seconds
[Worker0] Imported GUID: 83b28bcaaf34b4fd580114fb05d9f160 - Path: Packages/com.unity.multiplayer.center/Editor/MultiplayerCenterWindow/UI/Icons/NGO@2x.png - Importer: ScriptedImporter/UnityEditor.QuickSearchModule:UnityEditor.Search:ASIAI0B -> (ImportResultId: '10d3fc20d2319eb282cfb3fc0fc6dd8a') in 0.0126878 seconds
[Worker0] Imported GUID: e2d09a26ce46dc617b54e49a534ace20 - Path: Packages/com.unity.modules.ai/package.ModuleCompilationTrigger - Importer: ScriptedImporter/UnityEditor.QuickSearchModule:UnityEditor.Search:ASIAI0B -> (ImportResultId: '6cbfc86ebfa47187d17dc931d6b1fd3e') in 0.0053177 seconds
[Worker0] Imported GUID: c88e90bad18cceb5d182d0c805883056 - Path: Packages/com.unity.modules.director/package.ModuleCompilationTrigger - Importer: ScriptedImporter/UnityEditor.QuickSearchModule:UnityEditor.Search:ASIAI0B -> (ImportResultId: 'f1a13b092998134b57a878ed44000f2f') in 0.0054284 seconds
[Worker0] Imported GUID: dd70cd654275d47db807e918055e004f - Path: Packages/com.unity.multiplayer.center/Editor/MultiplayerCenterWindow/UI/Icons/Questionnaire.png - Importer: ScriptedImporter/UnityEditor.QuickSearchModule:UnityEditor.Search:ASIAI0B -> (ImportResultId: '16b47be4ac31ab6218ba2dedaea92b6e') in 0.0129618 seconds
[Worker0] Imported GUID: 906c12bc9cd95d3963c6d58f62522c78 - Path: Packages/com.unity.modules.cloth/package.json - Importer: ScriptedImporter/UnityEditor.QuickSearchModule:UnityEditor.Search:ASIAI0B -> (ImportResultId: '2d40ac668a4e9abd8b4706b51924fd4a') in 0.0047601 seconds
[Worker0] Imported GUID: a2c71c02b50345e99168bda191ec01b4 - Path: Packages/com.unity.multiplayer.center/Editor/MultiplayerCenterWindow/UI/RecommendationView/RecommendationView.cs - Importer: ScriptedImporter/UnityEditor.QuickSearchModule:UnityEditor.Search:ASIAI0B -> (ImportResultId: '251b157af04dfe19eb98f6e937506c0b') in 0.0120509 seconds
[Worker0] Imported GUID: 1af35a910338381f753e8a985eb5daab - Path: Packages/com.unity.modules.adaptiveperformance/package.ModuleCompilationTrigger - Importer: ScriptedImporter/UnityEditor.QuickSearchModule:UnityEditor.Search:ASIAI0B -> (ImportResultId: '4927506d84dfbe2410052e4a13009408') in 0.006057 seconds
[Worker0] Imported GUID: 43674d438e19b89d7fe6af07234f3252 - Path: Packages/com.unity.modules.accessibility/package.json - Importer: ScriptedImporter/UnityEditor.QuickSearchModule:UnityEditor.Search:ASIAI0B -> (ImportResultId: 'd5e1c2a696d21e5902c73c4e7fcf7e7c') in 0.012374 seconds
[Worker0] Imported GUID: 2adec19fac7df68adf1fd6eb83197bb1 - Path: Packages/com.unity.modules.wind/package.ModuleCompilationTrigger - Importer: ScriptedImporter/UnityEditor.QuickSearchModule:UnityEditor.Search:ASIAI0B -> (ImportResultId: '4a4bc92f3db300951c802caf472e5ec9') in 0.0054235 seconds
[Worker0] Imported GUID: bfd567a3d1631a761bca9e99fa53d86d - Path: Packages/com.unity.modules.ui/package.json - Importer: ScriptedImporter/UnityEditor.QuickSearchModule:UnityEditor.Search:ASIAI0B -> (ImportResultId: 'b7b20411e784c850a4a8f5d733b4d01e') in 0.0066056 seconds
[Worker0] Imported GUID: d104359075a97392b803d3d5aebc77f7 - Path: Packages/com.unity.modules.hierarchycore/package.ModuleCompilationTrigger - Importer: ScriptedImporter/UnityEditor.QuickSearchModule:UnityEditor.Search:ASIAI0B -> (ImportResultId: '07c2b806f1a358bc46e8bd0c9f43b456') in 0.006613 seconds
[Worker0] Imported GUID: f62135e79edb837b2d2ee3c524da864c - Path: Packages/com.unity.modules.video/package.ModuleCompilationTrigger - Importer: ScriptedImporter/UnityEditor.QuickSearchModule:UnityEditor.Search:ASIAI0B -> (ImportResultId: 'd59b1df3c0f120365c7d0efd9e51383b') in 0.0046862 seconds
[Worker0] Imported GUID: 4616b2fa4acd1429e931835b80966c2a - Path: Packages/com.unity.multiplayer.center/Editor/MultiplayerCenterWindow/UI/Icons/PackageInstalled.png - Importer: ScriptedImporter/UnityEditor.QuickSearchModule:UnityEditor.Search:ASIAI0B -> (ImportResultId: 'd0763ce762331e08cf722066b0898da6') in 0.0130615 seconds
[Worker0] Imported GUID: f7a8357347c80dc69c08d0b1a05e2122 - Path: Packages/com.unity.modules.physics2d/package.json - Importer: ScriptedImporter/UnityEditor.QuickSearchModule:UnityEditor.Search:ASIAI0B -> (ImportResultId: 'f6aad7af793cfa6ff3542e2ff192bb13') in 0.0060531 seconds
[Worker0] Imported GUID: 05f7f519769978b79b31d063a7fc6fa1 - Path: Packages/com.unity.modules.unitywebrequestassetbundle/package.json - Importer: ScriptedImporter/UnityEditor.QuickSearchModule:UnityEditor.Search:ASIAI0B -> (ImportResultId: 'ffc268b2ad72dc37ea75ee8d29323136') in 0.0073099 seconds
[Worker0] Imported GUID: e9669051ff70449b5923861e0e0b8838 - Path: Packages/com.unity.multiplayer.center/Editor/MultiplayerCenterWindow/UI/Icons/N4E.png - Importer: ScriptedImporter/UnityEditor.QuickSearchModule:UnityEditor.Search:ASIAI0B -> (ImportResultId: 'a28970493b5b01588780719abf1bed86') in 0.0126003 seconds
[Worker0] Imported GUID: 5c1ee4056d0ac7ad3c5a16597fcaa38a - Path: Packages/com.unity.modules.physics/package.ModuleCompilationTrigger - Importer: ScriptedImporter/UnityEditor.QuickSearchModule:UnityEditor.Search:ASIAI0B -> (ImportResultId: '3d7a5938da24b7e3493c9d8294010ddd') in 0.0039285 seconds
[Worker0] Imported GUID: 1daed49eec0f94f7ebb36dfef6159884 - Path: Packages/com.unity.multiplayer.center/Editor/MultiplayerCenterWindow/UI/Icons/NoNetcode.png - Importer: ScriptedImporter/UnityEditor.QuickSearchModule:UnityEditor.Search:ASIAI0B -> (ImportResultId: '565484ca6ce5f1366729436e5e78500e') in 0.013405 seconds
[Worker0] Imported GUID: e5c46c19ce0ce2e0103aa6f82df1043a - Path: Packages/com.unity.modules.vehicles/package.ModuleCompilationTrigger - Importer: ScriptedImporter/UnityEditor.QuickSearchModule:UnityEditor.Search:ASIAI0B -> (ImportResultId: 'f29f93a03ba6ddb0cf867f86c10fbd5c') in 0.0085 seconds
[Worker0] Imported GUID: 830a36a23cf3ab1e61fa47940a6dc35e - Path: Packages/com.unity.modules.imageconversion/package.ModuleCompilationTrigger - Importer: ScriptedImporter/UnityEditor.QuickSearchModule:UnityEditor.Search:ASIAI0B -> (ImportResultId: 'ad8de4078d0c512f83937f0868ddec67') in 0.0062587 seconds
[Worker0] Imported GUID: db8e609a39b9b231fccc54e5fa4cbd1b - Path: Packages/com.unity.modules.animation/package.ModuleCompilationTrigger - Importer: ScriptedImporter/UnityEditor.QuickSearchModule:UnityEditor.Search:ASIAI0B -> (ImportResultId: '92808087b294918d366c55dc0f3a0b54') in 0.0043823 seconds
[Worker0] Imported GUID: 953fab16d15d5885b3600fcd6388b2ad - Path: Packages/com.unity.modules.imageconversion/package.json - Importer: ScriptedImporter/UnityEditor.QuickSearchModule:UnityEditor.Search:ASIAI0B -> (ImportResultId: 'a56a30425d8395dcf6c7c968332f0a93') in 0.0054961 seconds
[Worker0] Imported GUID: 1a4266815e998967becf686f9c71f0a6 - Path: Packages/com.unity.modules.physics/package.json - Importer: ScriptedImporter/UnityEditor.QuickSearchModule:UnityEditor.Search:ASIAI0B -> (ImportResultId: '87f174fe02ebcb4d14e6973cb65002b4') in 0.0060189 seconds
[Worker0] Imported GUID: 6afb166a156df2d20433d981f4bb2832 - Path: Packages/com.unity.modules.vehicles/package.json - Importer: ScriptedImporter/UnityEditor.QuickSearchModule:UnityEditor.Search:ASIAI0B -> (ImportResultId: 'e54b8b29741e6a12c0f1d9ef2de45873') in 0.0058461 seconds
[Worker0] Imported GUID: ec02776fe29df900b897106d61977735 - Path: Packages/com.unity.modules.director/package.json - Importer: ScriptedImporter/UnityEditor.QuickSearchModule:UnityEditor.Search:ASIAI0B -> (ImportResultId: 'b54b0a37bb33339879faedd39141e513') in 0.0043784 seconds
[Worker0] Imported GUID: b58a826ca804e4c67bab4283ad5a6102 - Path: Packages/com.unity.multiplayer.center/Editor/MultiplayerCenterWindow/UI/Icons/NoNetcode@2x.png - Importer: ScriptedImporter/UnityEditor.QuickSearchModule:UnityEditor.Search:ASIAI0B -> (ImportResultId: '914ccf3a83f8e8cfcd3981844274b6ac') in 0.0144095 seconds
[Worker0] Imported GUID: bd1af0a6633ee94ae21c7d1d702cdc12 - Path: Packages/com.unity.modules.androidjni/package.json - Importer: ScriptedImporter/UnityEditor.QuickSearchModule:UnityEditor.Search:ASIAI0B -> (ImportResultId: '7507f3e5f33b39a7f43e4bd24efbf0a5') in 0.0052548 seconds
[Worker0] Imported GUID: 7ef8348b8ea834d7e1bc214b07f7fb87 - Path: Packages/com.unity.modules.animation/package.json - Importer: ScriptedImporter/UnityEditor.QuickSearchModule:UnityEditor.Search:ASIAI0B -> (ImportResultId: '0790d56cb2cdf58b18bb88ea731ca375') in 0.0049721 seconds
[Worker0] Imported GUID: 7610600f5c83e01041a6fe849d39279f - Path: Packages/com.unity.modules.unitywebrequestassetbundle/package.ModuleCompilationTrigger - Importer: ScriptedImporter/UnityEditor.QuickSearchModule:UnityEditor.Search:ASIAI0B -> (ImportResultId: '201b776f6c0dd774a876bd875c930e00') in 0.0058682 seconds
[Worker0] Imported GUID: f0f13f2ab3d6d13cfc6e4656824bfca8 - Path: Packages/com.unity.modules.ai/package.json - Importer: ScriptedImporter/UnityEditor.QuickSearchModule:UnityEditor.Search:ASIAI0B -> (ImportResultId: '12ad7a78067fbfdf1dfa4d2f9fad7dc5') in 0.0058279 seconds
[Worker0] Imported GUID: 99da7b3894f364efdb5fa1443952a55d - Path: Packages/com.unity.multiplayer.center/Editor/MultiplayerCenterWindow/UI/Icons/NGO.png - Importer: ScriptedImporter/UnityEditor.QuickSearchModule:UnityEditor.Search:ASIAI0B -> (ImportResultId: 'b49282c79c387a058396b4ab38417c0c') in 0.0125421 seconds
[Worker0] Imported GUID: 281e16dfc02f4a86bf924188eb96b176 - Path: Packages/com.unity.multiplayer.center/Editor/MultiplayerCenterWindow/UI/RecommendationView/RecommendationItemView.cs - Importer: ScriptedImporter/UnityEditor.QuickSearchModule:UnityEditor.Search:ASIAI0B -> (ImportResultId: 'a5fee1c5558e85c197f33cd00eb35997') in 0.0038731 seconds
[Worker0] Imported GUID: b83f06ac0c0696e9563230865ca72b81 - Path: Packages/com.unity.modules.wind/package.json - Importer: ScriptedImporter/UnityEditor.QuickSearchModule:UnityEditor.Search:ASIAI0B -> (ImportResultId: '08beebb421f3d9809794cfd211ce1ad3') in 0.004688 seconds
[Worker0] Imported GUID: 2cb589d4e01184d928bb698f06e77561 - Path: Packages/com.unity.multiplayer.center/Editor/MultiplayerCenterWindow/UI/Icons/N4E@2x.png - Importer: ScriptedImporter/UnityEditor.QuickSearchModule:UnityEditor.Search:ASIAI0B -> (ImportResultId: '5c41e7e181e4c819151b1a155c8428ce') in 0.0114188 seconds
[Worker0] Imported GUID: 9d9689eab72c8480c90679f4dcf18820 - Path: Packages/com.unity.multiplayer.center/Editor/MultiplayerCenterWindow/UI/Icons/Package.png - Importer: ScriptedImporter/UnityEditor.QuickSearchModule:UnityEditor.Search:ASIAI0B -> (ImportResultId: '5d7850364fa8a5e3742544b54cb6d4c0') in 0.0170215 seconds
[Worker0] Imported GUID: 30b312a167534621b316172253b08723 - Path: Packages/com.unity.modules.subsystems/package.json - Importer: ScriptedImporter/UnityEditor.QuickSearchModule:UnityEditor.Search:ASIAI0B -> (ImportResultId: '047c8418c51d4c8142035686ec71f7f2') in 0.0051464 seconds
[Worker0] Imported GUID: 63314900d81e4a15814496af1889cb51 - Path: Packages/com.unity.multiplayer.center/Editor/MultiplayerCenterWindow/UI/RecommendationView/SectionHeader.cs - Importer: ScriptedImporter/UnityEditor.QuickSearchModule:UnityEditor.Search:ASIAI0B -> (ImportResultId: '106e464c409a6d73d9a4cfe3e9e0ea21') in 0.00484 seconds
[Worker0] Imported GUID: 9431e8221045c4af189b2fa7174b9e9f - Path: Packages/com.unity.multiplayer.center/Editor/MultiplayerCenterWindow/UI/Icons/PackageManager@2x.png - Importer: ScriptedImporter/UnityEditor.QuickSearchModule:UnityEditor.Search:ASIAI0B -> (ImportResultId: '207a4da712cc4aad4b3183fb21ff5c26') in 0.0142275 seconds
[Worker0] Imported GUID: 3cc1ebf2abb7fef6871ad48f499b6e21 - Path: Packages/com.unity.modules.vectorgraphics/package.ModuleCompilationTrigger - Importer: ScriptedImporter/UnityEditor.QuickSearchModule:UnityEditor.Search:ASIAI0B -> (ImportResultId: 'b4acc5c2bc4f3d0df18917b42aae61a4') in 0.0051883 seconds
[Worker0] Imported GUID: d2ec2d1228c8e67cdd913cb5609176a2 - Path: Packages/com.unity.modules.unitywebrequest/package.ModuleCompilationTrigger - Importer: ScriptedImporter/UnityEditor.QuickSearchModule:UnityEditor.Search:ASIAI0B -> (ImportResultId: '033ba36bcab006a23c7738f3bf8cca01') in 0.0047704 seconds
[Worker0] Imported GUID: 3fdd83b151eb8d25c5e2f82fc39dcb04 - Path: Packages/com.unity.modules.unitywebrequest/package.json - Importer: ScriptedImporter/UnityEditor.QuickSearchModule:UnityEditor.Search:ASIAI0B -> (ImportResultId: '96c6bed18924bd47610fd5067b47d19b') in 0.005098 seconds
[Worker0] Imported GUID: 78e5667e52329c3ceef41288763404ae - Path: Packages/com.unity.modules.vectorgraphics/package.json - Importer: ScriptedImporter/UnityEditor.QuickSearchModule:UnityEditor.Search:ASIAI0B -> (ImportResultId: 'a004d2648659bd0b1b59b096466dde2b') in 0.0045865 seconds
Android Extension - Scanning For ADB Devices 2746 ms
[Licensing::Client] Successfully resolved entitlement details
[Licensing::Client] Successfully resolved entitlement details
[Licensing::Client] Successfully resolved entitlement details
[Licensing::Client] Successfully resolved entitlement details
[Licensing::Client] Successfully resolved entitlement details
Android Extension - Scanning For ADB Devices 279 ms
[Licensing::Client] Successfully resolved entitlement details
[Licensing::Client] Successfully resolved entitlement details
[Licensing::Client] Successfully resolved entitlement details
[Licensing::Client] Successfully resolved entitlement details
[Licensing::Client] Successfully resolved entitlement details
[Licensing::Client] Successfully resolved entitlement details
[Licensing::Client] Successfully resolved entitlement details
[Licensing::Client] Successfully resolved entitlement details
[Licensing::Client] Successfully resolved entitlement details
[Licensing::Client] Successfully resolved entitlement details
[Licensing::Client] Successfully resolved entitlement details
[Licensing::Client] Successfully resolved entitlement details
[Licensing::Client] Successfully resolved entitlement details
[Licensing::Client] Successfully resolved entitlement details
[Licensing::Client] Successfully resolved entitlement details
Attempted to call .Dispose on an already disposed CancellationTokenSource
[Licensing::Client] Successfully resolved entitlement details
[Licensing::Client] Successfully resolved entitlement details
[Licensing::Client] Successfully resolved entitlement details
[Licensing::Client] Successfully resolved entitlement details
[Licensing::Client] Successfully resolved entitlement details
[Licensing::Client] Successfully resolved entitlement details
[Licensing::Client] Successfully resolved entitlement details
[Licensing::Client] Successfully resolved entitlement details
[Licensing::Client] Successfully resolved entitlement details
[Licensing::Client] Successfully resolved entitlement details
[Licensing::Client] Successfully resolved entitlement details
[Licensing::Client] Successfully resolved entitlement details
[Licensing::Client] Successfully resolved entitlement details
Worker ready: AssetImportWorkerHW1 1
Android Extension - Scanning For ADB Devices 302 ms
[Licensing::Client] Successfully resolved entitlement details
Android Extension - Scanning For ADB Devices 236 ms
TrimDiskCacheJob: Current cache size 0mb
Asset Pipeline Refresh (id=b7d3e9668985a8f48a65aedfe43f3a75): Total: 0.024 seconds - Initiated by RefreshV2(AllowForceSynchronousImport)
[Worker0] Imported GUID: 00000000000000001000000000000000 - Path: Assets - Importer: PreviewImporter -> (ImportResultId: '241dc6ce296e0f395a599982586f164f') in 0.0101121 seconds
Importing 'GUID: a8ef48b91ced5a5429bb2c1e967ecec4 - Path: Assets/Scripts' with importer (DefaultImporter)
Imported 'GUID: a8ef48b91ced5a5429bb2c1e967ecec4' -> (Import Result ID: 'c870188be90f2500079527d291597195') in 0.053 seconds [static dependencies only]. Details - ImportResultOutputID=40ed25d0f9754302c8598140a3d90853 DependenciesID=18b6a47bf1001d63c036ceaa65c00d51 StaticDependenciesID=7c9f495c16aef987318ea59ed46d3652 
Asset Pipeline Refresh (id=b9f7487b164f5f247b35c2dd84c139c3): Total: 0.134 seconds - Initiated by StopAssetImportingV2(NoUpdateAssetOptions)
[Worker0] Imported GUID: a8ef48b91ced5a5429bb2c1e967ecec4 - Path: Assets/Scripts - Importer: PreviewImporter -> (ImportResultId: 'd64f2994ea822fac04bdd3ba280076d3') in 0.000457 seconds
[Worker0] Imported GUID: a8ef48b91ced5a5429bb2c1e967ecec4 - Path: Assets/Scripts - Importer: ScriptedImporter/UnityEditor.QuickSearchModule:UnityEditor.Search:ASIAI0B -> (ImportResultId: '2d3595b8a75736c224ca1b5c9abf7a20') in 0.0047628 seconds
[ScriptCompilation] Requested script compilation because: AssetDatabase observed changes in script compilation related files
Asset Pipeline Refresh (id=ea8f000c97dc93f489c8218595760bee): Total: 0.069 seconds - Initiated by StopAssetImportingV2(NoUpdateAssetOptions)
[Licensing::Client] Successfully resolved entitlement details
info: Microsoft.AspNetCore.Hosting.Diagnostics[1]
      Request starting HTTP/2 POST http://ilpp/UnityILPP.PostProcessing/Ping - application/grpc -
info: Microsoft.AspNetCore.Routing.EndpointMiddleware[0]
      Executing endpoint 'gRPC - /UnityILPP.PostProcessing/Ping'
info: Microsoft.AspNetCore.Routing.EndpointMiddleware[1]
      Executed endpoint 'gRPC - /UnityILPP.PostProcessing/Ping'
info: Microsoft.AspNetCore.Hosting.Diagnostics[2]
      Request finished HTTP/2 POST http://ilpp/UnityILPP.PostProcessing/Ping - 200 - application/grpc 1.7430ms
Starting: D:\Unity\6000.5.3f1\Editor\Data\Tools\BuildPipeline\bee_backend.exe --ipc --defer-dag-verification --dagfile="Library/Bee/1900b0aE.dag" --continue-on-failure --profile="Library/Bee/backend1.traceevents" ScriptAssemblies
WorkingDir: E:/GameDev/ITCS-4236-5236-Group-5-Project
ExitCode: 4 Duration: 0s89ms
Rebuilding DAG because FileSignature timestamp changed: Library/Bee/1900b0aE-inputdata.json
*** Tundra requires additional run (0.05 seconds), 0 items updated, 176 evaluated
Starting: D:\Unity\6000.5.3f1\Editor\Data\netcorerun\netcorerun.exe "D:\Unity\6000.5.3f1\Editor\Data\Tools\BuildPipeline\ScriptCompilationBuildProgram.exe" "Library/Bee/1900b0aE.dag.json" "Library/Bee/1900b0aE-inputdata.json" "Library\Bee\buildprogram0.traceevents"
WorkingDir: E:/GameDev/ITCS-4236-5236-Group-5-Project
[Worker0] Imported GUID: 638f614fc4119034490d943d3380d49b - Path: Assets/Scripts/PlayerMovement.cs - Importer: PreviewImporter -> (ImportResultId: 'd0e5daf46a27d45b1fd256861902aee0') in 0.0007378 seconds
ExitCode: 0 Duration: 0s341ms
Starting: D:\Unity\6000.5.3f1\Editor\Data\Tools\BuildPipeline\bee_backend.exe --ipc --defer-dag-verification --dagfile="Library/Bee/1900b0aE.dag" --continue-on-failure --dagfilejson="Library\Bee\1900b0aE.dag.json" --profile="Library/Bee/backend2.traceevents" ScriptAssemblies
WorkingDir: E:/GameDev/ITCS-4236-5236-Group-5-Project
[Worker0] Imported GUID: 638f614fc4119034490d943d3380d49b - Path: Assets/Scripts/PlayerMovement.cs - Importer: ScriptedImporter/UnityEditor.QuickSearchModule:UnityEditor.Search:ASIAI0B -> (ImportResultId: 'b0af8c268066c9cfad92e63164287ff2') in 0.0057042 seconds
External Code Editor application path does not exist (C:\Program Files\Microsoft Visual Studio\2022\Community\Common7\IDE\devenv.exe)! Please select a different application.
UnityEngine.Debug:ExtractStackTraceNoAlloc (byte*,int,string)
UnityEngine.StackTraceUtility:ExtractStackTrace ()
UnityEngine.DebugLogHandler:Internal_Log (UnityEngine.LogType,UnityEngine.LogOption,string,UnityEngine.Object)
UnityEngine.DebugLogHandler:LogFormat (UnityEngine.LogType,UnityEngine.Object,string,object[])
UnityEngine.Logger:Log (UnityEngine.LogType,object)
UnityEngine.Debug:LogWarning (object)
UnityEditor.DefaultExternalCodeEditor:OpenProject (string,int,int)
Unity.CodeEditor.CodeEditor:OnOpenAsset (UnityEngine.EntityId,int,int)
UnityEditor.AssetDatabase:OpenAsset (UnityEngine.EntityId,int,int)
UnityEditor.AssetDatabase:OpenAsset (UnityEngine.EntityId)
UnityEditor.ProjectBrowser:OpenAssetSelection (UnityEngine.EntityId[])
UnityEditor.ProjectBrowser:OpenListAreaSelection ()
UnityEditor.ProjectBrowser:ListAreaItemSelectedCallback (bool)
UnityEditor.ObjectListArea:SetSelection (UnityEngine.EntityId[],bool)
UnityEditor.ObjectListArea/LocalGroup:HandleMouseWithDragging (UnityEngine.EntityId,int,UnityEngine.Rect)
UnityEditor.ObjectListArea/LocalGroup:DrawItem (UnityEngine.Rect,UnityEditor.FilteredHierarchy/FilterResult,UnityEditor.BuiltinResource,bool)
UnityEditor.ObjectListArea/LocalGroup:DrawInternal (int,int,single)
UnityEditor.ObjectListArea/Group:Draw (single,UnityEngine.Vector2,int&)
UnityEditor.ObjectListArea:HandleListArea ()
UnityEditor.ObjectListArea:OnGUI (UnityEngine.Rect,int)
UnityEditor.ProjectBrowser:OnGUI ()
UnityEditor.HostView:InvokeOnGUI (UnityEngine.Rect)
UnityEditor.DockArea:DrawView (UnityEngine.Rect)
UnityEditor.DockArea:OldOnGUI ()
UnityEngine.UIElements.IMGUIContainer:DoOnGUI (UnityEngine.Event,UnityEngine.Matrix4x4,UnityEngine.Rect,bool,UnityEngine.Rect,System.Action,bool)
UnityEngine.UIElements.IMGUIContainer:HandleIMGUIEvent (UnityEngine.Event,UnityEngine.Matrix4x4,UnityEngine.Rect,System.Action,bool)
UnityEngine.UIElements.IMGUIContainer:HandleIMGUIEvent (UnityEngine.Event,System.Action,bool)
UnityEngine.UIElements.IMGUIContainer:HandleIMGUIEvent (UnityEngine.Event,bool)
UnityEngine.UIElements.IMGUIContainer:SendEventToIMGUIRaw (UnityEngine.UIElements.EventBase,bool,bool)
UnityEngine.UIElements.IMGUIContainer:SendEventToIMGUI (UnityEngine.UIElements.EventBase,bool,bool)
UnityEngine.UIElements.IMGUIContainer:HandleEventBubbleUp (UnityEngine.UIElements.EventBase)
UnityEngine.UIElements.EventDispatchUtilities:HandleEventAcrossPropagationPathWithCompatibilityEvent (UnityEngine.UIElements.EventBase,UnityEngine.UIElements.EventBase,UnityEngine.UIElements.BaseVisualElementPanel,UnityEngine.UIElements.VisualElement,bool)
UnityEngine.UIElements.EventDispatchUtilities:DispatchToElementUnderPointerOrPanelRoot (UnityEngine.UIElements.EventBase,UnityEngine.UIElements.BaseVisualElementPanel,int,UnityEngine.Vector2)
UnityEngine.UIElements.EventDispatchUtilities:DispatchToCapturingElementOrElementUnderPointer (UnityEngine.UIElements.EventBase,UnityEngine.UIElements.BaseVisualElementPanel,int,UnityEngine.Vector2)
UnityEngine.UIElements.PointerDownEvent:Dispatch (UnityEngine.UIElements.BaseVisualElementPanel)
UnityEngine.UIElements.EventDispatcher:ProcessEvent (UnityEngine.UIElements.EventBase,UnityEngine.UIElements.BaseVisualElementPanel)
UnityEngine.UIElements.EventDispatcher:Dispatch (UnityEngine.UIElements.EventBase,UnityEngine.UIElements.BaseVisualElementPanel,UnityEngine.UIElements.DispatchMode)
UnityEngine.UIElements.BaseVisualElementPanel:SendEvent (UnityEngine.UIElements.EventBase,UnityEngine.UIElements.DispatchMode)
UnityEditor.UIElements.EditorEventDispatchUtility:DoDispatch (UnityEngine.UIElements.BaseVisualElementPanel,UnityEngine.Event)
UnityEditor.UIElements.DefaultWindowBackend:ProcessEvent (UnityEngine.Event)
UnityEditor.GUIView:ProcessEvent (UnityEngine.EntityId,intptr,bool&)

External Code Editor application path does not exist (C:\Program Files\Microsoft Visual Studio\2022\Community\Common7\IDE\devenv.exe)! Please select a different application.
UnityEngine.Debug:ExtractStackTraceNoAlloc (byte*,int,string)
UnityEngine.StackTraceUtility:ExtractStackTrace ()
UnityEngine.DebugLogHandler:Internal_Log (UnityEngine.LogType,UnityEngine.LogOption,string,UnityEngine.Object)
UnityEngine.DebugLogHandler:LogFormat (UnityEngine.LogType,UnityEngine.Object,string,object[])
UnityEngine.Logger:Log (UnityEngine.LogType,object)
UnityEngine.Debug:LogWarning (object)
UnityEditor.DefaultExternalCodeEditor:OpenProject (string,int,int)
Unity.CodeEditor.CodeEditor:OpenProject (string,int,int)
UnityEditor.AssetDatabase:OpenAsset (UnityEngine.EntityId,int,int)
UnityEditor.AssetDatabase:OpenAsset (UnityEngine.EntityId)
UnityEditor.ProjectBrowser:OpenAssetSelection (UnityEngine.EntityId[])
UnityEditor.ProjectBrowser:OpenListAreaSelection ()
UnityEditor.ProjectBrowser:ListAreaItemSelectedCallback (bool)
UnityEditor.ObjectListArea:SetSelection (UnityEngine.EntityId[],bool)
UnityEditor.ObjectListArea/LocalGroup:HandleMouseWithDragging (UnityEngine.EntityId,int,UnityEngine.Rect)
UnityEditor.ObjectListArea/LocalGroup:DrawItem (UnityEngine.Rect,UnityEditor.FilteredHierarchy/FilterResult,UnityEditor.BuiltinResource,bool)
UnityEditor.ObjectListArea/LocalGroup:DrawInternal (int,int,single)
UnityEditor.ObjectListArea/Group:Draw (single,UnityEngine.Vector2,int&)
UnityEditor.ObjectListArea:HandleListArea ()
UnityEditor.ObjectListArea:OnGUI (UnityEngine.Rect,int)
UnityEditor.ProjectBrowser:OnGUI ()
UnityEditor.HostView:InvokeOnGUI (UnityEngine.Rect)
UnityEditor.DockArea:DrawView (UnityEngine.Rect)
UnityEditor.DockArea:OldOnGUI ()
UnityEngine.UIElements.IMGUIContainer:DoOnGUI (UnityEngine.Event,UnityEngine.Matrix4x4,UnityEngine.Rect,bool,UnityEngine.Rect,System.Action,bool)
UnityEngine.UIElements.IMGUIContainer:HandleIMGUIEvent (UnityEngine.Event,UnityEngine.Matrix4x4,UnityEngine.Rect,System.Action,bool)
UnityEngine.UIElements.IMGUIContainer:HandleIMGUIEvent (UnityEngine.Event,System.Action,bool)
UnityEngine.UIElements.IMGUIContainer:HandleIMGUIEvent (UnityEngine.Event,bool)
UnityEngine.UIElements.IMGUIContainer:SendEventToIMGUIRaw (UnityEngine.UIElements.EventBase,bool,bool)
UnityEngine.UIElements.IMGUIContainer:SendEventToIMGUI (UnityEngine.UIElements.EventBase,bool,bool)
UnityEngine.UIElements.IMGUIContainer:HandleEventBubbleUp (UnityEngine.UIElements.EventBase)
UnityEngine.UIElements.EventDispatchUtilities:HandleEventAcrossPropagationPathWithCompatibilityEvent (UnityEngine.UIElements.EventBase,UnityEngine.UIElements.EventBase,UnityEngine.UIElements.BaseVisualElementPanel,UnityEngine.UIElements.VisualElement,bool)
UnityEngine.UIElements.EventDispatchUtilities:DispatchToElementUnderPointerOrPanelRoot (UnityEngine.UIElements.EventBase,UnityEngine.UIElements.BaseVisualElementPanel,int,UnityEngine.Vector2)
UnityEngine.UIElements.EventDispatchUtilities:DispatchToCapturingElementOrElementUnderPointer (UnityEngine.UIElements.EventBase,UnityEngine.UIElements.BaseVisualElementPanel,int,UnityEngine.Vector2)
UnityEngine.UIElements.PointerDownEvent:Dispatch (UnityEngine.UIElements.BaseVisualElementPanel)
UnityEngine.UIElements.EventDispatcher:ProcessEvent (UnityEngine.UIElements.EventBase,UnityEngine.UIElements.BaseVisualElementPanel)
UnityEngine.UIElements.EventDispatcher:Dispatch (UnityEngine.UIElements.EventBase,UnityEngine.UIElements.BaseVisualElementPanel,UnityEngine.UIElements.DispatchMode)
UnityEngine.UIElements.BaseVisualElementPanel:SendEvent (UnityEngine.UIElements.EventBase,UnityEngine.UIElements.DispatchMode)
UnityEditor.UIElements.EditorEventDispatchUtility:DoDispatch (UnityEngine.UIElements.BaseVisualElementPanel,UnityEngine.Event)
UnityEditor.UIElements.DefaultWindowBackend:ProcessEvent (UnityEngine.Event)
UnityEditor.GUIView:ProcessEvent (UnityEngine.EntityId,intptr,bool&)

EditorHelper: Unable to use the external script editor. Trying the internal script editor now.
ExitCode: 0 Duration: 6s102ms
Finished compiling graph: 188 nodes, 871 flattened edges (849 ToBuild, 6 ToUse), maximum node priority 38
[176/185    0s] WriteText Library/Bee/artifacts/1900b0aE.dag/Assembly-CSharp.rsp2
[177/185    0s] WriteText Library/Bee/artifacts/1900b0aE.dag/Assembly-CSharp.UnityAdditionalFile.txt
[178/185    0s] WriteText Library/Bee/artifacts/1900b0aE.dag/Assembly-CSharp.dll.mvfrm.rsp
[179/185    0s] WriteText Library/Bee/artifacts/1900b0aE.dag/Assembly-CSharp.rsp
[180/185    0s] MovedFromExtractor Library/Bee/artifacts/mvdfrm/Unity.Multiplayer.Center.Editor.ref.dll_EB1F4B6E56116D4A.mvfrm
[181/185    0s] MovedFromExtractor-Combine Library/Bee/artifacts/1900b0aE.dag/Assembly-CSharp.dll.mvfrm
[182/185    5s] Csc Library/Bee/artifacts/1900b0aE.dag/Assembly-CSharp.dll (+2 others)
[183/185    0s] CopyFiles Library/ScriptAssemblies/Assembly-CSharp.pdb
[184/185    0s] CopyFiles Library/ScriptAssemblies/Assembly-CSharp.dll
*** Tundra build success (6.07 seconds), 9 items updated, 185 evaluated
Reloading assemblies after finishing script compilation.
Reloading assemblies after forced synchronous recompile.
Attempted to call .Dispose on an already disposed CancellationTokenSource
Begin MonoManager ReloadAssembly
Native extension for iOS target not found
Native extension for Android target not found
Native extension for UWP target not found
Native extension for WindowsStandalone target not found
[MODES] ModeService[none].Initialize
[MODES] ModeService[none].LoadModes
ScheduleIndexationOnStartup MainProcess:True IndexOnStartup:True
[Licensing::Client] Successfully resolved entitlement details
Mono: successfully reloaded assembly
- Finished resetting the current domain, in  1.912 seconds
Domain Reload Profiling: 3348ms
	BeginReloadAssembly (1177ms)
		ExecutionOrderSort (11ms)
		DisableScriptedObjects (609ms)
		CreateAndSetChildDomain (272ms)
	RebuildCommonClasses (12ms)
	RebuildNativeTypeToScriptingClass (23ms)
	initialDomainReloadingComplete (66ms)
	LoadAllAssembliesAndSetupDomain (155ms)
		LoadAssemblies (163ms)
		AnalyzeDomain (19ms)
			TypeCache.Refresh (9ms)
			BuildScriptInfoCaches (8ms)
	FinalizeReload (1914ms)
		SetupLoadedEditorAssemblies (0ms)
			InitializePlatformSupportModulesInManaged (25ms)
			BeforeProcessingInitializeOnLoad (177ms)
			ProcessInitializeOnLoadAttributes (105ms)
			ProcessInitializeOnLoadMethodAttributes (129ms)
			AfterProcessingInitializeOnLoad (12ms)
		AwakeInstancesAfterBackupRestoration (841ms)

Asset Pipeline Refresh (id=0706139697ef15342bb8803e13902259): Total: 3.610 seconds - Initiated by StopAssetImportingV2(ForceSynchronousImport | ForceDomainReload)
	(Values over 0.05ms)
	Summary:
		Imports: total=0 (actual=0, local cache=0, cache server=0)
		Asset DB Process Time: managed=0 ms, native=1998 ms
		Asset DB Callback time: managed=71 ms, native=67 ms
		Scripting: domain reloads=1, domain reload time=1468 ms, compile time=4 ms, other=0 ms
		Project Asset Count: scripts=114, non-scripts=81
		Asset File Changes: new=0, changed=0, moved=0, deleted=0
		Scan Filter Count: 0
	InvokePackagesCallback: 2.268ms
	ApplyChangesToAssetFolders: 0.325ms
	Collect global state as custom dependencies: 0.162ms
	ProcessAssetsWithTransientArtifactChanges: 15.582ms
	CategorizeAssets: 1.211ms
	CompileScripts: 3.570ms
	ImportOutOfDateAssets: 1920.269ms (1917.007ms without children)
		UnloadImportedAssets: 2.293ms
		ImportSchedulerStart: 0.922ms
	PostProcessAllAssets: 72.160ms
		MonoPostProcessAllAssets: 71.782ms
			BuilderAssetPostprocessor.OnPostprocessAllAssets 14.176ms
			AssetChangedListener.OnPostprocessAllAssets 12.454ms
			WindowAssetPostprocessingWatcher.OnPostprocessAllAssets 11.511ms
			AssetPostprocessor.OnPostprocessAllAssets 7.272ms
			RetainedModeAssetPostprocessor.OnPostprocessAllAssets 3.060ms
			SyncVS.PostprocessSyncProject 2.176ms
			SpeedTree9Postprocessor.OnPostprocessAllAssets 1.689ms
			ArtifactBrowserPostProcessor.OnPostprocessAllAssets 1.412ms
			EditModeScopePostprocessor.OnPostprocessAllAssets 1.099ms
			TextAssetPostProcessor.OnPostprocessAllAssets 0.895ms
			AudioMixerPostprocessor.OnPostprocessAllAssets 0.768ms
			ReferencedClipsPostProcessor.OnPostprocessAllAssets 0.632ms
			AssetEvents.OnPostprocessAllAssets 0.450ms
			TerrainToolbarOverlayPostProcessor.OnPostprocessAllAssets 0.420ms
			StyleCatalogPostProcessor.OnPostprocessAllAssets 0.405ms
			SpeedTreePostProcessor.OnPostprocessAllAssets 0.310ms
			AudioContainerPostProcessor.OnPostprocessAllAssets 0.233ms
			AssetDatabaseCallbacks.OnPostprocessAllAssets 0.229ms
			ConfigAssetsTracker.OnPostprocessAllAssets 0.229ms
			RenderPipelineGlobalSettingsPostprocessor.OnPostprocessAllAssets 0.225ms
			ScenarioDriftAssetsTracker.OnPostprocessAllAssets 0.194ms
	PostAssetChangesProfiler: 66.318ms
	UnloadStreamsBegin: 2.567ms
	GenerateScriptTypeHashes: 0.142ms
	GenerateScriptTypeSerializationHashes: 0.363ms
	Untracked: 1505.592ms

[Licensing::Client] Successfully resolved entitlement details
[Worker0] Imported GUID: 638f614fc4119034490d943d3380d49b - Path: Assets/Scripts/PlayerMovement.cs - Importer: PreviewImporter -> (ImportResultId: 'b63ba41c18c3b18e5cc34b03034b773f') in 0.0025609 seconds
[ScriptCompilation] Requested script compilation because: AssetDatabase observed changes in script compilation related files
info: Microsoft.AspNetCore.Hosting.Diagnostics[1]
      Request starting HTTP/2 POST http://ilpp/UnityILPP.PostProcessing/Ping - application/grpc -
info: Microsoft.AspNetCore.Routing.EndpointMiddleware[0]
      Executing endpoint 'gRPC - /UnityILPP.PostProcessing/Ping'
info: Microsoft.AspNetCore.Routing.EndpointMiddleware[1]
      Executed endpoint 'gRPC - /UnityILPP.PostProcessing/Ping'
info: Microsoft.AspNetCore.Hosting.Diagnostics[2]
      Request finished HTTP/2 POST http://ilpp/UnityILPP.PostProcessing/Ping - 200 - application/grpc 0.4332ms
Starting: D:\Unity\6000.5.3f1\Editor\Data\Tools\BuildPipeline\bee_backend.exe --ipc --defer-dag-verification --dagfile="Library/Bee/1900b0aE.dag" --continue-on-failure --profile="Library/Bee/backend1.traceevents" ScriptAssemblies
WorkingDir: E:/GameDev/ITCS-4236-5236-Group-5-Project
ExitCode: 0 Duration: 0s613ms
[182/185    0s] Csc Library/Bee/artifacts/1900b0aE.dag/Assembly-CSharp.dll (+2 others)
[183/185    0s] CopyFiles Library/ScriptAssemblies/Assembly-CSharp.dll
[184/185    0s] CopyFiles Library/ScriptAssemblies/Assembly-CSharp.pdb
*** Tundra build success (0.56 seconds), 3 items updated, 185 evaluated
Reloading assemblies after forced synchronous recompile.
Begin MonoManager ReloadAssembly
Total cache size 265304844
Total cache size after purge 265304844, took 00:00:00.5205109
Native extension for iOS target not found
Native extension for Android target not found
Native extension for UWP target not found
Native extension for WindowsStandalone target not found
[MODES] ModeService[none].Initialize
[MODES] ModeService[none].LoadModes
ScheduleIndexationOnStartup MainProcess:True IndexOnStartup:True
Mono: successfully reloaded assembly
- Finished resetting the current domain, in  1.897 seconds
Domain Reload Profiling: 3057ms
	BeginReloadAssembly (911ms)
		DisableScriptedObjects (552ms)
		CreateAndSetChildDomain (110ms)
	RebuildCommonClasses (12ms)
	RebuildNativeTypeToScriptingClass (22ms)
	initialDomainReloadingComplete (45ms)
	LoadAllAssembliesAndSetupDomain (168ms)
		LoadAssemblies (174ms)
		AnalyzeDomain (14ms)
			TypeCache.Refresh (6ms)
			BuildScriptInfoCaches (6ms)
	FinalizeReload (1899ms)
		SetupLoadedEditorAssemblies (0ms)
			InitializePlatformSupportModulesInManaged (30ms)
			BeforeProcessingInitializeOnLoad (202ms)
			ProcessInitializeOnLoadAttributes (103ms)
			ProcessInitializeOnLoadMethodAttributes (94ms)
			AfterProcessingInitializeOnLoad (3ms)
		AwakeInstancesAfterBackupRestoration (874ms)

Asset Pipeline Refresh (id=b1868ab3d98a9ff4486ba13f3d39e3ff): Total: 5.488 seconds - Initiated by RefreshV2(AllowForceSynchronousImport)
	(Values over 0.05ms)
	Summary:
		Imports: total=0 (actual=0, local cache=0, cache server=0)
		Asset DB Process Time: managed=0 ms, native=3136 ms
		Asset DB Callback time: managed=61 ms, native=59 ms
		Scripting: domain reloads=1, domain reload time=1187 ms, compile time=1044 ms, other=0 ms
		Project Asset Count: scripts=114, non-scripts=81
		Asset File Changes: new=0, changed=1, moved=0, deleted=0
		Scan Filter Count: 0
	InvokePackagesCallback: 4.964ms
	ApplyChangesToAssetFolders: 0.551ms
	Scan: 139.497ms
	Collect global state as custom dependencies: 0.229ms
	OnSourceAssetsModified: 2.916ms
	CategorizeScriptCompilationAssets: 0.078ms
	ProcessAssetsWithTransientArtifactChanges: 0.893ms
	CategorizeAssets: 1.459ms
	CompileScripts: 1043.641ms
	ImportOutOfDateAssets: 1901.009ms (1899.876ms without children)
		UnloadImportedAssets: 0.090ms
		EnsureUptoDateAssetsAreRegisteredWithGuidPM: 0.051ms
		ImportSchedulerStart: 0.989ms
	PostProcessAllAssets: 59.385ms
		MonoPostProcessAllAssets: 58.936ms
			WindowAssetPostprocessingWatcher.OnPostprocessAllAssets 15.537ms
			AssetChangedListener.OnPostprocessAllAssets 10.075ms
			BuilderAssetPostprocessor.OnPostprocessAllAssets 7.598ms
			AssetPostprocessor.OnPostprocessAllAssets 5.466ms
			SpeedTree9Postprocessor.OnPostprocessAllAssets 1.874ms
			SyncVS.PostprocessSyncProject 1.827ms
			RetainedModeAssetPostprocessor.OnPostprocessAllAssets 1.557ms
			EditModeScopePostprocessor.OnPostprocessAllAssets 1.481ms
			TextAssetPostProcessor.OnPostprocessAllAssets 0.759ms
			ArtifactBrowserPostProcessor.OnPostprocessAllAssets 0.632ms
			SpeedTreePostProcessor.OnPostprocessAllAssets 0.538ms
			AudioMixerPostprocessor.OnPostprocessAllAssets 0.406ms
			ReferencedClipsPostProcessor.OnPostprocessAllAssets 0.355ms
			AssetEvents.OnPostprocessAllAssets 0.276ms
			StyleCatalogPostProcessor.OnPostprocessAllAssets 0.273ms
			TerrainToolbarOverlayPostProcessor.OnPostprocessAllAssets 0.261ms
			ConfigAssetsTracker.OnPostprocessAllAssets 0.220ms
			AssetDatabaseCallbacks.OnPostprocessAllAssets 0.189ms
			ScenarioDriftAssetsTracker.OnPostprocessAllAssets 0.183ms
			RenderPipelineGlobalSettingsPostprocessor.OnPostprocessAllAssets 0.162ms
			AudioContainerPostProcessor.OnPostprocessAllAssets 0.091ms
	PostAssetChangesProfiler: 56.775ms
	GatherAllCurrentPrimaryImportResultRevisions: 0.052ms
	GenerateScriptTypeHashes: 0.172ms
	GenerateScriptTypeSerializationHashes: 0.410ms
	Untracked: 1940.476ms

[Licensing::Client] Successfully resolved entitlement details
External Code Editor application path does not exist (C:\Program Files\Microsoft Visual Studio\2022\Community\Common7\IDE\devenv.exe)! Please select a different application.
UnityEngine.Debug:ExtractStackTraceNoAlloc (byte*,int,string)
UnityEngine.StackTraceUtility:ExtractStackTrace ()
UnityEngine.DebugLogHandler:Internal_Log (UnityEngine.LogType,UnityEngine.LogOption,string,UnityEngine.Object)
UnityEngine.DebugLogHandler:LogFormat (UnityEngine.LogType,UnityEngine.Object,string,object[])
UnityEngine.Logger:Log (UnityEngine.LogType,object)
UnityEngine.Debug:LogWarning (object)
UnityEditor.DefaultExternalCodeEditor:OpenProject (string,int,int)
Unity.CodeEditor.CodeEditor:OnOpenAsset (UnityEngine.EntityId,int,int)
UnityEditor.AssetDatabase:OpenAsset (UnityEngine.EntityId,int,int)
UnityEditor.AssetDatabase:OpenAsset (UnityEngine.EntityId)
UnityEditor.ProjectBrowser:OpenAssetSelection (UnityEngine.EntityId[])
UnityEditor.ProjectBrowser:OpenListAreaSelection ()
UnityEditor.ProjectBrowser:ListAreaItemSelectedCallback (bool)
UnityEditor.ObjectListArea:SetSelection (UnityEngine.EntityId[],bool)
UnityEditor.ObjectListArea/LocalGroup:HandleMouseWithDragging (UnityEngine.EntityId,int,UnityEngine.Rect)
UnityEditor.ObjectListArea/LocalGroup:DrawItem (UnityEngine.Rect,UnityEditor.FilteredHierarchy/FilterResult,UnityEditor.BuiltinResource,bool)
UnityEditor.ObjectListArea/LocalGroup:DrawInternal (int,int,single)
UnityEditor.ObjectListArea/Group:Draw (single,UnityEngine.Vector2,int&)
UnityEditor.ObjectListArea:HandleListArea ()
UnityEditor.ObjectListArea:OnGUI (UnityEngine.Rect,int)
UnityEditor.ProjectBrowser:OnGUI ()
UnityEditor.HostView:InvokeOnGUI (UnityEngine.Rect)
UnityEditor.DockArea:DrawView (UnityEngine.Rect)
UnityEditor.DockArea:OldOnGUI ()
UnityEngine.UIElements.IMGUIContainer:DoOnGUI (UnityEngine.Event,UnityEngine.Matrix4x4,UnityEngine.Rect,bool,UnityEngine.Rect,System.Action,bool)
UnityEngine.UIElements.IMGUIContainer:HandleIMGUIEvent (UnityEngine.Event,UnityEngine.Matrix4x4,UnityEngine.Rect,System.Action,bool)
UnityEngine.UIElements.IMGUIContainer:HandleIMGUIEvent (UnityEngine.Event,System.Action,bool)
UnityEngine.UIElements.IMGUIContainer:HandleIMGUIEvent (UnityEngine.Event,bool)
UnityEngine.UIElements.IMGUIContainer:SendEventToIMGUIRaw (UnityEngine.UIElements.EventBase,bool,bool)
UnityEngine.UIElements.IMGUIContainer:SendEventToIMGUI (UnityEngine.UIElements.EventBase,bool,bool)
UnityEngine.UIElements.IMGUIContainer:HandleEventBubbleUp (UnityEngine.UIElements.EventBase)
UnityEngine.UIElements.EventDispatchUtilities:HandleEventAcrossPropagationPathWithCompatibilityEvent (UnityEngine.UIElements.EventBase,UnityEngine.UIElements.EventBase,UnityEngine.UIElements.BaseVisualElementPanel,UnityEngine.UIElements.VisualElement,bool)
UnityEngine.UIElements.EventDispatchUtilities:DispatchToElementUnderPointerOrPanelRoot (UnityEngine.UIElements.EventBase,UnityEngine.UIElements.BaseVisualElementPanel,int,UnityEngine.Vector2)
UnityEngine.UIElements.EventDispatchUtilities:DispatchToCapturingElementOrElementUnderPointer (UnityEngine.UIElements.EventBase,UnityEngine.UIElements.BaseVisualElementPanel,int,UnityEngine.Vector2)
UnityEngine.UIElements.PointerDownEvent:Dispatch (UnityEngine.UIElements.BaseVisualElementPanel)
UnityEngine.UIElements.EventDispatcher:ProcessEvent (UnityEngine.UIElements.EventBase,UnityEngine.UIElements.BaseVisualElementPanel)
UnityEngine.UIElements.EventDispatcher:Dispatch (UnityEngine.UIElements.EventBase,UnityEngine.UIElements.BaseVisualElementPanel,UnityEngine.UIElements.DispatchMode)
UnityEngine.UIElements.BaseVisualElementPanel:SendEvent (UnityEngine.UIElements.EventBase,UnityEngine.UIElements.DispatchMode)
UnityEditor.UIElements.EditorEventDispatchUtility:DoDispatch (UnityEngine.UIElements.BaseVisualElementPanel,UnityEngine.Event)
UnityEditor.UIElements.DefaultWindowBackend:ProcessEvent (UnityEngine.Event)
UnityEditor.GUIView:ProcessEvent (UnityEngine.EntityId,intptr,bool&)

External Code Editor application path does not exist (C:\Program Files\Microsoft Visual Studio\2022\Community\Common7\IDE\devenv.exe)! Please select a different application.
UnityEngine.Debug:ExtractStackTraceNoAlloc (byte*,int,string)
UnityEngine.StackTraceUtility:ExtractStackTrace ()
UnityEngine.DebugLogHandler:Internal_Log (UnityEngine.LogType,UnityEngine.LogOption,string,UnityEngine.Object)
UnityEngine.DebugLogHandler:LogFormat (UnityEngine.LogType,UnityEngine.Object,string,object[])
UnityEngine.Logger:Log (UnityEngine.LogType,object)
UnityEngine.Debug:LogWarning (object)
UnityEditor.DefaultExternalCodeEditor:OpenProject (string,int,int)
Unity.CodeEditor.CodeEditor:OpenProject (string,int,int)
UnityEditor.AssetDatabase:OpenAsset (UnityEngine.EntityId,int,int)
UnityEditor.AssetDatabase:OpenAsset (UnityEngine.EntityId)
UnityEditor.ProjectBrowser:OpenAssetSelection (UnityEngine.EntityId[])
UnityEditor.ProjectBrowser:OpenListAreaSelection ()
UnityEditor.ProjectBrowser:ListAreaItemSelectedCallback (bool)
UnityEditor.ObjectListArea:SetSelection (UnityEngine.EntityId[],bool)
UnityEditor.ObjectListArea/LocalGroup:HandleMouseWithDragging (UnityEngine.EntityId,int,UnityEngine.Rect)
UnityEditor.ObjectListArea/LocalGroup:DrawItem (UnityEngine.Rect,UnityEditor.FilteredHierarchy/FilterResult,UnityEditor.BuiltinResource,bool)
UnityEditor.ObjectListArea/LocalGroup:DrawInternal (int,int,single)
UnityEditor.ObjectListArea/Group:Draw (single,UnityEngine.Vector2,int&)
UnityEditor.ObjectListArea:HandleListArea ()
UnityEditor.ObjectListArea:OnGUI (UnityEngine.Rect,int)
UnityEditor.ProjectBrowser:OnGUI ()
UnityEditor.HostView:InvokeOnGUI (UnityEngine.Rect)
UnityEditor.DockArea:DrawView (UnityEngine.Rect)
UnityEditor.DockArea:OldOnGUI ()
UnityEngine.UIElements.IMGUIContainer:DoOnGUI (UnityEngine.Event,UnityEngine.Matrix4x4,UnityEngine.Rect,bool,UnityEngine.Rect,System.Action,bool)
UnityEngine.UIElements.IMGUIContainer:HandleIMGUIEvent (UnityEngine.Event,UnityEngine.Matrix4x4,UnityEngine.Rect,System.Action,bool)
UnityEngine.UIElements.IMGUIContainer:HandleIMGUIEvent (UnityEngine.Event,System.Action,bool)
UnityEngine.UIElements.IMGUIContainer:HandleIMGUIEvent (UnityEngine.Event,bool)
UnityEngine.UIElements.IMGUIContainer:SendEventToIMGUIRaw (UnityEngine.UIElements.EventBase,bool,bool)
UnityEngine.UIElements.IMGUIContainer:SendEventToIMGUI (UnityEngine.UIElements.EventBase,bool,bool)
UnityEngine.UIElements.IMGUIContainer:HandleEventBubbleUp (UnityEngine.UIElements.EventBase)
UnityEngine.UIElements.EventDispatchUtilities:HandleEventAcrossPropagationPathWithCompatibilityEvent (UnityEngine.UIElements.EventBase,UnityEngine.UIElements.EventBase,UnityEngine.UIElements.BaseVisualElementPanel,UnityEngine.UIElements.VisualElement,bool)
UnityEngine.UIElements.EventDispatchUtilities:DispatchToElementUnderPointerOrPanelRoot (UnityEngine.UIElements.EventBase,UnityEngine.UIElements.BaseVisualElementPanel,int,UnityEngine.Vector2)
UnityEngine.UIElements.EventDispatchUtilities:DispatchToCapturingElementOrElementUnderPointer (UnityEngine.UIElements.EventBase,UnityEngine.UIElements.BaseVisualElementPanel,int,UnityEngine.Vector2)
UnityEngine.UIElements.PointerDownEvent:Dispatch (UnityEngine.UIElements.BaseVisualElementPanel)
UnityEngine.UIElements.EventDispatcher:ProcessEvent (UnityEngine.UIElements.EventBase,UnityEngine.UIElements.BaseVisualElementPanel)
UnityEngine.UIElements.EventDispatcher:Dispatch (UnityEngine.UIElements.EventBase,UnityEngine.UIElements.BaseVisualElementPanel,UnityEngine.UIElements.DispatchMode)
UnityEngine.UIElements.BaseVisualElementPanel:SendEvent (UnityEngine.UIElements.EventBase,UnityEngine.UIElements.DispatchMode)
UnityEditor.UIElements.EditorEventDispatchUtility:DoDispatch (UnityEngine.UIElements.BaseVisualElementPanel,UnityEngine.Event)
UnityEditor.UIElements.DefaultWindowBackend:ProcessEvent (UnityEngine.Event)
UnityEditor.GUIView:ProcessEvent (UnityEngine.EntityId,intptr,bool&)

EditorHelper: Unable to use the external script editor. Trying the internal script editor now.
[Worker0] Imported GUID: 638f614fc4119034490d943d3380d49b - Path: Assets/Scripts/PlayerMovement.cs - Importer: PreviewImporter -> (ImportResultId: 'a268244cc045fee3d0c75d955dbe12a6') in 0.0014866 seconds
Asset Pipeline Refresh (id=146c7bbf1e5aae74ea95624a44a35bb1): Total: 0.183 seconds - Initiated by RefreshV2(AllowForceSynchronousImport)
[Worker0] Imported GUID: 638f614fc4119034490d943d3380d49b - Path: Assets/Scripts/PlayerMovement.cs - Importer: ScriptedImporter/UnityEditor.QuickSearchModule:UnityEditor.Search:ASIAI0B -> (ImportResultId: '1c982fbfff7b41b92922a8be5cbc1367') in 0.2042013 seconds
Asset Pipeline Refresh (id=28c6c59171fad544d80800fc4f5e75cf): Total: 0.075 seconds - Initiated by RefreshV2(AllowForceSynchronousImport)
Asset Pipeline Refresh (id=f4313b31ed4507b49a0e0d3da8e08adc): Total: 0.026 seconds - Initiated by RefreshV2(AllowForceSynchronousImport)
Importing 'GUID: 8cfd574729ae46c45b4c4952e8c9b0dd - Path: Assets/Ghost' with importer (DefaultImporter)
Imported 'GUID: 8cfd574729ae46c45b4c4952e8c9b0dd' -> (Import Result ID: 'b5d03d9c88f62912604759c985ad3485') in 0.052 seconds [static dependencies only]. Details - ImportResultOutputID=c513c8859bd841f1932de5a39bb531e6 DependenciesID=d1bfcdf65d2f994a7774823ee4628c92 StaticDependenciesID=e5e33dfde0213e34caec3bef89c08563 

Asset Pipeline Refresh (id=eefaf736c60d4714ab5751aa364db757): Total: 0.320 seconds - Initiated by StopAssetImportingV2(NoUpdateAssetOptions)
	(Values over 0.05ms)
	Summary:
		Imports: total=1 (actual=1, local cache=0, cache server=0)
		Asset DB Process Time: managed=3 ms, native=302 ms
		Asset DB Callback time: managed=13 ms, native=0 ms
		Scripting: domain reloads=0, domain reload time=0 ms, compile time=0 ms, other=0 ms
		Project Asset Count: scripts=115, non-scripts=81
		Asset File Changes: new=1, changed=1, moved=0, deleted=0
		Scan Filter Count: 2
	ApplyChangesToAssetFolders: 0.077ms
	Scan: 246.607ms
	OnSourceAssetsModified: 1.587ms
	CategorizeAssets: 0.163ms
	ImportOutOfDateAssets: 57.153ms (1.421ms without children)
		ImportManagerImport: 53.481ms (0.846ms without children)
		UnloadImportedAssets: 0.370ms
		EnsureUptoDateAssetsAreRegisteredWithGuidPM: 0.059ms
		ImportSchedulerStart: 1.816ms
	PostProcessAllAssets: 1.403ms
		MonoPostProcessAllAssets: 1.101ms
			AssetChangedListener.OnPostprocessAllAssets 0.504ms
			AssetPostprocessor.OnPostprocessAllAssets 0.130ms
			SyncVS.PostprocessSyncProject 0.082ms
	PostAssetChangesProfiler: 10.903ms
	PersistCurrentRevisions: 0.146ms
	Untracked: 1.821ms

[Worker0] Imported GUID: 8cfd574729ae46c45b4c4952e8c9b0dd - Path: Assets/Ghost - Importer: PreviewImporter -> (ImportResultId: 'd328224ea96c863a20ed5333f5f7c5b3') in 0.0008844 seconds
[Worker0] Imported GUID: 8cfd574729ae46c45b4c4952e8c9b0dd - Path: Assets/Ghost - Importer: ScriptedImporter/UnityEditor.QuickSearchModule:UnityEditor.Search:ASIAI0B -> (ImportResultId: 'f761c20f2c137b2b6d52f232b0223bca') in 0.0217134 seconds
Asset Pipeline Refresh (id=c7f48f1b740fee849aa3345ba948bb5e): Total: 0.019 seconds - Initiated by RefreshV2(AllowForceSynchronousImport)
Asset Pipeline Refresh (id=f0f8cc95d6d990b4da328f1b4971ecf7): Total: 0.008 seconds - Initiated by RefreshV2(AllowForceSynchronousImport)
Importing 'GUID: 34ef6ffce518d464a985b75de9dbecc8 - Path: Assets/Ghost/Ghosts - Layer 4.png' with importer (TextureImporter)
Imported 'GUID: 34ef6ffce518d464a985b75de9dbecc8' -> (Import Result ID: 'fd220c31a5fe6a0a5c6411b6a92d7ad2') in 0.249 seconds [static and dynamic dependencies]. Details - ImportResultOutputID=3e2c2bf441fec398ea53ad6ebadff007 DependenciesID=1167efb7279e6471fb7f621fbb622c20 StaticDependenciesID=60e14456773128deaf967b938a47370d 
Importing 'GUID: c5637f80949c61c4fa194b0c229e8097 - Path: Assets/Ghost/Ghosts - Layer 3 (2).png' with importer (TextureImporter)
Imported 'GUID: c5637f80949c61c4fa194b0c229e8097' -> (Import Result ID: '09a3d0f79d2b96958759e12b644bbc72') in 0.072 seconds [static and dynamic dependencies]. Details - ImportResultOutputID=a61912091738d91ecc68f91246e495ac DependenciesID=713efaa3f4690c22635d315632dca954 StaticDependenciesID=589b9384d395e4f4ef550162b2fc84b4 
Importing 'GUID: 972a02464cac8224c8c030a6dc31f477 - Path: Assets/Ghost/Ghosts - Layer 3.png' with importer (TextureImporter)
Imported 'GUID: 972a02464cac8224c8c030a6dc31f477' -> (Import Result ID: '2e5ef50bb9dd99da2ff676307632f76f') in 0.080 seconds [static and dynamic dependencies]. Details - ImportResultOutputID=f97f91e757c6c9bbfc61d207f7e1e4bf DependenciesID=742a82471e541c29f93aceebef67e968 StaticDependenciesID=fb8f0c0bdf7e160d3ca6c467e01e018c 
Importing 'GUID: b826d68f9c6c68449b1c91542f0fe300 - Path: Assets/Ghost/Ghosts - Layer 1.png' with importer (TextureImporter)
Imported 'GUID: b826d68f9c6c68449b1c91542f0fe300' -> (Import Result ID: '753e91093216673982a0fed9f50d64a4') in 0.068 seconds [static and dynamic dependencies]. Details - ImportResultOutputID=baa319c352714c040348a108d9d74bd8 DependenciesID=30e0b377e57d59e12311f7b3d623c739 StaticDependenciesID=2e2b9047b8580ed477fe4b9cdc39715a 
Importing 'GUID: 8f1c1573cddb63646a85d12a29ad6f09 - Path: Assets/Ghost/Ghosts - Layer 3 (3).png' with importer (TextureImporter)
Imported 'GUID: 8f1c1573cddb63646a85d12a29ad6f09' -> (Import Result ID: '51afee6f7a64677b207c5491cbd27131') in 0.069 seconds [static and dynamic dependencies]. Details - ImportResultOutputID=67fab7eb0afb7cda07723262db499ef0 DependenciesID=ce3b39b254bfbf5bb5e6b632a602d06c StaticDependenciesID=67550b19a867c75f2561c8556ed59f3b 

Asset Pipeline Refresh (id=dc31b9221cd798b419ebd9216aa45b0a): Total: 0.864 seconds - Initiated by RefreshV2(AllowForceSynchronousImport)
	(Values over 0.05ms)
	Summary:
		Imports: total=5 (actual=5, local cache=0, cache server=0)
		Asset DB Process Time: managed=2 ms, native=857 ms
		Asset DB Callback time: managed=3 ms, native=1 ms
		Scripting: domain reloads=0, domain reload time=0 ms, compile time=0 ms, other=0 ms
		Project Asset Count: scripts=115, non-scripts=86
		Asset File Changes: new=5, changed=5, moved=0, deleted=0
		Scan Filter Count: 0
	InvokePackagesCallback: 0.961ms
	ApplyChangesToAssetFolders: 0.112ms
	Scan: 310.261ms
	OnSourceAssetsModified: 0.069ms
	CategorizeAssets: 0.102ms
	ImportOutOfDateAssets: 540.987ms (0.665ms without children)
		ImportManagerImport: 539.133ms (0.174ms without children)
		UnloadImportedAssets: 0.162ms
		ImportSchedulerStart: 0.995ms
	PostProcessAllAssets: 2.004ms
		VersionControlSettings.HiddenFilePostprocess 0.059ms
		MonoPostProcessAllAssets: 1.716ms
			AssetChangedListener.OnPostprocessAllAssets 1.037ms
			TextAssetPostProcessor.OnPostprocessAllAssets 0.365ms
			AssetPostprocessor.OnPostprocessAllAssets 0.092ms
	PostAssetChangesProfiler: 1.915ms
	PersistCurrentRevisions: 0.079ms
	Untracked: 7.245ms

[Worker0] Imported GUID: b826d68f9c6c68449b1c91542f0fe300 - Path: Assets/Ghost/Ghosts - Layer 1.png - Importer: PreviewImporter -> (ImportResultId: '291eb85961eef2bd252e0e5c9d62d611') in 0.7244057 seconds
[Worker1] Imported GUID: 972a02464cac8224c8c030a6dc31f477 - Path: Assets/Ghost/Ghosts - Layer 3.png - Importer: PreviewImporter -> (ImportResultId: 'acc8f2e442f70ecc6bf90c4defa529db') in 0.7107687 seconds
[Worker0] Imported GUID: 34ef6ffce518d464a985b75de9dbecc8 - Path: Assets/Ghost/Ghosts - Layer 4.png - Importer: PreviewImporter -> (ImportResultId: '0293a62884b647237c8e990ab37e069c') in 0.0105661 seconds
[Worker1] Imported GUID: c5637f80949c61c4fa194b0c229e8097 - Path: Assets/Ghost/Ghosts - Layer 3 (2).png - Importer: PreviewImporter -> (ImportResultId: '4ab86d7cdc49894e4dd3732735e2b70a') in 0.0131323 seconds
[Worker0] Imported GUID: 8f1c1573cddb63646a85d12a29ad6f09 - Path: Assets/Ghost/Ghosts - Layer 3 (3).png - Importer: PreviewImporter -> (ImportResultId: 'b2e5438671703e22482f1d1361d62155') in 0.0110001 seconds
[Worker0] Imported GUID: 34ef6ffce518d464a985b75de9dbecc8 - Path: Assets/Ghost/Ghosts - Layer 4.png - Importer: ScriptedImporter/UnityEditor.QuickSearchModule:UnityEditor.Search:ASIAI0B -> (ImportResultId: '7163e5cf980fcb0aa0d5beb089f4a9c8') in 0.0667275 seconds
[Worker0] Imported GUID: 972a02464cac8224c8c030a6dc31f477 - Path: Assets/Ghost/Ghosts - Layer 3.png - Importer: ScriptedImporter/UnityEditor.QuickSearchModule:UnityEditor.Search:ASIAI0B -> (ImportResultId: 'f9453d28a91919618658cac808182010') in 0.0133944 seconds
[Worker0] Imported GUID: b826d68f9c6c68449b1c91542f0fe300 - Path: Assets/Ghost/Ghosts - Layer 1.png - Importer: ScriptedImporter/UnityEditor.QuickSearchModule:UnityEditor.Search:ASIAI0B -> (ImportResultId: 'b00b0d2d27612140e30c8850c394d51c') in 0.0135553 seconds
[Worker0] Imported GUID: 8f1c1573cddb63646a85d12a29ad6f09 - Path: Assets/Ghost/Ghosts - Layer 3 (3).png - Importer: ScriptedImporter/UnityEditor.QuickSearchModule:UnityEditor.Search:ASIAI0B -> (ImportResultId: 'd9c950a9dfa3d5c485c25e9ec2da84cc') in 0.0118244 seconds
[Worker1] Imported GUID: c5637f80949c61c4fa194b0c229e8097 - Path: Assets/Ghost/Ghosts - Layer 3 (2).png - Importer: ScriptedImporter/UnityEditor.QuickSearchModule:UnityEditor.Search:ASIAI0B -> (ImportResultId: '23b50bba6864b1311e41009b2ebcfca2') in 0.1787571 seconds
[Licensing::Client] Successfully resolved entitlement details
[Licensing::Client] Successfully resolved entitlement details
[Licensing::Client] Successfully resolved entitlement details
Asset Pipeline Refresh (id=8e5aa905149dd32469225bd6fe5b7a01): Total: 0.019 seconds - Initiated by RefreshV2(AllowForceSynchronousImport)
Asset Pipeline Refresh (id=89f33ddc067a4654e96118429644ac01): Total: 0.007 seconds - Initiated by RefreshV2(AllowForceSynchronousImport)
Asset Pipeline Refresh (id=8e310a8d30963d14b80824164aebf256): Total: 0.007 seconds - Initiated by RefreshV2(AllowForceSynchronousImport)
Asset Pipeline Refresh (id=173b702d37a6876429aa60a083137147): Total: 0.006 seconds - Initiated by RefreshV2(AllowForceSynchronousImport)
Asset Pipeline Refresh (id=6003cefec155c124d81e4aae79aa361d): Total: 0.006 seconds - Initiated by RefreshV2(AllowForceSynchronousImport)
Importing 'GUID: b826d68f9c6c68449b1c91542f0fe300 - Path: Assets/Ghost/Ghosts - Player 1.png' with importer (TextureImporter)
Imported 'GUID: b826d68f9c6c68449b1c91542f0fe300' -> (Import Result ID: '60cef7841ce8b0de7f4299a3a1329a4d') in 0.149 seconds [static and dynamic dependencies]. Details - ImportResultOutputID=14681f51992b402614a7aea1f3d3a3ba DependenciesID=43257d681cbd0240680dd932544aa0f9 StaticDependenciesID=9f03c61ebca8b84e98e0648d83a46f90 
Asset Pipeline Refresh (id=4740135ac68e2e845bb4de9ac2ae87d2): Total: 0.211 seconds - Initiated by StopAssetImportingV2(NoUpdateAssetOptions)
[Worker0] Imported GUID: b826d68f9c6c68449b1c91542f0fe300 - Path: Assets/Ghost/Ghosts - Player 1.png - Importer: PreviewImporter -> (ImportResultId: '5c22cebfd7b9d5070420fc654e509a09') in 0.0087169 seconds
[Worker0] Imported GUID: b826d68f9c6c68449b1c91542f0fe300 - Path: Assets/Ghost/Ghosts - Player 1.png - Importer: ScriptedImporter/UnityEditor.QuickSearchModule:UnityEditor.Search:ASIAI0B -> (ImportResultId: 'efa3186bc3267c02abb9b138fd34da17') in 0.0104947 seconds
Asset Pipeline Refresh (id=05e146ee3e5fe1e4397fdc8f6516b551): Total: 0.019 seconds - Initiated by RefreshV2(AllowForceSynchronousImport)
Importing 'GUID: b826d68f9c6c68449b1c91542f0fe300 - Path: Assets/Ghost/Ghosts - Player.png' with importer (TextureImporter)
Imported 'GUID: b826d68f9c6c68449b1c91542f0fe300' -> (Import Result ID: '487d4b1c0e8ab76d13613ea8014ef568') in 0.062 seconds [static and dynamic dependencies]. Details - ImportResultOutputID=638b52273b4c020839ca1497156cace6 DependenciesID=ba1dfbd0417321c89a82bea7ea091324 StaticDependenciesID=15fe88aa6aa7376b1495dac016be741f 
Asset Pipeline Refresh (id=a71f3f40f404b6c48b224da9a116787d): Total: 0.093 seconds - Initiated by StopAssetImportingV2(NoUpdateAssetOptions)
[Worker0] Imported GUID: b826d68f9c6c68449b1c91542f0fe300 - Path: Assets/Ghost/Ghosts - Player.png - Importer: PreviewImporter -> (ImportResultId: '12b39f8591b2a430e1142c98bffb83b2') in 0.0069595 seconds
[Worker0] Imported GUID: b826d68f9c6c68449b1c91542f0fe300 - Path: Assets/Ghost/Ghosts - Player.png - Importer: ScriptedImporter/UnityEditor.QuickSearchModule:UnityEditor.Search:ASIAI0B -> (ImportResultId: '8c10c551b8bd8afe793de64c0867397e') in 0.0121395 seconds
[Licensing::Client] Successfully resolved entitlement details
[Licensing::Client] Successfully resolved entitlement details
[Licensing::Client] Successfully resolved entitlement details
Asset Pipeline Refresh (id=93fdba8c04b3a704d861c63dd9e7fe66): Total: 0.018 seconds - Initiated by RefreshV2(AllowForceSynchronousImport)
Asset Pipeline Refresh (id=81ba3e72cb0cb25468c61c90e85b61e0): Total: 0.038 seconds - Initiated by RefreshV2(AllowForceSynchronousImport)
Importing 'GUID: 236b1053103b6c74693a1f1a3998f577 - Path: Assets/Ghost/New Scene.unity' with importer (DefaultImporter)
Imported 'GUID: 236b1053103b6c74693a1f1a3998f577' -> (Import Result ID: '4225983542c6b7700f1b2140e10f8fe9') in 0.004 seconds [static dependencies only]. Details - ImportResultOutputID=1569442683845e7e7947be88f297d1b6 DependenciesID=d7f4e848bde25960428fe9566c1e25cb StaticDependenciesID=4720261480266a95e9773b8569898cd9 
Asset Pipeline Refresh (id=d0cd4db4f793a834992408685580b343): Total: 0.063 seconds - Initiated by StopAssetImportingV2(NoUpdateAssetOptions)
[Worker0] Imported GUID: 236b1053103b6c74693a1f1a3998f577 - Path: Assets/Ghost/New Scene.unity - Importer: PreviewImporter -> (ImportResultId: 'ff9cbd6314bce044e88ff17a8d1ffedd') in 0.0008051 seconds
[Worker0] Imported GUID: 236b1053103b6c74693a1f1a3998f577 - Path: Assets/Ghost/New Scene.unity - Importer: ScriptedImporter/UnityEditor.QuickSearchModule:UnityEditor.Search:ASIAI0B -> (ImportResultId: 'a72702dcc58ee44271e2215809341628') in 0.0126659 seconds
Importing 'GUID: 236b1053103b6c74693a1f1a3998f577 - Path: Assets/Ghost/PlayerTest.unity' with importer (DefaultImporter)
Imported 'GUID: 236b1053103b6c74693a1f1a3998f577' -> (Import Result ID: '9c88496d9f2e97b7d3267b677565cefa') in 0.003 seconds [static dependencies only]. Details - ImportResultOutputID=13b44d9eca4bf33f4c737de40c395682 DependenciesID=b40367fa9f07048a7076b48d851d9b0a StaticDependenciesID=3741ddb66fa3505eb0cf53718d251b71 
Asset Pipeline Refresh (id=b1df3e19cdbdd9545bfe090ec8d5e2ee): Total: 0.019 seconds - Initiated by StopAssetImportingV2(NoUpdateAssetOptions)
[Worker0] Imported GUID: 236b1053103b6c74693a1f1a3998f577 - Path: Assets/Ghost/PlayerTest.unity - Importer: PreviewImporter -> (ImportResultId: '2f7d53d6aa5adb5fe79fc2673b13ac72') in 0.0008356 seconds
[Worker0] Imported GUID: 236b1053103b6c74693a1f1a3998f577 - Path: Assets/Ghost/PlayerTest.unity - Importer: ScriptedImporter/UnityEditor.QuickSearchModule:UnityEditor.Search:ASIAI0B -> (ImportResultId: '929ae79c216acdd8f243ff363e0fb995') in 0.0095159 seconds
Asset Pipeline Refresh (id=9b22aaed36c7cea4d9d0b1d79f1efca0): Total: 0.019 seconds - Initiated by StopAssetImportingV2(NoUpdateAssetOptions)
Asset Pipeline Refresh (id=93f5adc73f2eb9242997b673435fea33): Total: 0.001 seconds - Initiated by StopAssetImportingV2(NoUpdateAssetOptions)
[Worker0] Imported GUID: 236b1053103b6c74693a1f1a3998f577 - Path: Assets/PlayerTest.unity - Importer: ScriptedImporter/UnityEditor.QuickSearchModule:UnityEditor.Search:ASIAI0B -> (ImportResultId: '876c7bca5119f7a14e5946ca695fd56c') in 0.0112386 seconds
Importing 'GUID: b00acb8f299cbb445a4e12d232be1ffd - Path: Assets/Scenes' with importer (DefaultImporter)
Imported 'GUID: b00acb8f299cbb445a4e12d232be1ffd' -> (Import Result ID: '52005aeb27e27a7b88d4f250b5899099') in 0.101 seconds [static dependencies only]. Details - ImportResultOutputID=8c3f8d48310d2195d2e5d31e7400add1 DependenciesID=97631bb7c0b5273e6d204db73ccda066 StaticDependenciesID=a0c7eeaf215d6721ad3c7198946e4afe 

Asset Pipeline Refresh (id=025ef72c140d4814aaef4f2a0a469531): Total: 0.320 seconds - Initiated by StopAssetImportingV2(NoUpdateAssetOptions)
	(Values over 0.05ms)
	Summary:
		Imports: total=1 (actual=1, local cache=0, cache server=0)
		Asset DB Process Time: managed=0 ms, native=312 ms
		Asset DB Callback time: managed=6 ms, native=0 ms
		Scripting: domain reloads=0, domain reload time=0 ms, compile time=0 ms, other=0 ms
		Project Asset Count: scripts=116, non-scripts=87
		Asset File Changes: new=1, changed=1, moved=0, deleted=0
		Scan Filter Count: 2
	ApplyChangesToAssetFolders: 0.076ms
	Scan: 199.888ms
	Collect global state as custom dependencies: 0.071ms
	OnSourceAssetsModified: 0.124ms
	CategorizeAssets: 0.239ms
	ImportOutOfDateAssets: 109.654ms (3.132ms without children)
		ImportManagerImport: 102.381ms (0.160ms without children)
		UnloadImportedAssets: 0.689ms
		EnsureUptoDateAssetsAreRegisteredWithGuidPM: 0.124ms
		ImportSchedulerStart: 3.321ms
	PostProcessAllAssets: 1.575ms
		VersionControlSettings.HiddenFilePostprocess 0.066ms
		MonoPostProcessAllAssets: 1.100ms
			AssetPostprocessor.OnPostprocessAllAssets 0.174ms
			SyncVS.PostprocessSyncProject 0.146ms
			AssetChangedListener.OnPostprocessAllAssets 0.146ms
	PostAssetChangesProfiler: 5.546ms
	PersistCurrentRevisions: 0.273ms
	Untracked: 2.590ms

[Worker0] Imported GUID: b00acb8f299cbb445a4e12d232be1ffd - Path: Assets/Scenes - Importer: PreviewImporter -> (ImportResultId: '2376daa41ba040e817f46351a4fd0879') in 0.0007242 seconds
[Worker0] Imported GUID: b00acb8f299cbb445a4e12d232be1ffd - Path: Assets/Scenes - Importer: ScriptedImporter/UnityEditor.QuickSearchModule:UnityEditor.Search:ASIAI0B -> (ImportResultId: '7cde78d15a71da78b2fedc69010fcfda') in 0.0045132 seconds
Asset Pipeline Refresh (id=4fb6bcd3a40fbce48b28ce1268050947): Total: 0.013 seconds - Initiated by StopAssetImportingV2(NoUpdateAssetOptions)
Asset Pipeline Refresh (id=e59c6df45414feb47968f2e4ac3f0499): Total: 0.001 seconds - Initiated by StopAssetImportingV2(NoUpdateAssetOptions)
[Worker0] Imported GUID: 236b1053103b6c74693a1f1a3998f577 - Path: Assets/Scenes/PlayerTest.unity - Importer: ScriptedImporter/UnityEditor.QuickSearchModule:UnityEditor.Search:ASIAI0B -> (ImportResultId: 'da41fd6216ba789ab9ec823c89edba10') in 0.0077915 seconds
Opening scene 'Assets/Scenes/PlayerTest.unity'
Unloading 0 Unused Serialized files (Serialized files now loaded: 0)
Loaded scene 'Assets/Scenes/PlayerTest.unity'
	Deserialize:            9.803 ms
	Integration:            60.286 ms
	Integration of assets:  0.007 ms
	Thread Wait Time:       0.044 ms
	Total Operation Time:   70.139 ms
Unloading 76 unused Assets / (17.1 MB). Loaded Objects now: 1824.
Memory consumption went from 407.4 MB to 390.3 MB.
Total: 21.150900 ms (FindLiveObjects: 0.146000 ms CreateObjectMapping: 0.032100 ms MarkObjects: 16.144400 ms  DeleteObjects: 4.827200 ms)

Importing 'GUID: e1fc82e946fca7c4290faaaf8facdcff - Path: Assets/Scenes/New Folder' with importer (DefaultImporter)
Imported 'GUID: e1fc82e946fca7c4290faaaf8facdcff' -> (Import Result ID: '8cbae82cbffec5c563b61c9cd763dce4') in 0.108 seconds [static dependencies only]. Details - ImportResultOutputID=f05c983996bb8dfc0d258cbd0b551e2a DependenciesID=80e0b87b051f4306018d89413e211187 StaticDependenciesID=72b3b8bba709a76c8fd11c91cbd2f4b7 
Asset Pipeline Refresh (id=27c267b4368456b4ab983aada5593161): Total: 0.195 seconds - Initiated by StopAssetImportingV2(NoUpdateAssetOptions)
[Worker0] Imported GUID: e1fc82e946fca7c4290faaaf8facdcff - Path: Assets/Scenes/New Folder - Importer: PreviewImporter -> (ImportResultId: '45e6514a72ed78d7bdb9c636971c00d7') in 0.0005153 seconds
[Worker0] Imported GUID: e1fc82e946fca7c4290faaaf8facdcff - Path: Assets/Scenes/New Folder - Importer: ScriptedImporter/UnityEditor.QuickSearchModule:UnityEditor.Search:ASIAI0B -> (ImportResultId: '3cdcf22412fba0200dc977ca45e088d1') in 0.0093077 seconds
Asset Pipeline Refresh (id=15d2c95f1b0715443aa841d041287cb5): Total: 0.020 seconds - Initiated by StopAssetImportingV2(NoUpdateAssetOptions)
Asset Pipeline Refresh (id=e3e8138269c23474db0ccb55bbec98a4): Total: 0.196 seconds - Initiated by RefreshV2(ForceSynchronousImport)
Importing 'GUID: 7baafb2209f1be8478273c045829e282 - Path: Assets/Scenes/MainScene.unity' with importer (DefaultImporter)
Imported 'GUID: 7baafb2209f1be8478273c045829e282' -> (Import Result ID: 'c73aecd3a25d9e7e44f1483546f422a9') in 0.005 seconds [static dependencies only]. Details - ImportResultOutputID=d15905e80b246eb8cc1b9c2f269caf22 DependenciesID=54d4abe5dacbedebdee93b4a5b73b707 StaticDependenciesID=936c396c93579aeafcfdaae920ad63d3 
Asset Pipeline Refresh (id=b4d7c61ce2180274f99b0d6d81bee78d): Total: 0.055 seconds - Initiated by StopAssetImportingV2(NoUpdateAssetOptions)
[Worker0] Imported GUID: 7baafb2209f1be8478273c045829e282 - Path: Assets/Scenes/MainScene.unity - Importer: PreviewImporter -> (ImportResultId: '0185b8a8d091755768a8509f87c6d05a') in 0.0008503 seconds
[Worker0] Imported GUID: 7baafb2209f1be8478273c045829e282 - Path: Assets/Scenes/MainScene.unity - Importer: ScriptedImporter/UnityEditor.QuickSearchModule:UnityEditor.Search:ASIAI0B -> (ImportResultId: '5a881497bf039a9579008d4e3fa50a67') in 0.0121253 seconds
Opening scene 'Assets/Scenes/PlayerTest.unity'
Unloading 1 Unused Serialized files (Serialized files now loaded: 0)
Loaded scene 'Assets/Scenes/PlayerTest.unity'
	Deserialize:            0.461 ms
	Integration:            13.607 ms
	Integration of assets:  0.001 ms
	Thread Wait Time:       0.041 ms
	Total Operation Time:   14.111 ms
Unloading 9 unused Assets / (49.5 KB). Loaded Objects now: 1824.
Memory consumption went from 384.5 MB to 384.4 MB.
Total: 14.320600 ms (FindLiveObjects: 0.128600 ms CreateObjectMapping: 0.022000 ms MarkObjects: 14.133000 ms  DeleteObjects: 0.036100 ms)

Opening scene 'Assets/Scenes/PlayerTest.unity'
Unloading 1 Unused Serialized files (Serialized files now loaded: 0)
Loaded scene 'Assets/Scenes/PlayerTest.unity'
	Deserialize:            1.068 ms
	Integration:            20.519 ms
	Integration of assets:  0.002 ms
	Thread Wait Time:       0.061 ms
	Total Operation Time:   21.650 ms
Unloading 0 unused Assets / (36.2 KB). Loaded Objects now: 1824.
Memory consumption went from 384.3 MB to 384.2 MB.
Total: 19.259600 ms (FindLiveObjects: 0.159800 ms CreateObjectMapping: 0.028500 ms MarkObjects: 19.052000 ms  DeleteObjects: 0.018300 ms)

Opening scene 'Assets/Scenes/MainScene.unity'
Unloading 1 Unused Serialized files (Serialized files now loaded: 0)
Loaded scene 'Assets/Scenes/MainScene.unity'
	Deserialize:            0.992 ms
	Integration:            24.535 ms
	Integration of assets:  0.002 ms
	Thread Wait Time:       0.065 ms
	Total Operation Time:   25.594 ms
Unloading 2 unused Assets / (39.2 KB). Loaded Objects now: 1824.
Memory consumption went from 384.2 MB to 384.2 MB.
Total: 15.463000 ms (FindLiveObjects: 0.177800 ms CreateObjectMapping: 0.025500 ms MarkObjects: 15.212300 ms  DeleteObjects: 0.034300 ms)

Opening scene 'Assets/Scenes/PlayerTest.unity'
Unloading 1 Unused Serialized files (Serialized files now loaded: 0)
Loaded scene 'Assets/Scenes/PlayerTest.unity'
	Deserialize:            0.425 ms
	Integration:            13.864 ms
	Integration of assets:  0.001 ms
	Thread Wait Time:       0.039 ms
	Total Operation Time:   14.330 ms
Unloading 2 unused Assets / (38.6 KB). Loaded Objects now: 1824.
Memory consumption went from 384.2 MB to 384.2 MB.
Total: 16.172800 ms (FindLiveObjects: 0.143600 ms CreateObjectMapping: 0.023100 ms MarkObjects: 15.953800 ms  DeleteObjects: 0.051400 ms)

Asset Pipeline Refresh (id=d2aefc6b230de4342afe5dc8b20f6c6a): Total: 0.062 seconds - Initiated by RefreshV2(AllowForceSynchronousImport)
Asset Pipeline Refresh (id=82a42992c4b25e2429a0d2036bbe4b1e): Total: 0.010 seconds - Initiated by RefreshV2(AllowForceSynchronousImport)
[Licensing::Client] Successfully resolved entitlement details
[Licensing::Client] Successfully resolved entitlement details
[Package Manager] Done resolving packages in 0.19 seconds
[Licensing::Client] Successfully resolved entitlement details
[Package Manager] Registered 38 packages:
  Built-in packages:
    com.unity.2d.sprite@1.0.0 (location: E:\GameDev\ITCS-4236-5236-Group-5-Project\Library\PackageCache\com.unity.2d.sprite@053a968eab56)
    com.unity.multiplayer.center@1.0.1 (location: E:\GameDev\ITCS-4236-5236-Group-5-Project\Library\PackageCache\com.unity.multiplayer.center@b860850997d0)
    com.unity.modules.accessibility@1.0.0 (location: E:\GameDev\ITCS-4236-5236-Group-5-Project\Library\PackageCache\com.unity.modules.accessibility)
    com.unity.modules.adaptiveperformance@1.0.0 (location: E:\GameDev\ITCS-4236-5236-Group-5-Project\Library\PackageCache\com.unity.modules.adaptiveperformance)
    com.unity.modules.ai@1.0.0 (location: E:\GameDev\ITCS-4236-5236-Group-5-Project\Library\PackageCache\com.unity.modules.ai)
    com.unity.modules.androidjni@1.0.0 (location: E:\GameDev\ITCS-4236-5236-Group-5-Project\Library\PackageCache\com.unity.modules.androidjni)
    com.unity.modules.animation@1.0.0 (location: E:\GameDev\ITCS-4236-5236-Group-5-Project\Library\PackageCache\com.unity.modules.animation)
    com.unity.modules.assetbundle@1.0.0 (location: E:\GameDev\ITCS-4236-5236-Group-5-Project\Library\PackageCache\com.unity.modules.assetbundle)
    com.unity.modules.audio@1.0.0 (location: E:\GameDev\ITCS-4236-5236-Group-5-Project\Library\PackageCache\com.unity.modules.audio)
    com.unity.modules.cloth@1.0.0 (location: E:\GameDev\ITCS-4236-5236-Group-5-Project\Library\PackageCache\com.unity.modules.cloth)
    com.unity.modules.director@1.0.0 (location: E:\GameDev\ITCS-4236-5236-Group-5-Project\Library\PackageCache\com.unity.modules.director)
    com.unity.modules.imageconversion@1.0.0 (location: E:\GameDev\ITCS-4236-5236-Group-5-Project\Library\PackageCache\com.unity.modules.imageconversion)
    com.unity.modules.imgui@1.0.0 (location: E:\GameDev\ITCS-4236-5236-Group-5-Project\Library\PackageCache\com.unity.modules.imgui)
    com.unity.modules.jsonserialize@1.0.0 (location: E:\GameDev\ITCS-4236-5236-Group-5-Project\Library\PackageCache\com.unity.modules.jsonserialize)
    com.unity.modules.particlesystem@1.0.0 (location: E:\GameDev\ITCS-4236-5236-Group-5-Project\Library\PackageCache\com.unity.modules.particlesystem)
    com.unity.modules.physics@1.0.0 (location: E:\GameDev\ITCS-4236-5236-Group-5-Project\Library\PackageCache\com.unity.modules.physics)
    com.unity.modules.physics2d@1.0.0 (location: E:\GameDev\ITCS-4236-5236-Group-5-Project\Library\PackageCache\com.unity.modules.physics2d)
    com.unity.modules.physicscore2d@1.0.0 (location: E:\GameDev\ITCS-4236-5236-Group-5-Project\Library\PackageCache\com.unity.modules.physicscore2d)
    com.unity.modules.screencapture@1.0.0 (location: E:\GameDev\ITCS-4236-5236-Group-5-Project\Library\PackageCache\com.unity.modules.screencapture)
    com.unity.modules.terrain@1.0.0 (location: E:\GameDev\ITCS-4236-5236-Group-5-Project\Library\PackageCache\com.unity.modules.terrain)
    com.unity.modules.terrainphysics@1.0.0 (location: E:\GameDev\ITCS-4236-5236-Group-5-Project\Library\PackageCache\com.unity.modules.terrainphysics)
    com.unity.modules.tilemap@1.0.0 (location: E:\GameDev\ITCS-4236-5236-Group-5-Project\Library\PackageCache\com.unity.modules.tilemap)
    com.unity.modules.ui@1.0.0 (location: E:\GameDev\ITCS-4236-5236-Group-5-Project\Library\PackageCache\com.unity.modules.ui)
    com.unity.modules.uielements@1.0.0 (location: E:\GameDev\ITCS-4236-5236-Group-5-Project\Library\PackageCache\com.unity.modules.uielements)
    com.unity.modules.umbra@1.0.0 (location: E:\GameDev\ITCS-4236-5236-Group-5-Project\Library\PackageCache\com.unity.modules.umbra)
    com.unity.modules.unityanalytics@1.0.0 (location: E:\GameDev\ITCS-4236-5236-Group-5-Project\Library\PackageCache\com.unity.modules.unityanalytics)
    com.unity.modules.unitywebrequest@1.0.0 (location: E:\GameDev\ITCS-4236-5236-Group-5-Project\Library\PackageCache\com.unity.modules.unitywebrequest)
    com.unity.modules.unitywebrequestassetbundle@1.0.0 (location: E:\GameDev\ITCS-4236-5236-Group-5-Project\Library\PackageCache\com.unity.modules.unitywebrequestassetbundle)
    com.unity.modules.unitywebrequestaudio@1.0.0 (location: E:\GameDev\ITCS-4236-5236-Group-5-Project\Library\PackageCache\com.unity.modules.unitywebrequestaudio)
    com.unity.modules.unitywebrequesttexture@1.0.0 (location: E:\GameDev\ITCS-4236-5236-Group-5-Project\Library\PackageCache\com.unity.modules.unitywebrequesttexture)
    com.unity.modules.unitywebrequestwww@1.0.0 (location: E:\GameDev\ITCS-4236-5236-Group-5-Project\Library\PackageCache\com.unity.modules.unitywebrequestwww)
    com.unity.modules.vectorgraphics@1.0.0 (location: E:\GameDev\ITCS-4236-5236-Group-5-Project\Library\PackageCache\com.unity.modules.vectorgraphics)
    com.unity.modules.vehicles@1.0.0 (location: E:\GameDev\ITCS-4236-5236-Group-5-Project\Library\PackageCache\com.unity.modules.vehicles)
    com.unity.modules.video@1.0.0 (location: E:\GameDev\ITCS-4236-5236-Group-5-Project\Library\PackageCache\com.unity.modules.video)
    com.unity.modules.wind@1.0.0 (location: E:\GameDev\ITCS-4236-5236-Group-5-Project\Library\PackageCache\com.unity.modules.wind)
    com.unity.modules.xr@1.0.0 (location: E:\GameDev\ITCS-4236-5236-Group-5-Project\Library\PackageCache\com.unity.modules.xr)
    com.unity.modules.subsystems@1.0.0 (location: E:\GameDev\ITCS-4236-5236-Group-5-Project\Library\PackageCache\com.unity.modules.subsystems)
    com.unity.modules.hierarchycore@1.0.0 (location: E:\GameDev\ITCS-4236-5236-Group-5-Project\Library\PackageCache\com.unity.modules.hierarchycore)
[Subsystems] No new subsystems found in resolved package list.
[Package Manager] Done registering packages in 0.01 seconds
[ScriptCompilation] Requested script compilation because: Assembly Definition File(s) changed
[ScriptCompilation] Requested script compilation because: AssetDatabase observed changes in script compilation related files
[Licensing::Client] Successfully resolved entitlement details
info: Microsoft.AspNetCore.Hosting.Diagnostics[1]
      Request starting HTTP/2 POST http://ilpp/UnityILPP.PostProcessing/Ping - application/grpc -
info: Microsoft.AspNetCore.Routing.EndpointMiddleware[0]
      Executing endpoint 'gRPC - /UnityILPP.PostProcessing/Ping'
info: Microsoft.AspNetCore.Routing.EndpointMiddleware[1]
      Executed endpoint 'gRPC - /UnityILPP.PostProcessing/Ping'
info: Microsoft.AspNetCore.Hosting.Diagnostics[2]
      Request finished HTTP/2 POST http://ilpp/UnityILPP.PostProcessing/Ping - 200 - application/grpc 0.3345ms
Starting: D:\Unity\6000.5.3f1\Editor\Data\Tools\BuildPipeline\bee_backend.exe --ipc --defer-dag-verification --dagfile="Library/Bee/1900b0aE.dag" --continue-on-failure --profile="Library/Bee/backend1.traceevents" ScriptAssemblies
WorkingDir: E:/GameDev/ITCS-4236-5236-Group-5-Project
Starting: D:\Unity\6000.5.3f1\Editor\Data\netcorerun\netcorerun.exe "D:\Unity\6000.5.3f1\Editor\Data\Tools\BuildPipeline\ScriptCompilationBuildProgram.exe" "Library/Bee/1900b0aE.dag.json" "Library/Bee/1900b0aE-inputdata.json" "Library\Bee\buildprogram0.traceevents"
WorkingDir: E:/GameDev/ITCS-4236-5236-Group-5-Project
ExitCode: 4 Duration: 0s749ms
Rebuilding DAG because FileSignature timestamp changed: Library/Bee/1900b0aE-inputdata.json
*** Tundra requires additional run (0.12 seconds), 0 items updated, 185 evaluated
ExitCode: 0 Duration: 2s860ms
Starting: D:\Unity\6000.5.3f1\Editor\Data\Tools\BuildPipeline\bee_backend.exe --ipc --defer-dag-verification --dagfile="Library/Bee/1900b0aE.dag" --continue-on-failure --dagfilejson="Library\Bee\1900b0aE.dag.json" --profile="Library/Bee/backend2.traceevents" ScriptAssemblies
WorkingDir: E:/GameDev/ITCS-4236-5236-Group-5-Project
ExitCode: 0 Duration: 21s
Finished compiling graph: 197 nodes, 1059 flattened edges (1029 ToBuild, 8 ToUse), maximum node priority 39
[179/194    0s] WriteText Library/Bee/artifacts/1900b0aE.dag/Assembly-CSharp.rsp
[180/194    0s] WriteText Library/Bee/artifacts/1900b0aE.dag/Unity.2D.Sprite.Editor.rsp2
[181/194    0s] WriteText Library/Bee/artifacts/1900b0aE.dag/Unity.2D.Sprite.Editor.UnityAdditionalFile.txt
[182/194    0s] WriteText Library/Bee/artifacts/1900b0aE.dag/Unity.2D.Sprite.Editor.dll.mvfrm.rsp
[183/194    0s] WriteText Library/Bee/artifacts/1900b0aE.dag/Unity.2D.Sprite.Editor.rsp
[184/194    0s] WriteText Library/Bee/artifacts/1900b0aE.dag/Assembly-CSharp.dll.mvfrm.rsp
[185/194    0s] MovedFromExtractor-Combine Library/Bee/artifacts/1900b0aE.dag/Unity.2D.Sprite.Editor.dll.mvfrm
[           0s] Csc Library/Bee/artifacts/1900b0aE.dag/Unity.2D.Sprite.Editor.dll (+2 others) [CacheMiss 91a4b202a5143e2a87f443633eef136e00000000000000000000000000000006]
[BUSY       6s] Csc Library/Bee/artifacts/1900b0aE.dag/Unity.2D.Sprite.Editor.dll (+2 others)
[BUSY      16s] Csc Library/Bee/artifacts/1900b0aE.dag/Unity.2D.Sprite.Editor.dll (+2 others)
[186/194   18s] Csc Library/Bee/artifacts/1900b0aE.dag/Unity.2D.Sprite.Editor.dll (+2 others)
[           0s] Csc Library/Bee/artifacts/1900b0aE.dag/Unity.2D.Sprite.Editor.dll (+2 others) [CacheWrite 91a4b202a5143e2a87f443633eef136e00000000000000000000000000000006]
[187/194    0s] CopyFiles Library/ScriptAssemblies/Unity.2D.Sprite.Editor.pdb
[188/194    0s] CopyFiles Library/ScriptAssemblies/Unity.2D.Sprite.Editor.dll
[189/194    0s] MovedFromExtractor Library/Bee/artifacts/mvdfrm/Unity.2D.Sprite.Editor.ref.dll_DDBAA27A82CE9E28.mvfrm
[190/194    0s] MovedFromExtractor-Combine Library/Bee/artifacts/1900b0aE.dag/Assembly-CSharp.dll.mvfrm
[191/194    2s] Csc Library/Bee/artifacts/1900b0aE.dag/Assembly-CSharp.dll (+2 others)
[192/194    0s] CopyFiles Library/ScriptAssemblies/Assembly-CSharp.dll
[193/194    0s] CopyFiles Library/ScriptAssemblies/Assembly-CSharp.pdb
*** Tundra build success (21.75 seconds), 15 items updated, 194 evaluated
Reloading assemblies after forced synchronous recompile.
Begin MonoManager ReloadAssembly
Total cache size 265745540
Total cache size after purge 265745540, took 00:00:00.5083914
Importing 'GUID: 2e807806bf2b76cc518cb2475c77eba8 - Path: Packages/com.unity.2d.sprite' with importer (DefaultImporter)
Imported 'GUID: 2e807806bf2b76cc518cb2475c77eba8' -> (Import Result ID: '16b53c5161449d3b7975cab8858575eb') in 0.016 seconds [static dependencies only]. Details - ImportResultOutputID=a97626035c794fff97b50fc3f5a8edc9 DependenciesID=64b0227b50de763b61496eef241c1693 StaticDependenciesID=218c0efc65c12b075373bef787c211a8 
Importing 'GUID: 16fa2ad734f422245b86558310973ad1 - Path: Packages/com.unity.2d.sprite/Editor' with importer (DefaultImporter)
Imported 'GUID: 16fa2ad734f422245b86558310973ad1' -> (Import Result ID: 'e0f8125fb9d3b5815fa9afd6919a74ac') in 0.001 seconds [static dependencies only]. Details - ImportResultOutputID=ac55e04cd8a29cce981cbefa60af4073 DependenciesID=9b829b3495fca2e3a3d87d5ca1200731 StaticDependenciesID=fbfe5bc9d55217ec092a4a893104bcac 
Importing 'GUID: 7e2656e167a517b4d8552ba38f4b7bbe - Path: Packages/com.unity.2d.sprite/Tests' with importer (DefaultImporter)
Imported 'GUID: 7e2656e167a517b4d8552ba38f4b7bbe' -> (Import Result ID: 'fe6f132599d0ca2aff912a80ef275add') in 0.001 seconds [static dependencies only]. Details - ImportResultOutputID=2c7ee6764a8f07b4613ddcb6e70fe475 DependenciesID=e0948ca47ae14625d234f9f55ea28ca4 StaticDependenciesID=10e85145fc968497a8aad73b9880f31d 
Importing 'GUID: 20c685e07fa93400e9c30b0326f57bfd - Path: Packages/com.unity.2d.sprite/Editor/Assets' with importer (DefaultImporter)
Imported 'GUID: 20c685e07fa93400e9c30b0326f57bfd' -> (Import Result ID: '3d31a2c4db024220a64e0af50b7a290f') in 0.001 seconds [static dependencies only]. Details - ImportResultOutputID=ed745567ed8f3723d33290b1f6e8fd7e DependenciesID=13a45bd1d96e01c28a7e6c336dad91ca StaticDependenciesID=a8adc31d7a2e9e45ded4eabe294fca8f 
Importing 'GUID: b1c7f0c50b0c1d7458d2d0a50ebfefef - Path: Packages/com.unity.2d.sprite/Editor/Interface' with importer (DefaultImporter)
Imported 'GUID: b1c7f0c50b0c1d7458d2d0a50ebfefef' -> (Import Result ID: '0a70a7e98ba8c5315dbc8466b09d3e03') in 0.003 seconds [static dependencies only]. Details - ImportResultOutputID=2b48f4f685a243cc441b430bed4477ef DependenciesID=cd41877e6a30485ec56c30b3a58740d0 StaticDependenciesID=152ac96b2957cc298d2da3add2b55023 
Importing 'GUID: 93511675f113bf744a830b91761ead82 - Path: Packages/com.unity.2d.sprite/Editor/UI' with importer (DefaultImporter)
Imported 'GUID: 93511675f113bf744a830b91761ead82' -> (Import Result ID: '9bc2271d105b45cd749e77d7eef02712') in 0.001 seconds [static dependencies only]. Details - ImportResultOutputID=ac08434c0f629cb63214b82f44db6617 DependenciesID=60e9cbb31847e060022d6fe8781557d3 StaticDependenciesID=f7561e5c11c98d1ec01db974534ecefb 
Importing 'GUID: d32377b23cb0c8b46a545d7014fff425 - Path: Packages/com.unity.2d.sprite/Editor/SpriteEditor' with importer (DefaultImporter)
Imported 'GUID: d32377b23cb0c8b46a545d7014fff425' -> (Import Result ID: '07633552e72d8deed24456f11c98bd1e') in 0.003 seconds [static dependencies only]. Details - ImportResultOutputID=ceddca0c9edf14f550d2bf06264b1b73 DependenciesID=ce8dac3d1e5e10a7f8c4629b84853365 StaticDependenciesID=cedb81e74caed29b927852285c9dd09f 
Importing 'GUID: 7a102b8a65a8437b961da9f48269e876 - Path: Packages/com.unity.2d.sprite/Editor/Undo' with importer (DefaultImporter)
Imported 'GUID: 7a102b8a65a8437b961da9f48269e876' -> (Import Result ID: '3e6c29ed5998fdbcd8f155c1cf59c980') in 0.003 seconds [static dependencies only]. Details - ImportResultOutputID=fa185a01a4532434ba3db898de91c2cf DependenciesID=b7f0c85f81e5ab7f24d200387a01d9dc StaticDependenciesID=7ace75ad030e3dcb160fae4a5f6340dc 
Importing 'GUID: ab4bbc8deeeb005438fa5034a454be7b - Path: Packages/com.unity.2d.sprite/Editor/SpriteEditorModule' with importer (DefaultImporter)
Imported 'GUID: ab4bbc8deeeb005438fa5034a454be7b' -> (Import Result ID: '0a55af85eb5d0837d6848ae42ca27ea2') in 0.003 seconds [static dependencies only]. Details - ImportResultOutputID=fc2310c6f81e4931f0a40a61438d3d50 DependenciesID=d92656160355a7f1227236c1b3b9bb18 StaticDependenciesID=6e4a8da301239e4f32424a26f375b424 
Importing 'GUID: ccbbef892d435144aa8a0f9fd5ccee51 - Path: Packages/com.unity.2d.sprite/Editor/ShapeEditor' with importer (DefaultImporter)
Imported 'GUID: ccbbef892d435144aa8a0f9fd5ccee51' -> (Import Result ID: '1363aa86b1c4fef57ba921c4392e4eb2') in 0.003 seconds [static dependencies only]. Details - ImportResultOutputID=3984e2b3eac0ddaa1ea65e388b57ad5e DependenciesID=bd70ce2679ca65d896015592fd67f247 StaticDependenciesID=5d133586887cfa7076caee862bc9c007 
Importing 'GUID: dcc63292bf8cfd543b11bfdebe99cd02 - Path: Packages/com.unity.2d.sprite/Tests/Editor' with importer (DefaultImporter)
Imported 'GUID: dcc63292bf8cfd543b11bfdebe99cd02' -> (Import Result ID: '03905dd266698a7754a983ebda93426b') in 0.001 seconds [static dependencies only]. Details - ImportResultOutputID=e65176c621ecf82ea377f930c840e66f DependenciesID=71c2a1f75d6bbcf401e77ffe8d94d3cb StaticDependenciesID=39d5d4bc937ea1460af745251d54e725 
Importing 'GUID: ffc051df01eb64128a79b31b97748c4c - Path: Packages/com.unity.2d.sprite/Editor/ObjectMenuCreation' with importer (DefaultImporter)
Imported 'GUID: ffc051df01eb64128a79b31b97748c4c' -> (Import Result ID: '0ef81a56429a3c0288312bd409af6816') in 0.004 seconds [static dependencies only]. Details - ImportResultOutputID=67fc41111afabe6106a4855dbc6b22ff DependenciesID=301266c2c23afc21d9dd4c640618d7c9 StaticDependenciesID=8a7e21cd014b5864ff8accc1977a9d29 
Importing 'GUID: e1a3bd001331f2049913323736d02a48 - Path: Packages/com.unity.2d.sprite/Editor/SpriteEditorModule/SpriteFrameModule' with importer (DefaultImporter)
Imported 'GUID: e1a3bd001331f2049913323736d02a48' -> (Import Result ID: '85ee93d4e6f8df82b9304d4a6926f404') in 0.003 seconds [static dependencies only]. Details - ImportResultOutputID=d1e8730287633b5f5fafbc8605b6dbcd DependenciesID=b91684a7697706f1fc9bb22b077ddfe0 StaticDependenciesID=498a4335dda24b9fb78543ff6fd05399 
Importing 'GUID: b8f7402084fe2cf4d884952adeac1114 - Path: Packages/com.unity.2d.sprite/Editor/UI/SpriteEditor' with importer (DefaultImporter)
Imported 'GUID: b8f7402084fe2cf4d884952adeac1114' -> (Import Result ID: 'e8a764ef108528b5560986cae7ee690a') in 0.001 seconds [static dependencies only]. Details - ImportResultOutputID=d1b535dc3ba78ddc0f1a3d3e26050bb4 DependenciesID=84a02fa17e011ae8d2067f5967308527 StaticDependenciesID=2f02a0d753d638ec4cbf74a5a828a316 
Importing 'GUID: 5cebb8a885d4e4a6992c4fcd598b67c8 - Path: Packages/com.unity.2d.sprite/Editor/ObjectMenuCreation/DefaultAssets' with importer (DefaultImporter)
Imported 'GUID: 5cebb8a885d4e4a6992c4fcd598b67c8' -> (Import Result ID: '144a76d687fe5e952aa2c4f955ec9cc3') in 0.003 seconds [static dependencies only]. Details - ImportResultOutputID=8cead861f6c10063bb7f8fd049c3e8c6 DependenciesID=be099ee721dc98108bbe4712fe874c9a StaticDependenciesID=d4341e2cbbe0ab1e95ad489e4c5cc60e 
Importing 'GUID: 108014601e234997bd271b3b9a1991d0 - Path: Packages/com.unity.2d.sprite/Editor/SpriteEditorModule/SpriteFrameModule/Overlay' with importer (DefaultImporter)
Imported 'GUID: 108014601e234997bd271b3b9a1991d0' -> (Import Result ID: '18beefe30e5df719ed2d6c349ce681d4') in 0.003 seconds [static dependencies only]. Details - ImportResultOutputID=f233fd9760fc9dd0976e6136ebe11fbf DependenciesID=6f69768b3a4255bc78c5bcf5fce6462f StaticDependenciesID=f5d550531f2a7471b2eae3c417aba503 
Importing 'GUID: bbde88425e2d4dbfbcdd8d11d5002c3a - Path: Packages/com.unity.2d.sprite/Editor/SpriteEditorModule/SpriteFrameModule/UndoObject' with importer (DefaultImporter)
Imported 'GUID: bbde88425e2d4dbfbcdd8d11d5002c3a' -> (Import Result ID: 'bdfff8b06b7eb97a0238a4350b842164') in 0.003 seconds [static dependencies only]. Details - ImportResultOutputID=7d0b9e66bb289e6a2bb01e08dbc08f5b DependenciesID=9f891d5c50b0277e30bdc7c294bada2c StaticDependenciesID=8bfefac61396ed07cf2fb3d654dff3af 
Importing 'GUID: eb4d405ba54724ef89c2fce638946c5d - Path: Packages/com.unity.2d.sprite/Editor/ObjectMenuCreation/DefaultAssets/Textures' with importer (DefaultImporter)
Imported 'GUID: eb4d405ba54724ef89c2fce638946c5d' -> (Import Result ID: 'fb35c26b2d96a930eba0c23169519284') in 0.003 seconds [static dependencies only]. Details - ImportResultOutputID=2c8de6c173d4aba1e6aed289de29965b DependenciesID=ac6544c11cf601a12359b8655e1bb3c0 StaticDependenciesID=eb53807af226a946fab67a5c7e37f510 
Importing 'GUID: 2d68391cb3f74b2c93616b2a26d7b85f - Path: Packages/com.unity.2d.sprite/Editor/SpriteEditorModule/SpriteFrameModule/SpriteFrameEditor' with importer (DefaultImporter)
Imported 'GUID: 2d68391cb3f74b2c93616b2a26d7b85f' -> (Import Result ID: '252c45389ede88761f07d348d8809a9c') in 0.003 seconds [static dependencies only]. Details - ImportResultOutputID=a7f68e79ae8f06933cdf7d585751145b DependenciesID=61ecb9ba766b03bad325a5129c3df6c2 StaticDependenciesID=280c2674d0a1b340c80026bc7855a3be 
Importing 'GUID: 172f9a5627fbd495e9b469d54bed367a - Path: Packages/com.unity.2d.sprite/Editor/ObjectMenuCreation/DefaultAssets/Textures/v2' with importer (DefaultImporter)
Imported 'GUID: 172f9a5627fbd495e9b469d54bed367a' -> (Import Result ID: 'ea4d55295d54f9dc3a9dfd714c6834ac') in 0.003 seconds [static dependencies only]. Details - ImportResultOutputID=62e654a418af28ef00a394fcd782e869 DependenciesID=65866ec233f73d931b04a9ba67390f26 StaticDependenciesID=d6cd601dcd1fdb58420c39526fda9998 
Importing 'GUID: 52648b72c7bef2040bf0cfa8dd0f74da - Path: Packages/com.unity.2d.sprite/Tests/Editor/Unity.2D.Sprite.Package.EditorTests.asmdef' with importer (AssemblyDefinitionImporter)
Imported 'GUID: 52648b72c7bef2040bf0cfa8dd0f74da' -> (Import Result ID: '947635619c6fc5540597ba8d98d1c872') in 0.003 seconds [static dependencies only]. Details - ImportResultOutputID=3fb7de8f08f37a30ee96f3cb54ab7de4 DependenciesID=886526f4a1ad0376a7ef2df6670e58b4 StaticDependenciesID=d41051e9f1998dbcaccb95550fd340f2 
Importing 'GUID: 2c573e6b271651846a79655161004c5b - Path: Packages/com.unity.2d.sprite/Editor/Unity.2D.Sprite.Editor.asmdef' with importer (AssemblyDefinitionImporter)
Imported 'GUID: 2c573e6b271651846a79655161004c5b' -> (Import Result ID: '0015ab620a68cf53815e0a4ee7ee952f') in 0.003 seconds [static dependencies only]. Details - ImportResultOutputID=e970a044e7c5be343755f7ed671ff947 DependenciesID=c29918e1d9519d203ac4031f3eeb826f StaticDependenciesID=473c9a575a9383fc40fcd398b512112f 
Native extension for iOS target not found
Native extension for Android target not found
Native extension for UWP target not found
Native extension for WindowsStandalone target not found
[MODES] ModeService[none].Initialize
[MODES] ModeService[none].LoadModes
ScheduleIndexationOnStartup MainProcess:True IndexOnStartup:True
[Licensing::Client] Successfully resolved entitlement details
Mono: successfully reloaded assembly
- Finished resetting the current domain, in  1.823 seconds
Domain Reload Profiling: 3290ms
	BeginReloadAssembly (958ms)
		DisableScriptedObjects (424ms)
		CreateAndSetChildDomain (124ms)
	RebuildCommonClasses (12ms)
	RebuildNativeTypeToScriptingClass (120ms)
	initialDomainReloadingComplete (187ms)
	LoadAllAssembliesAndSetupDomain (190ms)
		LoadAssemblies (360ms)
		AnalyzeDomain (16ms)
			TypeCache.Refresh (9ms)
				TypeCache.ScanAssembly (3ms)
			BuildScriptInfoCaches (5ms)
	FinalizeReload (1824ms)
		SetupLoadedEditorAssemblies (0ms)
			InitializePlatformSupportModulesInManaged (21ms)
			BeforeProcessingInitializeOnLoad (169ms)
			ProcessInitializeOnLoadAttributes (136ms)
			ProcessInitializeOnLoadMethodAttributes (94ms)
			AfterProcessingInitializeOnLoad (3ms)
		AwakeInstancesAfterBackupRestoration (757ms)
Importing 'GUID: 6d70958817ddd43678a10b02a1aa4cdd - Path: Packages/com.unity.2d.sprite/Editor/Assets/SpriteEditorWindowDefault.overlay' with importer (DefaultImporter)
Imported 'GUID: 6d70958817ddd43678a10b02a1aa4cdd' -> (Import Result ID: '1d1a3355dd55fe276dc66ea40024cb86') in 0.005 seconds [static dependencies only]. Details - ImportResultOutputID=abe2dfbf305810836db72a243c4b3230 DependenciesID=ed5927b8528201d097b05fc84e782eaa StaticDependenciesID=ef420c59b43d1d85855241af372fe8f3 
Importing 'GUID: 207ee8102dd4143d288186ef0be518ee - Path: Packages/com.unity.2d.sprite/Editor/ObjectMenuCreation/DefaultAssets/Textures/v2/Capsule.png' with importer (TextureImporter)
Imported 'GUID: 207ee8102dd4143d288186ef0be518ee' -> (Import Result ID: '59aa736553eb6a1c5ff67f513711fdb4') in 0.060 seconds [static and dynamic dependencies]. Details - ImportResultOutputID=68511575ab5bc140f4f537129901a219 DependenciesID=5a2a5764d11d609ce7ec9b9758c313fb StaticDependenciesID=4caa007982071538861d837e116dc5bb 
Importing 'GUID: 40bde776259d14327bcda6275f7c21b3 - Path: Packages/com.unity.2d.sprite/Editor/Assets/d_LockedOptions.png' with importer (TextureImporter)
Imported 'GUID: 40bde776259d14327bcda6275f7c21b3' -> (Import Result ID: '07f22d33d1901362e914c9c1f1b636df') in 0.005 seconds [static and dynamic dependencies]. Details - ImportResultOutputID=cf272f992e9f43a408097eb3611009f3 DependenciesID=84d39f875dc1d3a1760b25c734573a92 StaticDependenciesID=fd67dcb7c183486545e58165dbcfa09a 
Importing 'GUID: 7013f35dfb10340ecbb956ca7e17de0d - Path: Packages/com.unity.2d.sprite/Editor/Assets/SpriteEditor@2x.png' with importer (TextureImporter)
Imported 'GUID: 7013f35dfb10340ecbb956ca7e17de0d' -> (Import Result ID: 'e93756739d19a668b278260457d92b03') in 0.015 seconds [static and dynamic dependencies]. Details - ImportResultOutputID=e8520d79ff8d04d718e5ea8639147a4c DependenciesID=d6e3a788d1edee58f2d95eed5d1efa58 StaticDependenciesID=57faa3c1e2019ab2b8c19e67a2cd4e71 
Importing 'GUID: 311925a002f4447b3a28927169b83ea6 - Path: Packages/com.unity.2d.sprite/Editor/ObjectMenuCreation/DefaultAssets/Textures/v2/Square.png' with importer (TextureImporter)
Imported 'GUID: 311925a002f4447b3a28927169b83ea6' -> (Import Result ID: '0b3ffcf94b7fffc7f72d5aa8659f99ec') in 0.020 seconds [static and dynamic dependencies]. Details - ImportResultOutputID=994331a0358bd5da16026868610b99d4 DependenciesID=fcc43ca06fa671b96b7509ecca325197 StaticDependenciesID=d45616ca1d798e9f51df3f4cf03634a9 
Importing 'GUID: 71ebafeef3c03457483266a33ab2b270 - Path: Packages/com.unity.2d.sprite/Editor/ObjectMenuCreation/DefaultAssets/Textures/9-Sliced.png' with importer (TextureImporter)
Imported 'GUID: 71ebafeef3c03457483266a33ab2b270' -> (Import Result ID: '597dc76636a574106d560ed04c97315d') in 0.009 seconds [static and dynamic dependencies]. Details - ImportResultOutputID=cc17fc1c51a4e7285ab49c284dc024ab DependenciesID=18b6778c434123a306f064e5098e5609 StaticDependenciesID=04845537e99b5b0b31187cbf6b22cb6c 
Importing 'GUID: a11d1252397454e6d90d7a5514e76ce5 - Path: Packages/com.unity.2d.sprite/Editor/Assets/SpriteFrameToggle@32.png' with importer (TextureImporter)
Imported 'GUID: a11d1252397454e6d90d7a5514e76ce5' -> (Import Result ID: '0d898c527d9cb2e358c41ab801faa9b5') in 0.005 seconds [static and dynamic dependencies]. Details - ImportResultOutputID=12f51277ca8dd67fb5a0bf55233f6e2a DependenciesID=a351ee262875ea271f870eb1fb925c6a StaticDependenciesID=2a57d81d233b5fddabcd8bbe42e1a32f 
Importing 'GUID: d1a4629d5a3d147978a3fe8af3b6a935 - Path: Packages/com.unity.2d.sprite/Editor/Assets/d_LockedOptions@2x.png' with importer (TextureImporter)
Imported 'GUID: d1a4629d5a3d147978a3fe8af3b6a935' -> (Import Result ID: '94579c8c0b26f3e67d0f7a5b44a5dd1d') in 0.004 seconds [static and dynamic dependencies]. Details - ImportResultOutputID=d274bb91c462ed857d2500f1e8324f8f DependenciesID=82ddf391d4cc8c4ec6736032fcd9c11d StaticDependenciesID=d9a2f9c435d7ce15bd4db613ba419bc9 
Importing 'GUID: b2bd41a7c30fc4ad796e452d755dbfb5 - Path: Packages/com.unity.2d.sprite/Editor/Assets/d_SpriteFrameToggle@32.png' with importer (TextureImporter)
Imported 'GUID: b2bd41a7c30fc4ad796e452d755dbfb5' -> (Import Result ID: 'd7d144aed4e127d9ab39c59f429b1328') in 0.005 seconds [static and dynamic dependencies]. Details - ImportResultOutputID=2d1dc6a44ecf04f6ef8be6e572fc6c0d DependenciesID=3453e6f303414e8f03697c922a55a13f StaticDependenciesID=4684038939fb05b67697e0ab92654618 
Importing 'GUID: 045b15ec09bba42448d89db77fa6f20a - Path: Packages/com.unity.2d.sprite/Editor/ObjectMenuCreation/DefaultAssets/Textures/IsometricDiamond.png' with importer (TextureImporter)
Imported 'GUID: 045b15ec09bba42448d89db77fa6f20a' -> (Import Result ID: 'b8a8a302d3ced362b0ea3b2dd8331431') in 0.007 seconds [static and dynamic dependencies]. Details - ImportResultOutputID=5d57e5aca19b6acd7a1665f562bf19dc DependenciesID=894bf11b27c44c20e8b1355b9c100315 StaticDependenciesID=bb1cbaa45148eaf32e728de612eec78c 
Importing 'GUID: 34587324d412940a79d530020c957dc0 - Path: Packages/com.unity.2d.sprite/Editor/ObjectMenuCreation/DefaultAssets/Textures/CapsuleWithBorder.png' with importer (TextureImporter)
Imported 'GUID: 34587324d412940a79d530020c957dc0' -> (Import Result ID: '0c9dd5a95b99297f12b2dd926bde8f65') in 0.014 seconds [static and dynamic dependencies]. Details - ImportResultOutputID=cd9fb16a8e164fcb94eb869766a24f02 DependenciesID=4b1d33d89c74f42f65198f7c1170603d StaticDependenciesID=c6bd8111e459eadd2dacf9fe0c35ccdd 
Importing 'GUID: 74d9036aa1bb14ccfafb89d639870288 - Path: Packages/com.unity.2d.sprite/Editor/Assets/d_SpriteEditor@2x.png' with importer (TextureImporter)
Imported 'GUID: 74d9036aa1bb14ccfafb89d639870288' -> (Import Result ID: 'e278afce150b556b409f9aff0bc1e0e2') in 0.004 seconds [static and dynamic dependencies]. Details - ImportResultOutputID=69d286c2f4e298aaf6da3d0aa79a9ac8 DependenciesID=8d710aac7599e2e639ac27ce19ef9aca StaticDependenciesID=0ee0e1e862f35a9ea2b3d4590938d6d4 
Importing 'GUID: 75f5f34dc1b5347e0b8351032682f224 - Path: Packages/com.unity.2d.sprite/Editor/ObjectMenuCreation/DefaultAssets/Textures/v2/Triangle.png' with importer (TextureImporter)
Imported 'GUID: 75f5f34dc1b5347e0b8351032682f224' -> (Import Result ID: '16dd5abc1bc070fde3d778324771bb68') in 0.008 seconds [static and dynamic dependencies]. Details - ImportResultOutputID=ae127a3577ac9ccf5ed01b1cfe703ad6 DependenciesID=f2896f7f8582e38dbe97e82e68b7049d StaticDependenciesID=e2fe5063888d902127b9d19f9518393d 
Importing 'GUID: 16037dbd798344f57a526d53d48f5ead - Path: Packages/com.unity.2d.sprite/Editor/ObjectMenuCreation/DefaultAssets/Textures/HexagonFlatTop.png' with importer (TextureImporter)
Imported 'GUID: 16037dbd798344f57a526d53d48f5ead' -> (Import Result ID: '2d9169ea4596fa814b1dbf8f03f1d1f9') in 0.009 seconds [static and dynamic dependencies]. Details - ImportResultOutputID=b432c9709e38a126407ee495fec731b6 DependenciesID=e4a83b2fd51ef00f8ae66d787190bf14 StaticDependenciesID=279bde86cf02077dc50e16e97e040382 
Importing 'GUID: b670ab75dde984907b8570040daa08c5 - Path: Packages/com.unity.2d.sprite/Editor/ObjectMenuCreation/DefaultAssets/Textures/v2/HexagonFlatTop.png' with importer (TextureImporter)
Imported 'GUID: b670ab75dde984907b8570040daa08c5' -> (Import Result ID: '0dace2bf280d893dbe9289228bf49c2e') in 0.009 seconds [static and dynamic dependencies]. Details - ImportResultOutputID=3f49bf98135d6edf91f587c3eeb8d146 DependenciesID=d42fd572231031d3d4673a415179fcb4 StaticDependenciesID=676a709db6d34aa4544bcdcac0522b11 
Importing 'GUID: 476369828d55a4032beead7444495b69 - Path: Packages/com.unity.2d.sprite/Editor/Assets/SpriteEditorOn.png' with importer (TextureImporter)
Imported 'GUID: 476369828d55a4032beead7444495b69' -> (Import Result ID: 'ecc5c7c349dca60fde2a252f57fc4210') in 0.004 seconds [static and dynamic dependencies]. Details - ImportResultOutputID=aa68fa90ae1db1d9fa5dbd0951227244 DependenciesID=27081fb740384473d762902fd48366b2 StaticDependenciesID=9de4bd61951d88f3bf211a737b37b016 
Importing 'GUID: 87aaca0a643d54397ba969dab4fc8875 - Path: Packages/com.unity.2d.sprite/Editor/ObjectMenuCreation/DefaultAssets/Textures/CircleMask.png' with importer (TextureImporter)
Imported 'GUID: 87aaca0a643d54397ba969dab4fc8875' -> (Import Result ID: '6ada92673641c747504fbecbdeb246c6') in 0.009 seconds [static and dynamic dependencies]. Details - ImportResultOutputID=af475f4008ddf1dd61a1980479dcf8ef DependenciesID=d587ca9d80de681ada4963a8451c0e84 StaticDependenciesID=9e20bccbf3db3d270d7d6949129db60e 
Importing 'GUID: b7784190913354d4fb9b7f77888f915f - Path: Packages/com.unity.2d.sprite/Editor/Assets/d_SpriteEditor.png' with importer (TextureImporter)
Imported 'GUID: b7784190913354d4fb9b7f77888f915f' -> (Import Result ID: '03a0723a1a96b1e6390d9dbd36cee428') in 0.004 seconds [static and dynamic dependencies]. Details - ImportResultOutputID=4a8dbfa0900d4b681aa2f7f9e9fe9087 DependenciesID=eb614734d4efcf54dc633bbe4deb1f5b StaticDependenciesID=4c8713efa848cc8d012440bc1f378d72 
Importing 'GUID: 48e93eef0688c4a259cb0eddcd8661f7 - Path: Packages/com.unity.2d.sprite/Editor/ObjectMenuCreation/DefaultAssets/Textures/Square.png' with importer (TextureImporter)
Imported 'GUID: 48e93eef0688c4a259cb0eddcd8661f7' -> (Import Result ID: 'a1f88376aa18c062a1e326699791cb26') in 0.008 seconds [static and dynamic dependencies]. Details - ImportResultOutputID=7ee1dfce24de4980a776f35c22140504 DependenciesID=d51ad82d7eea57aa241beb115030b07c StaticDependenciesID=1b368e5ee38738e53beb959b43f76191 
Importing 'GUID: 8884154dfe85442a3a3578be807dbcdf - Path: Packages/com.unity.2d.sprite/Editor/ObjectMenuCreation/DefaultAssets/Textures/v2/9Sliced.png' with importer (TextureImporter)
Imported 'GUID: 8884154dfe85442a3a3578be807dbcdf' -> (Import Result ID: 'c8edf9b7040e3ed709b32eb4ca6f4814') in 0.008 seconds [static and dynamic dependencies]. Details - ImportResultOutputID=ed6c04ff2a029383884dbb4a51a4881b DependenciesID=e8db0241d116dfa1365072c604b0ca22 StaticDependenciesID=5553c6ce396e1a924dcb90a3288f0b67 
Importing 'GUID: a86470a33a6bf42c4b3595704624658b - Path: Packages/com.unity.2d.sprite/Editor/ObjectMenuCreation/DefaultAssets/Textures/v2/Circle.png' with importer (TextureImporter)
Imported 'GUID: a86470a33a6bf42c4b3595704624658b' -> (Import Result ID: '79de40ff1bca29f30ba12ea47c8161dc') in 0.009 seconds [static and dynamic dependencies]. Details - ImportResultOutputID=54f9e8db5d1f880144464d405792f48b DependenciesID=df25de8208ce48710e09cbbce96dfe74 StaticDependenciesID=618408d1ee78572844c39110debab218 
Importing 'GUID: 19fb86013d8c24d6cb8410c0aadf30fa - Path: Packages/com.unity.2d.sprite/Editor/ObjectMenuCreation/DefaultAssets/Textures/v2/IsometricDiamond.png' with importer (TextureImporter)
Imported 'GUID: 19fb86013d8c24d6cb8410c0aadf30fa' -> (Import Result ID: 'c962faca92e6d3a512dbc5d2a85ade85') in 0.007 seconds [static and dynamic dependencies]. Details - ImportResultOutputID=ba9ad306cbe51f24d34970905e5b1a39 DependenciesID=440600350f0f7e2c418b9f746f2d7b56 StaticDependenciesID=7b8096ff4665f88331b7597cc2f59e00 
Importing 'GUID: 492c70ec0e6ff4af48a6886e4e1608f8 - Path: Packages/com.unity.2d.sprite/Editor/Assets/LockedOptions.png' with importer (TextureImporter)
Imported 'GUID: 492c70ec0e6ff4af48a6886e4e1608f8' -> (Import Result ID: '22533590f69a33fd73c37be33ac562f2') in 0.004 seconds [static and dynamic dependencies]. Details - ImportResultOutputID=c9a63b67bcaf921179f63124c0db5ed7 DependenciesID=82bde40eb1bc2bde4efc203601fbfcd2 StaticDependenciesID=2efb60a4bfebb39ef92b948628654750 
Importing 'GUID: a9716c16a44a94eed9b5c90fbf4d9bdd - Path: Packages/com.unity.2d.sprite/Editor/ObjectMenuCreation/DefaultAssets/Textures/HexagonFlatTopWithBorder.png' with importer (TextureImporter)
Imported 'GUID: a9716c16a44a94eed9b5c90fbf4d9bdd' -> (Import Result ID: 'f1a2f5f44d3e3282968773ce9b4c059d') in 0.008 seconds [static and dynamic dependencies]. Details - ImportResultOutputID=dbf229b182b6eab6428141cb85a3085e DependenciesID=3c1ca74628a47e3edcd0dd296e67b8e3 StaticDependenciesID=07db75f471729c670dd6020a63bd93ee 
Importing 'GUID: 4adeaf2d2b1c7417e89f026626d8264f - Path: Packages/com.unity.2d.sprite/Editor/ObjectMenuCreation/DefaultAssets/Textures/CircleWithBorder.png' with importer (TextureImporter)
Imported 'GUID: 4adeaf2d2b1c7417e89f026626d8264f' -> (Import Result ID: '457e53486f39332be7071967d006a19d') in 0.009 seconds [static and dynamic dependencies]. Details - ImportResultOutputID=595f80cfad0aa5745b8cfa671041ebff DependenciesID=13f769959b58c6747e6d88d43b20134c StaticDependenciesID=ae297d7d86903d880b80f021e2dffa4f 
Importing 'GUID: 5aa8b770bc43046bc8d993d0d5b7f4a5 - Path: Packages/com.unity.2d.sprite/Editor/ObjectMenuCreation/DefaultAssets/Textures/v2/HexagonPointTop.png' with importer (TextureImporter)
Imported 'GUID: 5aa8b770bc43046bc8d993d0d5b7f4a5' -> (Import Result ID: '9ed3d54c4a02810cbd5aac80af949039') in 0.008 seconds [static and dynamic dependencies]. Details - ImportResultOutputID=130f8f052cabffbd8c3a6354c826aae8 DependenciesID=02253b34ad03cfd38cecd0aefc260641 StaticDependenciesID=3c93b8b4ce8fc2e62b1fc86070e88fd2 
Importing 'GUID: da5aa6ed6c9fc4b049dffa3da57eaf7b - Path: Packages/com.unity.2d.sprite/Editor/Assets/LockedOptions@2x.png' with importer (TextureImporter)
Imported 'GUID: da5aa6ed6c9fc4b049dffa3da57eaf7b' -> (Import Result ID: 'dce68fb482acd927c6dea517c71d7b5f') in 0.005 seconds [static and dynamic dependencies]. Details - ImportResultOutputID=54628a90f7fe72e3184b90b50e2ff694 DependenciesID=c0af408601d938f1e47eeabf57ef596d StaticDependenciesID=dad03b7379384e9c5a25cadc397e396c 
Importing 'GUID: 4b2a04fdbe0ef4d8da8f90eaca817cd1 - Path: Packages/com.unity.2d.sprite/Editor/ObjectMenuCreation/DefaultAssets/Textures/HexagonPointTopWithBorder.png' with importer (TextureImporter)
Imported 'GUID: 4b2a04fdbe0ef4d8da8f90eaca817cd1' -> (Import Result ID: '54f31c219b71c9bb3c2377dcd794c2fc') in 0.009 seconds [static and dynamic dependencies]. Details - ImportResultOutputID=e1086a191cc33e4afc729474a53d779f DependenciesID=e9b83ba034b031ef37bf266420eada30 StaticDependenciesID=6d92b4d47e1e92249b035e028e139fa8 
Importing 'GUID: 9b243bd8491a24b2cbe5231468a93813 - Path: Packages/com.unity.2d.sprite/Editor/Assets/SpriteEditor.png' with importer (TextureImporter)
Imported 'GUID: 9b243bd8491a24b2cbe5231468a93813' -> (Import Result ID: 'e1c78713460a928958ccece7742870d9') in 0.004 seconds [static and dynamic dependencies]. Details - ImportResultOutputID=87cd0ec98c4a5612ad65610d431bf9c7 DependenciesID=623e9b6ba866e373b0b3551ebe56c077 StaticDependenciesID=12a39397a5f691a7bbc301d5295ae03a 
Importing 'GUID: db750325989564987a34393247d883b4 - Path: Packages/com.unity.2d.sprite/Editor/ObjectMenuCreation/DefaultAssets/Textures/SquareWithBorder.png' with importer (TextureImporter)
Imported 'GUID: db750325989564987a34393247d883b4' -> (Import Result ID: 'aeab3f3526a21ef086880a388433c987') in 0.008 seconds [static and dynamic dependencies]. Details - ImportResultOutputID=ed48f58e55d5056265f862f1c6882b21 DependenciesID=d376b9f50a520b67e54ed46194a35ca5 StaticDependenciesID=8a6b66e6a7234977167c0462f7b52a37 
Importing 'GUID: ebe73ca9363db456bacf42c025bb4847 - Path: Packages/com.unity.2d.sprite/Editor/ObjectMenuCreation/DefaultAssets/Textures/Circle.png' with importer (TextureImporter)
Imported 'GUID: ebe73ca9363db456bacf42c025bb4847' -> (Import Result ID: 'ac3241383bda90e3f8b3896dc6584a54') in 0.010 seconds [static and dynamic dependencies]. Details - ImportResultOutputID=7803697465ff0a6017bda825ff878532 DependenciesID=60df1abf45e4163ef32664e3dd3188e7 StaticDependenciesID=33919b9fffbb84e3b3bde199284642ea 
Importing 'GUID: cc35afd292fc349128b36a291fb3a165 - Path: Packages/com.unity.2d.sprite/Editor/ObjectMenuCreation/DefaultAssets/Textures/9-SlicedWithBorder.png' with importer (TextureImporter)
Imported 'GUID: cc35afd292fc349128b36a291fb3a165' -> (Import Result ID: '5e6adbbb85d291a255a78f70fb432e5d') in 0.008 seconds [static and dynamic dependencies]. Details - ImportResultOutputID=6b63537da3021270b106f0cc438fb0db DependenciesID=edc7bf2163e25b7acf817a625672dca3 StaticDependenciesID=31f700869b91802c8d9dc64406a47233 
Importing 'GUID: 0d267bc78a0864eb48358689b29ed20a - Path: Packages/com.unity.2d.sprite/Editor/ObjectMenuCreation/DefaultAssets/Textures/IsometricDiamondWithBorder.png' with importer (TextureImporter)
Imported 'GUID: 0d267bc78a0864eb48358689b29ed20a' -> (Import Result ID: '6233f75cc64c65b1b350078e46a376f1') in 0.007 seconds [static and dynamic dependencies]. Details - ImportResultOutputID=7870c8079aa319467a368fb99295dcd8 DependenciesID=37747ad652b83dc8b5dddd37b13452c5 StaticDependenciesID=3a5eff42e22b8f28c38ae4600a422a80 
Importing 'GUID: bd3cb4af8406d4436a2ae8c2aafe1f8d - Path: Packages/com.unity.2d.sprite/Editor/ObjectMenuCreation/DefaultAssets/Textures/Capsule.png' with importer (TextureImporter)
Imported 'GUID: bd3cb4af8406d4436a2ae8c2aafe1f8d' -> (Import Result ID: '20dffdcff05e8c2620734b10c629ce19') in 0.013 seconds [static and dynamic dependencies]. Details - ImportResultOutputID=d8d34f4eed06bf3995f182060d149ac8 DependenciesID=97e840ae8112561f6520f16f2e81f294 StaticDependenciesID=16cabef1628f9d3212209c52f15c584f 
Importing 'GUID: eed45a33cd08446c8b88325cf82fc52f - Path: Packages/com.unity.2d.sprite/Editor/ObjectMenuCreation/DefaultAssets/Textures/HexagonPointTop.png' with importer (TextureImporter)
Imported 'GUID: eed45a33cd08446c8b88325cf82fc52f' -> (Import Result ID: 'cbd1b7db8460ef46d97fbaebcd0af516') in 0.009 seconds [static and dynamic dependencies]. Details - ImportResultOutputID=ed5e6f8a3753703451777c10bb71c78b DependenciesID=e9ade39a1d8052b9849e632f809adc62 StaticDependenciesID=be644fd7a574ad093b66c5b73393604f 
Importing 'GUID: 1fb0e05a5ca5a42ba8ffafe439520b8e - Path: Packages/com.unity.2d.sprite/Editor/Assets/SpriteEditorOn@2x.png' with importer (TextureImporter)
Imported 'GUID: 1fb0e05a5ca5a42ba8ffafe439520b8e' -> (Import Result ID: 'c92c81ad751e5e08b90579cb206142c3') in 0.004 seconds [static and dynamic dependencies]. Details - ImportResultOutputID=d361f3200ba38006fda96ba1b24ebd5d DependenciesID=3cc1e9a0ac427e3cfbd4ae0465ee42e6 StaticDependenciesID=8d8029cb554e04a3c2663259efa762f8 
Importing 'GUID: 20ef7441e2dc7954c9ba3a12ffbac4d9 - Path: Packages/com.unity.2d.sprite/LICENSE.md' with importer (TextScriptImporter)
Imported 'GUID: 20ef7441e2dc7954c9ba3a12ffbac4d9' -> (Import Result ID: '2336ee3cf5fe64f66296afb69bcd66b5') in 0.003 seconds [static dependencies only]. Details - ImportResultOutputID=b22ae985091845ecc37ad13e888a3930 DependenciesID=835940b1518f3f2a00995050b23e90d9 StaticDependenciesID=df3b2976418db6ae0071c80a0a2100ed 
Importing 'GUID: e31c136ab48c1194184380e435f3936d - Path: Packages/com.unity.2d.sprite/README.md' with importer (TextScriptImporter)
Imported 'GUID: e31c136ab48c1194184380e435f3936d' -> (Import Result ID: 'f7db6b6b3760a52744dafbe4fa9a69b9') in 0.003 seconds [static dependencies only]. Details - ImportResultOutputID=2e3f0ddb9692d0c548f5998c24e41794 DependenciesID=08ad686440d6849187f3241e3262ddac StaticDependenciesID=b15fccbf5a9d6088259ed53c3120492b 
Importing 'GUID: b7007d815829e7644bb81d1f8004a340 - Path: Packages/com.unity.2d.sprite/CHANGELOG.md' with importer (TextScriptImporter)
Imported 'GUID: b7007d815829e7644bb81d1f8004a340' -> (Import Result ID: '5f19688af0b3b47f71a3c4d5a6f0c2c2') in 0.003 seconds [static dependencies only]. Details - ImportResultOutputID=8e96dce77915950ab7e6fe1478a285f6 DependenciesID=f69ff1030d527406fb7ee7608e7149c5 StaticDependenciesID=7ab633223a6204331f68796f16b20bea 
Importing 'GUID: 7dc5f1e5d04ac8549ac21802071e983b - Path: Packages/com.unity.2d.sprite/package.json' with importer (PackageManifestImporter)
Imported 'GUID: 7dc5f1e5d04ac8549ac21802071e983b' -> (Import Result ID: 'e2746463483f87ab7fe199f0b6282b8c') in 0.003 seconds [static dependencies only]. Details - ImportResultOutputID=915688aa4ed3d41d51072903d0a88128 DependenciesID=eea264a40df1bfdfbbe0b9456d9384c8 StaticDependenciesID=55f92462974192449631593e4a305128 
Importing 'GUID: 5370dc6919bc441a9e079e659b067930 - Path: Packages/com.unity.2d.sprite/Editor/UI/SpriteEditor/SpriteEditorHelpBox.uss' with importer (ScriptedImporter : UnityEditor.CoreModule:UnityEditor.UIElements.StyleSheets:StyleSheetImporter)
Imported 'GUID: 5370dc6919bc441a9e079e659b067930' -> (Import Result ID: '269bd8317514fd2e59ddd0e2df169b9c') in 0.032 seconds [static and dynamic dependencies]. Details - ImportResultOutputID=d2968d996308ecb5179b6938c5d596be DependenciesID=f37559e6ccc6c7ccfac0dcd2d9718a15 StaticDependenciesID=efb2a87fab75b49e4c100e7846102b7c 
Importing 'GUID: 35f4ee23cc5e408190298151beab219a - Path: Packages/com.unity.2d.sprite/Editor/UI/SpriteEditor/SpriteEditorToolbar.uss' with importer (ScriptedImporter : UnityEditor.CoreModule:UnityEditor.UIElements.StyleSheets:StyleSheetImporter)
Imported 'GUID: 35f4ee23cc5e408190298151beab219a' -> (Import Result ID: '7a6ab92082a57564655a63dbfa6cc7f5') in 0.016 seconds [static and dynamic dependencies]. Details - ImportResultOutputID=b9e96b8b8ad5231efe49f1e1995715a6 DependenciesID=f8f492769d0f137a4180662432def33f StaticDependenciesID=81d285de1d39e13efa58b4b2144829ed 
Importing 'GUID: 453cfcbf89b424ad9a293b19d1e3d4bb - Path: Packages/com.unity.2d.sprite/Editor/UI/SpriteEditor/SpriteOutlineToolOverlayPanelStyle.uss' with importer (ScriptedImporter : UnityEditor.CoreModule:UnityEditor.UIElements.StyleSheets:StyleSheetImporter)
Imported 'GUID: 453cfcbf89b424ad9a293b19d1e3d4bb' -> (Import Result ID: 'd17ccd3c51cc8d06d6a9863c5669c4a2') in 0.029 seconds [static and dynamic dependencies]. Details - ImportResultOutputID=b57d9cc0b4962c0c6e7f1489241a51c1 DependenciesID=03400ca4acc077a0f9a79af0cf4448d5 StaticDependenciesID=5cca2d3d97611cfb0ccd9632d91bac12 
Importing 'GUID: 6c7e9115f7d147358afe5f37134801db - Path: Packages/com.unity.2d.sprite/Editor/UI/SpriteEditor/SpriteFrameCapabilityWindow.uss' with importer (ScriptedImporter : UnityEditor.CoreModule:UnityEditor.UIElements.StyleSheets:StyleSheetImporter)
Imported 'GUID: 6c7e9115f7d147358afe5f37134801db' -> (Import Result ID: 'ab12e17e750b0406e43268ca5d313499') in 0.009 seconds [static and dynamic dependencies]. Details - ImportResultOutputID=1392b2593083c8bd00e170aa5f129f8c DependenciesID=e192579262db5011f542d2d5414d15d9 StaticDependenciesID=a92a5e1ff8c0ee910d7410674e95dc9c 
Importing 'GUID: fd3d7c275a0958b4fa0f26a0ee9b8481 - Path: Packages/com.unity.2d.sprite/Editor/UI/SpriteEditor/SpriteEditor.uss' with importer (ScriptedImporter : UnityEditor.CoreModule:UnityEditor.UIElements.StyleSheets:StyleSheetImporter)
Imported 'GUID: fd3d7c275a0958b4fa0f26a0ee9b8481' -> (Import Result ID: '0c1deca979fafc0c7320ceb157a857f3') in 0.018 seconds [static and dynamic dependencies]. Details - ImportResultOutputID=d8ff1b77eb1804d054dad8a2634ca1ad DependenciesID=30e009ff7f85d57043b93f840117bd76 StaticDependenciesID=cfc68ad3ffc1a8419cccc22512363b8b 
Importing 'GUID: d02b5650e6e0b4c45ab18d5a1d1fce97 - Path: Packages/com.unity.2d.sprite/Editor/UI/SpriteEditor/SpriteFrameModuleInspector.uxml' with importer (ScriptedImporter : UnityEditor.UIElementsModule:UnityEditor.UIElements:UIElementsViewImporter)
Imported 'GUID: d02b5650e6e0b4c45ab18d5a1d1fce97' -> (Import Result ID: 'fe4f427c1c46b6696338c585d510fdb6') in 0.037 seconds [static and dynamic dependencies]. Details - ImportResultOutputID=46c1f95480cdcf9e74389fed48064344 DependenciesID=a8df58ffd83687cc83c95ed7cd05a844 StaticDependenciesID=cd85ef92a6ec1afab209806966981f1f 
Importing 'GUID: 822efcfdd5f5a45e99513239c9c1859f - Path: Packages/com.unity.2d.sprite/Editor/UI/SpriteEditor/SpriteOutlineToolOverlayPanel.uxml' with importer (ScriptedImporter : UnityEditor.UIElementsModule:UnityEditor.UIElements:UIElementsViewImporter)
Imported 'GUID: 822efcfdd5f5a45e99513239c9c1859f' -> (Import Result ID: '3470539c0cda711313c94213678461d8') in 0.013 seconds [static and dynamic dependencies]. Details - ImportResultOutputID=c47c07c1637eff217c31c2eb569bd31e DependenciesID=ce890cb614aadef1a85c7ca54b8580b7 StaticDependenciesID=cbca2466bc6c9b201efc846a309d9256 
Importing 'GUID: ad9baf3ac3e35c948bf6a50e91e91473 - Path: Packages/com.unity.2d.sprite/Editor/UI/SpriteEditor/PolygonChangeShapeWindow.uxml' with importer (ScriptedImporter : UnityEditor.UIElementsModule:UnityEditor.UIElements:UIElementsViewImporter)
Imported 'GUID: ad9baf3ac3e35c948bf6a50e91e91473' -> (Import Result ID: 'bf3735e787972ddb531538459484177f') in 0.006 seconds [static and dynamic dependencies]. Details - ImportResultOutputID=6246c424602ca3ed2e89952f2764679a DependenciesID=69dc29b79f5da86ad6dd70cf95b43e26 StaticDependenciesID=cf6197876fdbb26775d94b5b9cd72bb2 
Importing 'GUID: dde790a688b0426aa8b203f14ba9ced2 - Path: Packages/com.unity.2d.sprite/Editor/UI/SpriteEditor/SpriteFrameCapabilityWindow.uxml' with importer (ScriptedImporter : UnityEditor.UIElementsModule:UnityEditor.UIElements:UIElementsViewImporter)
Imported 'GUID: dde790a688b0426aa8b203f14ba9ced2' -> (Import Result ID: '429e7118089e92b7a122577c5ad24a4b') in 0.007 seconds [static and dynamic dependencies]. Details - ImportResultOutputID=47b3cee1bc31ab7afdaa7153555527e7 DependenciesID=5b7f8a6969f798b68d1cadddf5176255 StaticDependenciesID=0468a0897343a771313de50dd47c2f41 

Asset Pipeline Refresh (id=d8281615d16e38f45b97ccf34604a809): Total: 32.265 seconds - Initiated by RefreshV2(ForceSynchronousImport)
	(Values over 0.05ms)
	Summary:
		Imports: total=71 (actual=71, local cache=0, cache server=0)
		Asset DB Process Time: managed=10 ms, native=3526 ms
		Asset DB Callback time: managed=170 ms, native=268 ms
		Scripting: domain reloads=1, domain reload time=1491 ms, compile time=26798 ms, other=0 ms
		Project Asset Count: scripts=138, non-scripts=137
		Asset File Changes: new=124, changed=124, moved=0, deleted=0
		Scan Filter Count: 1
	InvokePackagesCallback: 264.862ms
	ApplyChangesToAssetFolders: 0.347ms
	Scan: 379.211ms
	Collect global state as custom dependencies: 0.162ms
	OnSourceAssetsModified: 0.309ms
	CategorizeScriptCompilationAssets: 0.211ms
	ProcessAssetsWithTransientArtifactChanges: 1.542ms
	CategorizeAssets: 2.363ms
	CompileScripts: 26797.669ms
	ImportOutOfDateAssets: 3086.059ms (2061.954ms without children)
		ImportManagerImport: 1022.422ms (427.583ms without children)
			UpdateCategorizedAssets: 0.285ms
		UnloadImportedAssets: 0.283ms
		ImportSchedulerStart: 1.354ms
	PostProcessAllAssets: 172.384ms
		AssemblyValidation.PostprocessAllAssets 1.214ms
		PostprocessAssetsUpdateCachedIcon 0.352ms
		PostProcessCallbackCreateDeferredMaterials 0.273ms
		VersionControlSettings.HiddenFilePostprocess 0.236ms
		ShaderAssetModifiedCallback 0.182ms
		RaytracingShaderImportPostprocess 0.144ms
		ComputeShaderImportPostprocess 0.142ms
		LocalizationDatabase.AssetDatabasePostprocessCallback 0.120ms
		SpeedTreeImporter.PostprocessAllAssets 0.112ms
		BlockShaderImporter.PostprocessAllAssets 0.060ms
		MonoPostProcessAllAssets: 167.750ms
			RetainedModeAssetPostprocessor.OnPostprocessAllAssets 67.702ms
			SpriteSlicePostprocessor.OnPostprocessAllAssets 27.509ms
			WindowAssetPostprocessingWatcher.OnPostprocessAllAssets 11.553ms
			AssetChangedListener.OnPostprocessAllAssets 10.396ms
			AssetPostprocessor.OnPostprocessAllAssets 9.885ms
			BuilderAssetPostprocessor.OnPostprocessAllAssets 8.993ms
			EditModeScopePostprocessor.OnPostprocessAllAssets 1.909ms
			SpeedTree9Postprocessor.OnPostprocessAllAssets 1.812ms
			SyncVS.PostprocessSyncProject 1.776ms
			TextAssetPostProcessor.OnPostprocessAllAssets 1.775ms
			ArtifactBrowserPostProcessor.OnPostprocessAllAssets 1.033ms
			SpriteEditorTexturePostprocessor.OnPostprocessAllAssets 0.989ms
			AudioMixerPostprocessor.OnPostprocessAllAssets 0.761ms
			ReferencedClipsPostProcessor.OnPostprocessAllAssets 0.636ms
			AssetEvents.OnPostprocessAllAssets 0.550ms
			StyleCatalogPostProcessor.OnPostprocessAllAssets 0.533ms
			TerrainToolbarOverlayPostProcessor.OnPostprocessAllAssets 0.421ms
			SpeedTreePostProcessor.OnPostprocessAllAssets 0.259ms
			ConfigAssetsTracker.OnPostprocessAllAssets 0.210ms
			RenderPipelineGlobalSettingsPostprocessor.OnPostprocessAllAssets 0.201ms
			AudioContainerPostProcessor.OnPostprocessAllAssets 0.195ms
			AssetDatabaseCallbacks.OnPostprocessAllAssets 0.189ms
			ScenarioDriftAssetsTracker.OnPostprocessAllAssets 0.166ms
	PostAssetChangesProfiler: 3.553ms
	UnloadStreamsBegin: 1.929ms
	PersistCurrentRevisions: 0.176ms
	GenerateScriptTypeHashes: 0.726ms
	GenerateScriptTypeSerializationHashes: 1.506ms
	Untracked: 1545.934ms

[MODES] ModeService[default].LoadModes
[Licensing::Client] Successfully resolved entitlement details
[Licensing::Client] Successfully resolved entitlement details
[Worker0] Imported GUID: 2e807806bf2b76cc518cb2475c77eba8 - Path: Packages/com.unity.2d.sprite - Importer: ScriptedImporter/UnityEditor.QuickSearchModule:UnityEditor.Search:ASIAI0B -> (ImportResultId: '521f414eccdb39e5960dbca736a294bc') in 0.0800502 seconds
[Worker1] Imported GUID: d1a4629d5a3d147978a3fe8af3b6a935 - Path: Packages/com.unity.2d.sprite/Editor/Assets/d_LockedOptions@2x.png - Importer: ScriptedImporter/UnityEditor.QuickSearchModule:UnityEditor.Search:ASIAI0B -> (ImportResultId: 'a701dbb4d6d64b8bbb87c66506defe65') in 0.1745908 seconds
[Worker1] Imported GUID: 5c3b8c69935554b3e94d4497f9a6e8d8 - Path: Packages/com.unity.2d.sprite/Editor/ObjectMenuCreation/MenuItems.cs - Importer: ScriptedImporter/UnityEditor.QuickSearchModule:UnityEditor.Search:ASIAI0B -> (ImportResultId: 'bf1449c5a7abdbdc287e7e3f813ccbef') in 0.015176 seconds
[Worker0] Imported GUID: 71ebafeef3c03457483266a33ab2b270 - Path: Packages/com.unity.2d.sprite/Editor/ObjectMenuCreation/DefaultAssets/Textures/9-Sliced.png - Importer: ScriptedImporter/UnityEditor.QuickSearchModule:UnityEditor.Search:ASIAI0B -> (ImportResultId: 'c446cc606e34e9744227234a6313db47') in 0.1190689 seconds
[Worker0] Imported GUID: 7f0671c40ca5e46f5bf215ab8ac0464f - Path: Packages/com.unity.2d.sprite/Editor/SpriteEditorModule/SpriteFrameModule/DefaultSpriteNameFileIdDataProvider.cs - Importer: ScriptedImporter/UnityEditor.QuickSearchModule:UnityEditor.Search:ASIAI0B -> (ImportResultId: '13b4716c2176191b3fde3ab3c6ea3fee') in 0.0049095 seconds
[Worker0] Imported GUID: c693be034becdaf47950682a32609856 - Path: Packages/com.unity.2d.sprite/Editor/Interface/IHandles.cs - Importer: ScriptedImporter/UnityEditor.QuickSearchModule:UnityEditor.Search:ASIAI0B -> (ImportResultId: 'be9d91638a2fce34aadd4a8d7b8d8011') in 0.0071043 seconds
[Worker1] Imported GUID: cc35afd292fc349128b36a291fb3a165 - Path: Packages/com.unity.2d.sprite/Editor/ObjectMenuCreation/DefaultAssets/Textures/9-SlicedWithBorder.png - Importer: ScriptedImporter/UnityEditor.QuickSearchModule:UnityEditor.Search:ASIAI0B -> (ImportResultId: '1a9bdcc0faee3ce5ae7ffc16e6f7bf23') in 0.0220642 seconds
[Worker1] Imported GUID: 262cb4b7f3f83594181bf998fc6329cc - Path: Packages/com.unity.2d.sprite/Editor/SpriteEditorModule/SpriteFrameModule/SpriteFrameModule.cs - Importer: ScriptedImporter/UnityEditor.QuickSearchModule:UnityEditor.Search:ASIAI0B -> (ImportResultId: 'e534b87ee379f95f78885e081e9dd8a0') in 0.0054307 seconds
[Worker0] Imported GUID: 75f5f34dc1b5347e0b8351032682f224 - Path: Packages/com.unity.2d.sprite/Editor/ObjectMenuCreation/DefaultAssets/Textures/v2/Triangle.png - Importer: ScriptedImporter/UnityEditor.QuickSearchModule:UnityEditor.Search:ASIAI0B -> (ImportResultId: '8f3aeb48d4e7c7713aef8542cb414605') in 0.0144739 seconds
[Worker1] Imported GUID: a9716c16a44a94eed9b5c90fbf4d9bdd - Path: Packages/com.unity.2d.sprite/Editor/ObjectMenuCreation/DefaultAssets/Textures/HexagonFlatTopWithBorder.png - Importer: ScriptedImporter/UnityEditor.QuickSearchModule:UnityEditor.Search:ASIAI0B -> (ImportResultId: '0407584091d4e36323dc7bdfc985c226') in 0.0142908 seconds
[Worker0] Imported GUID: 7013f35dfb10340ecbb956ca7e17de0d - Path: Packages/com.unity.2d.sprite/Editor/Assets/SpriteEditor@2x.png - Importer: ScriptedImporter/UnityEditor.QuickSearchModule:UnityEditor.Search:ASIAI0B -> (ImportResultId: 'b29487bf2f4beb23e242945ad4d34238') in 0.0122912 seconds
[Worker0] Imported GUID: 3a4e10ab16352fd4e9a36d87445caaa2 - Path: Packages/com.unity.2d.sprite/Editor/SpriteEditor/SpriteEditorUtility.cs - Importer: ScriptedImporter/UnityEditor.QuickSearchModule:UnityEditor.Search:ASIAI0B -> (ImportResultId: '37beb028d88628c4df7aa2bb7ec9191f') in 0.0044016 seconds
[Worker0] Imported GUID: 7dc5f1e5d04ac8549ac21802071e983b - Path: Packages/com.unity.2d.sprite/package.json - Importer: ScriptedImporter/UnityEditor.QuickSearchModule:UnityEditor.Search:ASIAI0B -> (ImportResultId: '0bbf750d72b9383d135c3566dd0d261a') in 0.0054273 seconds
[Worker0] Imported GUID: ffc051df01eb64128a79b31b97748c4c - Path: Packages/com.unity.2d.sprite/Editor/ObjectMenuCreation - Importer: ScriptedImporter/UnityEditor.QuickSearchModule:UnityEditor.Search:ASIAI0B -> (ImportResultId: 'b3f2e93b26491d68d998085cc0ea3238') in 0.0063633 seconds
[Worker0] Imported GUID: 498df720f0ae4254699297d8a529a729 - Path: Packages/com.unity.2d.sprite/Editor/SpriteEditor/SpriteEditorHandles.cs - Importer: ScriptedImporter/UnityEditor.QuickSearchModule:UnityEditor.Search:ASIAI0B -> (ImportResultId: '085b1a89c3b55a7625f99b162461bd39') in 0.0043008 seconds
[Worker0] Imported GUID: 892011c7f9f44a1f808d79c1b1799242 - Path: Packages/com.unity.2d.sprite/Editor/SpriteEditorModule/SpriteFrameModule/SpriteFrameEditor/SpriteFrameScenePreview.cs - Importer: ScriptedImporter/UnityEditor.QuickSearchModule:UnityEditor.Search:ASIAI0B -> (ImportResultId: 'ff4379c7405064f24c117f879043d507') in 0.0053656 seconds
[Worker0] Imported GUID: f321d58a3ae74a3d93a1671b48cadbc1 - Path: Packages/com.unity.2d.sprite/Editor/SpriteEditorModule/SpriteFrameModule/IsometricSlicingUtility.cs - Importer: ScriptedImporter/UnityEditor.QuickSearchModule:UnityEditor.Search:ASIAI0B -> (ImportResultId: '35551a0a53d017859f48c76b3212847a') in 0.0049885 seconds
[Worker0] Imported GUID: 25120529dad8a144fb8aa8b2f55d2562 - Path: Packages/com.unity.2d.sprite/Editor/SpriteEditorModule/SpriteFrameModule/SpriteFrameModuleBaseView.cs - Importer: ScriptedImporter/UnityEditor.QuickSearchModule:UnityEditor.Search:ASIAI0B -> (ImportResultId: '78354197b20106d5a02f01d4a26195a4') in 0.0053668 seconds
[Worker0] Imported GUID: 697cfdfbecf74341b95e4e53e01ebd6a - Path: Packages/com.unity.2d.sprite/Editor/Utilities.cs - Importer: ScriptedImporter/UnityEditor.QuickSearchModule:UnityEditor.Search:ASIAI0B -> (ImportResultId: '61a80c78f36d045d25ecc4d1a5c86420') in 0.0042153 seconds
[Worker0] Imported GUID: f1ac44b28dd46344faf8592380505aa5 - Path: Packages/com.unity.2d.sprite/Editor/Interface/ISpriteEditorDataProvider.cs - Importer: ScriptedImporter/UnityEditor.QuickSearchModule:UnityEditor.Search:ASIAI0B -> (ImportResultId: 'd9f8e41c658b8e9d4eab9e58867274a9') in 0.0049405 seconds
[Worker0] Imported GUID: 99f08c278783a314091b218d2a38fa4f - Path: Packages/com.unity.2d.sprite/Editor/SpriteEditorModule/SpriteFrameModule/SpriteFrameModuleBase.cs - Importer: ScriptedImporter/UnityEditor.QuickSearchModule:UnityEditor.Search:ASIAI0B -> (ImportResultId: '90f3381a6ca307aa770dc0b7bbc63dff') in 0.0044753 seconds
[Worker0] Imported GUID: 280bc809637244098831703fe59e51be - Path: Packages/com.unity.2d.sprite/Editor/SpriteEditorModule/SpriteFrameModule/UndoObject/SpriteFrameModeUndoObject.cs - Importer: ScriptedImporter/UnityEditor.QuickSearchModule:UnityEditor.Search:ASIAI0B -> (ImportResultId: 'f4e38ddbfd986f51cb21f709a90e4d61') in 0.0048518 seconds
[Worker0] Imported GUID: 4adeaf2d2b1c7417e89f026626d8264f - Path: Packages/com.unity.2d.sprite/Editor/ObjectMenuCreation/DefaultAssets/Textures/CircleWithBorder.png - Importer: ScriptedImporter/UnityEditor.QuickSearchModule:UnityEditor.Search:ASIAI0B -> (ImportResultId: '660eb5e5f906077107e757cf8ce220cf') in 0.0120182 seconds
[Worker0] Imported GUID: 6980eb2a267119340ba441b9f427461a - Path: Packages/com.unity.2d.sprite/Editor/SpriteEditorModule/SpritePhysicsShapeModule.cs - Importer: ScriptedImporter/UnityEditor.QuickSearchModule:UnityEditor.Search:ASIAI0B -> (ImportResultId: 'ac03145ca78677059c8e1e394a948ee7') in 0.00522 seconds
[Worker0] Imported GUID: ea6dbc5d03b50f148a26b55c617dcb22 - Path: Packages/com.unity.2d.sprite/Tests/Editor/SpritePackageTests.cs - Importer: ScriptedImporter/UnityEditor.QuickSearchModule:UnityEditor.Search:ASIAI0B -> (ImportResultId: '2069871e3375f5bda6240cfbd878add4') in 0.0042483 seconds
[Worker0] Imported GUID: 2481b0bd772f54e48a4e5760f5cb0192 - Path: Packages/com.unity.2d.sprite/Editor/SpriteEditorModule/SpriteOutlineModule.cs - Importer: ScriptedImporter/UnityEditor.QuickSearchModule:UnityEditor.Search:ASIAI0B -> (ImportResultId: 'f34d5bf47d0dcb892493737253c185ee') in 0.0049446 seconds
[Worker0] Imported GUID: b670ab75dde984907b8570040daa08c5 - Path: Packages/com.unity.2d.sprite/Editor/ObjectMenuCreation/DefaultAssets/Textures/v2/HexagonFlatTop.png - Importer: ScriptedImporter/UnityEditor.QuickSearchModule:UnityEditor.Search:ASIAI0B -> (ImportResultId: '35fbc6d7aa7157390019aad96caecc01') in 0.0121012 seconds
[Worker0] Imported GUID: a11d1252397454e6d90d7a5514e76ce5 - Path: Packages/com.unity.2d.sprite/Editor/Assets/SpriteFrameToggle@32.png - Importer: ScriptedImporter/UnityEditor.QuickSearchModule:UnityEditor.Search:ASIAI0B -> (ImportResultId: '3bad1cc5ac334a7512313304685c2134') in 0.0104518 seconds
[Worker0] Imported GUID: 09192641a853d984fbc894d1ecad33a4 - Path: Packages/com.unity.2d.sprite/Editor/SpriteEditor/SpriteEditorMenu.cs - Importer: ScriptedImporter/UnityEditor.QuickSearchModule:UnityEditor.Search:ASIAI0B -> (ImportResultId: 'c265d1591cbcbccecd839edd34b9abfc') in 0.0043803 seconds
[Worker0] Imported GUID: eed45a33cd08446c8b88325cf82fc52f - Path: Packages/com.unity.2d.sprite/Editor/ObjectMenuCreation/DefaultAssets/Textures/HexagonPointTop.png - Importer: ScriptedImporter/UnityEditor.QuickSearchModule:UnityEditor.Search:ASIAI0B -> (ImportResultId: 'f2cbef4157a098fbcee6e89f41d0f556') in 0.0102528 seconds
[Worker1] Imported GUID: ad9baf3ac3e35c948bf6a50e91e91473 - Path: Packages/com.unity.2d.sprite/Editor/UI/SpriteEditor/PolygonChangeShapeWindow.uxml - Importer: ScriptedImporter/UnityEditor.QuickSearchModule:UnityEditor.Search:ASIAI0B -> (ImportResultId: '03e38044933d9b3fee99cae26e62398f') in 0.143103 seconds
[Worker1] Imported GUID: 2c61219a8c88e2b43a6637bc8fe558dc - Path: Packages/com.unity.2d.sprite/Editor/Interface/IAssetDatabase.cs - Importer: ScriptedImporter/UnityEditor.QuickSearchModule:UnityEditor.Search:ASIAI0B -> (ImportResultId: '435dc3b502752bacd0829c876fa4f668') in 0.0064071 seconds
[Worker0] Imported GUID: bd3cb4af8406d4436a2ae8c2aafe1f8d - Path: Packages/com.unity.2d.sprite/Editor/ObjectMenuCreation/DefaultAssets/Textures/Capsule.png - Importer: ScriptedImporter/UnityEditor.QuickSearchModule:UnityEditor.Search:ASIAI0B -> (ImportResultId: '97e34e0c48325bc0ab301a8d2644ed87') in 0.0148959 seconds
[Worker1] Imported GUID: 52ba1e44dd745b7499ee3f8bb1fe60ce - Path: Packages/com.unity.2d.sprite/Editor/SpriteEditor/SpriteUtilityWindow.cs - Importer: ScriptedImporter/UnityEditor.QuickSearchModule:UnityEditor.Search:ASIAI0B -> (ImportResultId: '1546c11d4f7dd77c3bb030436635d205') in 0.0063784 seconds
[Worker0] Imported GUID: 2ce4b92d8aa4ac14c9dd8eda0f422c89 - Path: Packages/com.unity.2d.sprite/Editor/SpriteEditorModule/TextureImporterDataProvider.cs - Importer: ScriptedImporter/UnityEditor.QuickSearchModule:UnityEditor.Search:ASIAI0B -> (ImportResultId: 'f6298defee77623c974c3f5e2d7eca73') in 0.006434 seconds
[Worker1] Imported GUID: dcc63292bf8cfd543b11bfdebe99cd02 - Path: Packages/com.unity.2d.sprite/Tests/Editor - Importer: ScriptedImporter/UnityEditor.QuickSearchModule:UnityEditor.Search:ASIAI0B -> (ImportResultId: '1a48e7ad37f0164762572b1a6805120b') in 0.004973 seconds
[Worker0] Imported GUID: b0d2f6baf710dbe49ab4cc9c63a02bdb - Path: Packages/com.unity.2d.sprite/Editor/SpriteEditorModule/SpriteFrameModule/SpritePolygonModeModuleView.cs - Importer: ScriptedImporter/UnityEditor.QuickSearchModule:UnityEditor.Search:ASIAI0B -> (ImportResultId: 'dfd4fea3691c27f365e57df6e048f437') in 0.0063363 seconds
[Worker1] Imported GUID: eb4d405ba54724ef89c2fce638946c5d - Path: Packages/com.unity.2d.sprite/Editor/ObjectMenuCreation/DefaultAssets/Textures - Importer: ScriptedImporter/UnityEditor.QuickSearchModule:UnityEditor.Search:ASIAI0B -> (ImportResultId: 'b148aa9fa99af27ae473a3d423976682') in 0.0052391 seconds
[Worker0] Imported GUID: 0d15278383d04786998d121cd31e71f4 - Path: Packages/com.unity.2d.sprite/Editor/Undo/UndoObject.cs - Importer: ScriptedImporter/UnityEditor.QuickSearchModule:UnityEditor.Search:ASIAI0B -> (ImportResultId: '4fdc00cd932662a2372275bf1b134b31') in 0.0074188 seconds
[Worker1] Imported GUID: 2da7f563df844e7199ab869a512be3a1 - Path: Packages/com.unity.2d.sprite/Editor/SpriteEditorModule/SpriteFrameModule/SpriteFrameModuleBaseSpriteEditor.cs - Importer: ScriptedImporter/UnityEditor.QuickSearchModule:UnityEditor.Search:ASIAI0B -> (ImportResultId: 'b99227a08d42010c933f2f707d266bdb') in 0.0052728 seconds
[Worker1] Imported GUID: b24e0bc58c3b8834dbb57d29d39752b7 - Path: Packages/com.unity.2d.sprite/Editor/SpriteEditorModule/SpriteEditorData.cs - Importer: ScriptedImporter/UnityEditor.QuickSearchModule:UnityEditor.Search:ASIAI0B -> (ImportResultId: 'd86efe41e533b5b6d4f7b43e37736654') in 0.0043078 seconds
[Worker1] Imported GUID: 48e93eef0688c4a259cb0eddcd8661f7 - Path: Packages/com.unity.2d.sprite/Editor/ObjectMenuCreation/DefaultAssets/Textures/Square.png - Importer: ScriptedImporter/UnityEditor.QuickSearchModule:UnityEditor.Search:ASIAI0B -> (ImportResultId: '36e15deae3c079bb1afc7f9df0925050') in 0.0126061 seconds
[Worker1] Imported GUID: f718650777d1c4054b67f17a9e60cfaa - Path: Packages/com.unity.2d.sprite/Editor/SpriteEditorModule/SpriteOutlineOverlay.cs - Importer: ScriptedImporter/UnityEditor.QuickSearchModule:UnityEditor.Search:ASIAI0B -> (ImportResultId: 'a418373db1c5e1c82f82a890c4d72989') in 0.0039718 seconds
[Worker1] Imported GUID: 357726a1187b4365a8f9f5ead3600872 - Path: Packages/com.unity.2d.sprite/Editor/SpriteEditorModule/SpriteFrameModule/SpriteFameModuleDataProviderOverride.cs - Importer: ScriptedImporter/UnityEditor.QuickSearchModule:UnityEditor.Search:ASIAI0B -> (ImportResultId: 'b7f81c531b170e58fc9cb1f36002f016') in 0.0059398 seconds
[Worker1] Imported GUID: 311925a002f4447b3a28927169b83ea6 - Path: Packages/com.unity.2d.sprite/Editor/ObjectMenuCreation/DefaultAssets/Textures/v2/Square.png - Importer: ScriptedImporter/UnityEditor.QuickSearchModule:UnityEditor.Search:ASIAI0B -> (ImportResultId: '4c1919f2b5114e858163a9ef60594f8f') in 0.0119369 seconds
[Worker1] Imported GUID: d02b5650e6e0b4c45ab18d5a1d1fce97 - Path: Packages/com.unity.2d.sprite/Editor/UI/SpriteEditor/SpriteFrameModuleInspector.uxml - Importer: ScriptedImporter/UnityEditor.QuickSearchModule:UnityEditor.Search:ASIAI0B -> (ImportResultId: '10ca016365a239889ab88a2677986e54') in 0.0150647 seconds
[Worker1] Imported GUID: 8884154dfe85442a3a3578be807dbcdf - Path: Packages/com.unity.2d.sprite/Editor/ObjectMenuCreation/DefaultAssets/Textures/v2/9Sliced.png - Importer: ScriptedImporter/UnityEditor.QuickSearchModule:UnityEditor.Search:ASIAI0B -> (ImportResultId: '10a7ee08ce8700a7f6b7ff5549dda76f') in 0.0124278 seconds
[Worker1] Imported GUID: cd09d9cb85d9d904dba1ade9bded16de - Path: Packages/com.unity.2d.sprite/Editor/SpriteEditor/SpriteRect.cs - Importer: ScriptedImporter/UnityEditor.QuickSearchModule:UnityEditor.Search:ASIAI0B -> (ImportResultId: 'ca358b90cf19b9a574d0d45c0f8b9f55') in 0.0042129 seconds
[Worker1] Imported GUID: e1a3bd001331f2049913323736d02a48 - Path: Packages/com.unity.2d.sprite/Editor/SpriteEditorModule/SpriteFrameModule - Importer: ScriptedImporter/UnityEditor.QuickSearchModule:UnityEditor.Search:ASIAI0B -> (ImportResultId: 'a50e02a5396eeeca4c88cf9b16286668') in 0.0044911 seconds
[Worker1] Imported GUID: 2d68391cb3f74b2c93616b2a26d7b85f - Path: Packages/com.unity.2d.sprite/Editor/SpriteEditorModule/SpriteFrameModule/SpriteFrameEditor - Importer: ScriptedImporter/UnityEditor.QuickSearchModule:UnityEditor.Search:ASIAI0B -> (ImportResultId: '8af6e3306694a8348fef8bd827a18124') in 0.0054191 seconds
[Worker1] Imported GUID: db750325989564987a34393247d883b4 - Path: Packages/com.unity.2d.sprite/Editor/ObjectMenuCreation/DefaultAssets/Textures/SquareWithBorder.png - Importer: ScriptedImporter/UnityEditor.QuickSearchModule:UnityEditor.Search:ASIAI0B -> (ImportResultId: '3d82117846ccfdfa5634724d26fdd7cd') in 0.013666 seconds
[Worker1] Imported GUID: 687acdc95675db149bf5de5771ecac18 - Path: Packages/com.unity.2d.sprite/Editor/SpriteEditor/SpriteEditorWindow.cs - Importer: ScriptedImporter/UnityEditor.QuickSearchModule:UnityEditor.Search:ASIAI0B -> (ImportResultId: 'f8ea590cd00def9b388cb2de66167322') in 0.0045945 seconds
[Worker0] Imported GUID: dde790a688b0426aa8b203f14ba9ced2 - Path: Packages/com.unity.2d.sprite/Editor/UI/SpriteEditor/SpriteFrameCapabilityWindow.uxml - Importer: ScriptedImporter/UnityEditor.QuickSearchModule:UnityEditor.Search:ASIAI0B -> (ImportResultId: '8956faeb0e1fbf6e6813c5c5e437efc7') in 0.1143735 seconds
[Worker0] Imported GUID: bbde88425e2d4dbfbcdd8d11d5002c3a - Path: Packages/com.unity.2d.sprite/Editor/SpriteEditorModule/SpriteFrameModule/UndoObject - Importer: ScriptedImporter/UnityEditor.QuickSearchModule:UnityEditor.Search:ASIAI0B -> (ImportResultId: '9d1922008db996f1fb56b2b28d7dc764') in 0.0053447 seconds
[Worker1] Imported GUID: 207ee8102dd4143d288186ef0be518ee - Path: Packages/com.unity.2d.sprite/Editor/ObjectMenuCreation/DefaultAssets/Textures/v2/Capsule.png - Importer: ScriptedImporter/UnityEditor.QuickSearchModule:UnityEditor.Search:ASIAI0B -> (ImportResultId: '3171e0cfbf9396147c5738941939a4e1') in 0.0148498 seconds
[Worker0] Imported GUID: 20ef7441e2dc7954c9ba3a12ffbac4d9 - Path: Packages/com.unity.2d.sprite/LICENSE.md - Importer: ScriptedImporter/UnityEditor.QuickSearchModule:UnityEditor.Search:ASIAI0B -> (ImportResultId: '6ae88688f70f17f3c48e26d67b86b86d') in 0.0068227 seconds
[Worker0] Imported GUID: 92218ba33a004d4188bcfaaabc0cf8e7 - Path: Packages/com.unity.2d.sprite/Editor/SpriteEditorModule/SpriteFrameModule/SpriteFrameEditor/SpriteFrameEditorMode.cs - Importer: ScriptedImporter/UnityEditor.QuickSearchModule:UnityEditor.Search:ASIAI0B -> (ImportResultId: 'c17d59ab2c5e7ce0176a68f15b33262d') in 0.0049469 seconds
[Worker0] Imported GUID: ee0cc032b1dc4910a56877874fd77a0a - Path: Packages/com.unity.2d.sprite/Editor/SpriteEditorModule/SpriteFrameModule/Overlay/SpriteFrameModeToolStripBase.cs - Importer: ScriptedImporter/UnityEditor.QuickSearchModule:UnityEditor.Search:ASIAI0B -> (ImportResultId: '6ce8dae292bea1e6c82b5723285055bb') in 0.0082254 seconds
[Worker1] Imported GUID: 87aaca0a643d54397ba969dab4fc8875 - Path: Packages/com.unity.2d.sprite/Editor/ObjectMenuCreation/DefaultAssets/Textures/CircleMask.png - Importer: ScriptedImporter/UnityEditor.QuickSearchModule:UnityEditor.Search:ASIAI0B -> (ImportResultId: 'b9ef6b1fa850caebde4dbd615e6cc33d') in 0.0180138 seconds
[Worker0] Imported GUID: b7784190913354d4fb9b7f77888f915f - Path: Packages/com.unity.2d.sprite/Editor/Assets/d_SpriteEditor.png - Importer: ScriptedImporter/UnityEditor.QuickSearchModule:UnityEditor.Search:ASIAI0B -> (ImportResultId: '34203281393808f2c02b85c6c175b6a4') in 0.0097943 seconds
[Worker1] Imported GUID: 35f4ee23cc5e408190298151beab219a - Path: Packages/com.unity.2d.sprite/Editor/UI/SpriteEditor/SpriteEditorToolbar.uss - Importer: ScriptedImporter/UnityEditor.QuickSearchModule:UnityEditor.Search:ASIAI0B -> (ImportResultId: '145f987b6408db7d7f7d9e622f44aef5') in 0.0133316 seconds
[Worker1] Imported GUID: 453cfcbf89b424ad9a293b19d1e3d4bb - Path: Packages/com.unity.2d.sprite/Editor/UI/SpriteEditor/SpriteOutlineToolOverlayPanelStyle.uss - Importer: ScriptedImporter/UnityEditor.QuickSearchModule:UnityEditor.Search:ASIAI0B -> (ImportResultId: '1a796099f9315e40f8a22728ccdae641') in 0.0057294 seconds
[Worker0] Imported GUID: ebe73ca9363db456bacf42c025bb4847 - Path: Packages/com.unity.2d.sprite/Editor/ObjectMenuCreation/DefaultAssets/Textures/Circle.png - Importer: ScriptedImporter/UnityEditor.QuickSearchModule:UnityEditor.Search:ASIAI0B -> (ImportResultId: 'b709ffaab2b7f4e01a739931401707c4') in 0.0132973 seconds
[Worker1] Imported GUID: 74d9036aa1bb14ccfafb89d639870288 - Path: Packages/com.unity.2d.sprite/Editor/Assets/d_SpriteEditor@2x.png - Importer: ScriptedImporter/UnityEditor.QuickSearchModule:UnityEditor.Search:ASIAI0B -> (ImportResultId: '1b8436136a0c6b5fd8dd974097508e04') in 0.0107637 seconds
[Worker0] Imported GUID: 7a102b8a65a8437b961da9f48269e876 - Path: Packages/com.unity.2d.sprite/Editor/Undo - Importer: ScriptedImporter/UnityEditor.QuickSearchModule:UnityEditor.Search:ASIAI0B -> (ImportResultId: '3105a5ea5665783d4e5c9fae29bf5b3a') in 0.0043631 seconds
[Worker1] Imported GUID: b8f7402084fe2cf4d884952adeac1114 - Path: Packages/com.unity.2d.sprite/Editor/UI/SpriteEditor - Importer: ScriptedImporter/UnityEditor.QuickSearchModule:UnityEditor.Search:ASIAI0B -> (ImportResultId: 'af9607d7f19fbd807fc5fe22017438ce') in 0.005908 seconds
[Worker0] Imported GUID: 2f2c60f27061464ba01b5e2273842fb3 - Path: Packages/com.unity.2d.sprite/Editor/SpriteEditorModule/SpriteFrameModule/EditCapability.cs - Importer: ScriptedImporter/UnityEditor.QuickSearchModule:UnityEditor.Search:ASIAI0B -> (ImportResultId: '63f067335d74b0981d5bd8ddb13e7916') in 0.0047522 seconds
[Worker1] Imported GUID: 5aa8b770bc43046bc8d993d0d5b7f4a5 - Path: Packages/com.unity.2d.sprite/Editor/ObjectMenuCreation/DefaultAssets/Textures/v2/HexagonPointTop.png - Importer: ScriptedImporter/UnityEditor.QuickSearchModule:UnityEditor.Search:ASIAI0B -> (ImportResultId: '0dd9a18c2cf4ca6b1a8f47b859e9c2c1') in 0.0118671 seconds
[Worker1] Imported GUID: addca83ddeeb2624b971c569fc64e6e8 - Path: Packages/com.unity.2d.sprite/Editor/ShapeEditor/ShapeEditorRectSelection.cs - Importer: ScriptedImporter/UnityEditor.QuickSearchModule:UnityEditor.Search:ASIAI0B -> (ImportResultId: 'f54a0f460d72b7e195e0eb7a6f39511e') in 0.0043473 seconds
[Worker1] Imported GUID: 2c573e6b271651846a79655161004c5b - Path: Packages/com.unity.2d.sprite/Editor/Unity.2D.Sprite.Editor.asmdef - Importer: ScriptedImporter/UnityEditor.QuickSearchModule:UnityEditor.Search:ASIAI0B -> (ImportResultId: '935f937ea9db6d58400536ad23206ba9') in 0.0063434 seconds
[Worker0] Imported GUID: fd3d7c275a0958b4fa0f26a0ee9b8481 - Path: Packages/com.unity.2d.sprite/Editor/UI/SpriteEditor/SpriteEditor.uss - Importer: ScriptedImporter/UnityEditor.QuickSearchModule:UnityEditor.Search:ASIAI0B -> (ImportResultId: '47033c7d09bfbf529e22f845df9f11bb') in 0.0201194 seconds
[Worker0] Imported GUID: 5cebb8a885d4e4a6992c4fcd598b67c8 - Path: Packages/com.unity.2d.sprite/Editor/ObjectMenuCreation/DefaultAssets - Importer: ScriptedImporter/UnityEditor.QuickSearchModule:UnityEditor.Search:ASIAI0B -> (ImportResultId: '7ad22ed7a11473d59e9b1c7c391a859d') in 0.0039419 seconds
[Worker1] Imported GUID: c6d716fa0b248974ba279fc9660ff779 - Path: Packages/com.unity.2d.sprite/Editor/SpriteEditorModule/TextureImporterDataProviderImplementation.cs - Importer: ScriptedImporter/UnityEditor.QuickSearchModule:UnityEditor.Search:ASIAI0B -> (ImportResultId: 'a61a32a283c7d851de52cc427f071c6c') in 0.0080693 seconds
[Worker1] Imported GUID: 30059556ae90a4efebfdb2c9ed884dd1 - Path: Packages/com.unity.2d.sprite/Editor/ObjectMenuCreation/ItemCreationUtility.cs - Importer: ScriptedImporter/UnityEditor.QuickSearchModule:UnityEditor.Search:ASIAI0B -> (ImportResultId: '11a8d0a0860a282646423afb636dd9c9') in 0.0051549 seconds
[Worker0] Imported GUID: 19fb86013d8c24d6cb8410c0aadf30fa - Path: Packages/com.unity.2d.sprite/Editor/ObjectMenuCreation/DefaultAssets/Textures/v2/IsometricDiamond.png - Importer: ScriptedImporter/UnityEditor.QuickSearchModule:UnityEditor.Search:ASIAI0B -> (ImportResultId: 'b9b0c2ca2b0e6cceff683a89e84095ac') in 0.0134135 seconds
[Worker1] Imported GUID: 3df425822b2a4161887e07035662ca58 - Path: Packages/com.unity.2d.sprite/Editor/SpriteEditorModule/SpriteFrameModule/Overlay/SpriteFrameModeOverlay.cs - Importer: ScriptedImporter/UnityEditor.QuickSearchModule:UnityEditor.Search:ASIAI0B -> (ImportResultId: '6694bd37731e83526a3e10a082a3f1d8') in 0.0068292 seconds
[Worker0] Imported GUID: 16037dbd798344f57a526d53d48f5ead - Path: Packages/com.unity.2d.sprite/Editor/ObjectMenuCreation/DefaultAssets/Textures/HexagonFlatTop.png - Importer: ScriptedImporter/UnityEditor.QuickSearchModule:UnityEditor.Search:ASIAI0B -> (ImportResultId: '06ee04120b98e2eb52e20e052e6ae259') in 0.0117068 seconds
[Worker1] Imported GUID: da5aa6ed6c9fc4b049dffa3da57eaf7b - Path: Packages/com.unity.2d.sprite/Editor/Assets/LockedOptions@2x.png - Importer: ScriptedImporter/UnityEditor.QuickSearchModule:UnityEditor.Search:ASIAI0B -> (ImportResultId: '147204bd291a4e55dd2c10b8e7375c1a') in 0.0109511 seconds
[Worker0] Imported GUID: 08dd6aaafc7b42c99ecb6b641e9aa5a6 - Path: Packages/com.unity.2d.sprite/Editor/SpriteEditor/SpriteNameFileIdPair.cs - Importer: ScriptedImporter/UnityEditor.QuickSearchModule:UnityEditor.Search:ASIAI0B -> (ImportResultId: '40748053bf19297a2c2569f2e31b1277') in 0.0046443 seconds
[Worker1] Imported GUID: 52648b72c7bef2040bf0cfa8dd0f74da - Path: Packages/com.unity.2d.sprite/Tests/Editor/Unity.2D.Sprite.Package.EditorTests.asmdef - Importer: ScriptedImporter/UnityEditor.QuickSearchModule:UnityEditor.Search:ASIAI0B -> (ImportResultId: '3866a58fd63a5b5483c32030aff86bbf') in 0.0056971 seconds
[Worker0] Imported GUID: 93511675f113bf744a830b91761ead82 - Path: Packages/com.unity.2d.sprite/Editor/UI - Importer: ScriptedImporter/UnityEditor.QuickSearchModule:UnityEditor.Search:ASIAI0B -> (ImportResultId: 'ece69cbd5e2d5babc0eb45299b2bd60b') in 0.0043055 seconds
[Worker0] Imported GUID: 10b44a9fe8d83294589c997ec45fc435 - Path: Packages/com.unity.2d.sprite/Editor/ShapeEditor/ShapeEditor.cs - Importer: ScriptedImporter/UnityEditor.QuickSearchModule:UnityEditor.Search:ASIAI0B -> (ImportResultId: 'cf77f4d1ddd7afb076e087537c7def6a') in 0.0050428 seconds
[Worker1] Imported GUID: 3f03c59d42c144a89743fbad7c07fbd3 - Path: Packages/com.unity.2d.sprite/Editor/SpriteEditorModule/SpriteFrameModule/UndoObject/EditCapabilityUndoObject.cs - Importer: ScriptedImporter/UnityEditor.QuickSearchModule:UnityEditor.Search:ASIAI0B -> (ImportResultId: 'b91ae6dbc957be0ea7b241521fda1a3d') in 0.0095106 seconds
[Worker0] Imported GUID: 6c63f27dc485bf247bd3b10e6d66f1d9 - Path: Packages/com.unity.2d.sprite/Editor/SpriteEditorModule/ISpriteEditorModule.cs - Importer: ScriptedImporter/UnityEditor.QuickSearchModule:UnityEditor.Search:ASIAI0B -> (ImportResultId: '65e0306e1d7f78442b4345ca8495add3') in 0.0049035 seconds
[Worker0] Imported GUID: 0ba4af382ef34da4fa3017497b72befb - Path: Packages/com.unity.2d.sprite/Editor/Interface/ITexture.cs - Importer: ScriptedImporter/UnityEditor.QuickSearchModule:UnityEditor.Search:ASIAI0B -> (ImportResultId: 'e5d2bdf5c46f8fd3ba5f9cd9d4fb0b13') in 0.0052985 seconds
[Worker1] Imported GUID: 6c7e9115f7d147358afe5f37134801db - Path: Packages/com.unity.2d.sprite/Editor/UI/SpriteEditor/SpriteFrameCapabilityWindow.uss - Importer: ScriptedImporter/UnityEditor.QuickSearchModule:UnityEditor.Search:ASIAI0B -> (ImportResultId: '5ced52b6b3344789c3133e81a4afa010') in 0.0106135 seconds
[Worker1] Imported GUID: e31c136ab48c1194184380e435f3936d - Path: Packages/com.unity.2d.sprite/README.md - Importer: ScriptedImporter/UnityEditor.QuickSearchModule:UnityEditor.Search:ASIAI0B -> (ImportResultId: '76bbf9a27e23e301aa507b1fef5c88b5') in 0.0072758 seconds
[Worker0] Imported GUID: b2bd41a7c30fc4ad796e452d755dbfb5 - Path: Packages/com.unity.2d.sprite/Editor/Assets/d_SpriteFrameToggle@32.png - Importer: ScriptedImporter/UnityEditor.QuickSearchModule:UnityEditor.Search:ASIAI0B -> (ImportResultId: 'c17916145951630d1da884285592377a') in 0.0136315 seconds
[Worker1] Imported GUID: ccbbef892d435144aa8a0f9fd5ccee51 - Path: Packages/com.unity.2d.sprite/Editor/ShapeEditor - Importer: ScriptedImporter/UnityEditor.QuickSearchModule:UnityEditor.Search:ASIAI0B -> (ImportResultId: '8b101ef73e014e8ffeee685a6bcb4ec3') in 0.0054037 seconds
[Worker0] Imported GUID: 5370dc6919bc441a9e079e659b067930 - Path: Packages/com.unity.2d.sprite/Editor/UI/SpriteEditor/SpriteEditorHelpBox.uss - Importer: ScriptedImporter/UnityEditor.QuickSearchModule:UnityEditor.Search:ASIAI0B -> (ImportResultId: '75768885dd54f47619bf54698c467644') in 0.0104316 seconds
[Worker1] Imported GUID: a86470a33a6bf42c4b3595704624658b - Path: Packages/com.unity.2d.sprite/Editor/ObjectMenuCreation/DefaultAssets/Textures/v2/Circle.png - Importer: ScriptedImporter/UnityEditor.QuickSearchModule:UnityEditor.Search:ASIAI0B -> (ImportResultId: 'b2be95c668f610f8a35afb722dfa930c') in 0.012777 seconds
[Worker1] Imported GUID: 045b15ec09bba42448d89db77fa6f20a - Path: Packages/com.unity.2d.sprite/Editor/ObjectMenuCreation/DefaultAssets/Textures/IsometricDiamond.png - Importer: ScriptedImporter/UnityEditor.QuickSearchModule:UnityEditor.Search:ASIAI0B -> (ImportResultId: '1a6f6d75aaa87a17b31df21485d6fa00') in 0.0907231 seconds
[Worker0] Imported GUID: 822efcfdd5f5a45e99513239c9c1859f - Path: Packages/com.unity.2d.sprite/Editor/UI/SpriteEditor/SpriteOutlineToolOverlayPanel.uxml - Importer: ScriptedImporter/UnityEditor.QuickSearchModule:UnityEditor.Search:ASIAI0B -> (ImportResultId: '1d91a0dfaf5c82c3ee2103ea73d41c78') in 0.096773 seconds
[Worker1] Imported GUID: b1c7f0c50b0c1d7458d2d0a50ebfefef - Path: Packages/com.unity.2d.sprite/Editor/Interface - Importer: ScriptedImporter/UnityEditor.QuickSearchModule:UnityEditor.Search:ASIAI0B -> (ImportResultId: '338104aa7cd6a2fd96f78437398ad151') in 0.0367025 seconds
[Worker0] Imported GUID: dde9b84b2ecc449698f45f68b76697ec - Path: Packages/com.unity.2d.sprite/Editor/SpriteEditor/SpriteEditorWindowSettings.cs - Importer: ScriptedImporter/UnityEditor.QuickSearchModule:UnityEditor.Search:ASIAI0B -> (ImportResultId: 'e1d89434e0d1692d56deee9ed943fe38') in 0.0373809 seconds
[Worker0] Imported GUID: 476369828d55a4032beead7444495b69 - Path: Packages/com.unity.2d.sprite/Editor/Assets/SpriteEditorOn.png - Importer: ScriptedImporter/UnityEditor.QuickSearchModule:UnityEditor.Search:ASIAI0B -> (ImportResultId: 'e9425ec746dd38109348037cd401cf06') in 0.0108292 seconds
[Worker1] Imported GUID: 0d267bc78a0864eb48358689b29ed20a - Path: Packages/com.unity.2d.sprite/Editor/ObjectMenuCreation/DefaultAssets/Textures/IsometricDiamondWithBorder.png - Importer: ScriptedImporter/UnityEditor.QuickSearchModule:UnityEditor.Search:ASIAI0B -> (ImportResultId: '728a64f15180f3d0b1b4daf3739ccece') in 0.0128108 seconds
[Worker0] Imported GUID: b7aa27c5c7dc45a9a3548f2f160a2798 - Path: Packages/com.unity.2d.sprite/Editor/SpriteEditorModule/SpriteFrameModule/SpriteSlicePostprocessor.cs - Importer: ScriptedImporter/UnityEditor.QuickSearchModule:UnityEditor.Search:ASIAI0B -> (ImportResultId: '1c96b86afefe5f955b448d5df030a5de') in 0.0054763 seconds
[Worker1] Imported GUID: 34587324d412940a79d530020c957dc0 - Path: Packages/com.unity.2d.sprite/Editor/ObjectMenuCreation/DefaultAssets/Textures/CapsuleWithBorder.png - Importer: ScriptedImporter/UnityEditor.QuickSearchModule:UnityEditor.Search:ASIAI0B -> (ImportResultId: '4504261b8d74ed8481f5cdddb6cfb44e') in 0.0161395 seconds
[Worker0] Imported GUID: 492c70ec0e6ff4af48a6886e4e1608f8 - Path: Packages/com.unity.2d.sprite/Editor/Assets/LockedOptions.png - Importer: ScriptedImporter/UnityEditor.QuickSearchModule:UnityEditor.Search:ASIAI0B -> (ImportResultId: '2a6bbc28ea11e58f872887e375a32fd5') in 0.0125518 seconds
[Worker0] Imported GUID: 20c685e07fa93400e9c30b0326f57bfd - Path: Packages/com.unity.2d.sprite/Editor/Assets - Importer: ScriptedImporter/UnityEditor.QuickSearchModule:UnityEditor.Search:ASIAI0B -> (ImportResultId: 'c549157cc141867aa5cc8e98c5475337') in 0.0053332 seconds
[Worker0] Imported GUID: 108014601e234997bd271b3b9a1991d0 - Path: Packages/com.unity.2d.sprite/Editor/SpriteEditorModule/SpriteFrameModule/Overlay - Importer: ScriptedImporter/UnityEditor.QuickSearchModule:UnityEditor.Search:ASIAI0B -> (ImportResultId: '25baf2ba8d8a0e0575905b3eb271ed0e') in 0.0054873 seconds
[Worker1] Imported GUID: 40bde776259d14327bcda6275f7c21b3 - Path: Packages/com.unity.2d.sprite/Editor/Assets/d_LockedOptions.png - Importer: ScriptedImporter/UnityEditor.QuickSearchModule:UnityEditor.Search:ASIAI0B -> (ImportResultId: '4ec5ca0c3ebf836f16ff20dcda337d30') in 0.0129519 seconds
[Worker0] Imported GUID: d32377b23cb0c8b46a545d7014fff425 - Path: Packages/com.unity.2d.sprite/Editor/SpriteEditor - Importer: ScriptedImporter/UnityEditor.QuickSearchModule:UnityEditor.Search:ASIAI0B -> (ImportResultId: 'b5a5ffb192518e79c3be403ad782d9d1') in 0.0066514 seconds
[Worker1] Imported GUID: 03dd6911110407b418a3e5d3f0c473af - Path: Packages/com.unity.2d.sprite/Editor/AssemblyInfo.cs - Importer: ScriptedImporter/UnityEditor.QuickSearchModule:UnityEditor.Search:ASIAI0B -> (ImportResultId: 'd341f65b937d580cff6994d2182657a8') in 0.0061176 seconds
[Worker0] Imported GUID: ab4bbc8deeeb005438fa5034a454be7b - Path: Packages/com.unity.2d.sprite/Editor/SpriteEditorModule - Importer: ScriptedImporter/UnityEditor.QuickSearchModule:UnityEditor.Search:ASIAI0B -> (ImportResultId: '6594e214cbcc136968bd1877560fe887') in 0.005732 seconds
[Worker0] Imported GUID: 7e2656e167a517b4d8552ba38f4b7bbe - Path: Packages/com.unity.2d.sprite/Tests - Importer: ScriptedImporter/UnityEditor.QuickSearchModule:UnityEditor.Search:ASIAI0B -> (ImportResultId: '4a9aec6d811ffe428f7392a88aea6adf') in 0.0234615 seconds
[Worker1] Imported GUID: 4b2a04fdbe0ef4d8da8f90eaca817cd1 - Path: Packages/com.unity.2d.sprite/Editor/ObjectMenuCreation/DefaultAssets/Textures/HexagonPointTopWithBorder.png - Importer: ScriptedImporter/UnityEditor.QuickSearchModule:UnityEditor.Search:ASIAI0B -> (ImportResultId: 'ab656dffa34354b2958060029500470b') in 0.0304033 seconds
[Worker0] Imported GUID: 6d70958817ddd43678a10b02a1aa4cdd - Path: Packages/com.unity.2d.sprite/Editor/Assets/SpriteEditorWindowDefault.overlay - Importer: ScriptedImporter/UnityEditor.QuickSearchModule:UnityEditor.Search:ASIAI0B -> (ImportResultId: '37a3f13aefb5f85a56725ba3ef473357') in 0.0066827 seconds
[Worker1] Imported GUID: 81b5d3841f5c60d4998eaa5628c6f899 - Path: Packages/com.unity.2d.sprite/Editor/SpriteEditorModule/SpriteFrameModule/SpriteFrameModuleView.cs - Importer: ScriptedImporter/UnityEditor.QuickSearchModule:UnityEditor.Search:ASIAI0B -> (ImportResultId: '63479047c2cf04b0b765475f9775e043') in 0.0071833 seconds
[Worker0] Imported GUID: 172f9a5627fbd495e9b469d54bed367a - Path: Packages/com.unity.2d.sprite/Editor/ObjectMenuCreation/DefaultAssets/Textures/v2 - Importer: ScriptedImporter/UnityEditor.QuickSearchModule:UnityEditor.Search:ASIAI0B -> (ImportResultId: '9e23f603c53e2aaa9a4ee8a8c1cd90cc') in 0.0059574 seconds
[Worker1] Imported GUID: 1727104fdbd44a8493db8c40a5b406b3 - Path: Packages/com.unity.2d.sprite/Editor/SpriteEditorModule/SpriteFrameModule/SpritePivotUtility.cs - Importer: ScriptedImporter/UnityEditor.QuickSearchModule:UnityEditor.Search:ASIAI0B -> (ImportResultId: '1565b6c95aecfc1b87552bfcfe2e9d16') in 0.0064431 seconds
[Worker0] Imported GUID: 37d4d4c58ffbc8c41bb0cecb9c131ba9 - Path: Packages/com.unity.2d.sprite/Editor/Interface/IUndoSystem.cs - Importer: ScriptedImporter/UnityEditor.QuickSearchModule:UnityEditor.Search:ASIAI0B -> (ImportResultId: 'fc31356d3cdbf8883bc3a6e5e313db81') in 0.0086831 seconds
[Worker1] Imported GUID: b7007d815829e7644bb81d1f8004a340 - Path: Packages/com.unity.2d.sprite/CHANGELOG.md - Importer: ScriptedImporter/UnityEditor.QuickSearchModule:UnityEditor.Search:ASIAI0B -> (ImportResultId: '833fe7033e8e77211c54fccf412b512b') in 0.0065866 seconds
[Worker1] Imported GUID: 16fa2ad734f422245b86558310973ad1 - Path: Packages/com.unity.2d.sprite/Editor - Importer: ScriptedImporter/UnityEditor.QuickSearchModule:UnityEditor.Search:ASIAI0B -> (ImportResultId: 'f990b92a71a001a22ba4ac7939cbac3b') in 0.0052232 seconds
[Worker0] Imported GUID: 5a8fa255c72c8434990dc8bf9b262d59 - Path: Packages/com.unity.2d.sprite/Editor/Interface/IEvent.cs - Importer: ScriptedImporter/UnityEditor.QuickSearchModule:UnityEditor.Search:ASIAI0B -> (ImportResultId: '6b806fb803793ea590ed656eb0bbfd21') in 0.0059943 seconds
[Worker0] Imported GUID: 12b2e7dbf9197664c9cd477b41e9e905 - Path: Packages/com.unity.2d.sprite/Editor/Interface/IGUIUtility.cs - Importer: ScriptedImporter/UnityEditor.QuickSearchModule:UnityEditor.Search:ASIAI0B -> (ImportResultId: '6a9042624f8cf6bcaf635b39950473c2') in 0.0065604 seconds
[Worker1] Imported GUID: cd39e260c575e3b4785b68fcdfc4c82f - Path: Packages/com.unity.2d.sprite/Editor/Interface/IGL.cs - Importer: ScriptedImporter/UnityEditor.QuickSearchModule:UnityEditor.Search:ASIAI0B -> (ImportResultId: 'a382648747531a07ae68be331339cd37') in 0.0094143 seconds
[Worker0] Imported GUID: aab45f472c6d49c39ebd1e06a629680e - Path: Packages/com.unity.2d.sprite/Editor/SpriteEditorModule/SpriteFrameModule/SpriteFrameEditor/SpriteFrameEditorModeToggle.cs - Importer: ScriptedImporter/UnityEditor.QuickSearchModule:UnityEditor.Search:ASIAI0B -> (ImportResultId: '4ae4187f40057e020d3700c6721275b7') in 0.0058606 seconds
[Worker1] Imported GUID: 8049a27562ef445baa89975bfd0f8bcb - Path: Packages/com.unity.2d.sprite/Editor/SpriteEditorModule/SpriteFrameModule/SpriteFrameCapabilityWindow.cs - Importer: ScriptedImporter/UnityEditor.QuickSearchModule:UnityEditor.Search:ASIAI0B -> (ImportResultId: '80adb3292fb02e21df3f2dd54e1c99d4') in 0.0060531 seconds
[Worker0] Imported GUID: 9b243bd8491a24b2cbe5231468a93813 - Path: Packages/com.unity.2d.sprite/Editor/Assets/SpriteEditor.png - Importer: ScriptedImporter/UnityEditor.QuickSearchModule:UnityEditor.Search:ASIAI0B -> (ImportResultId: '57ac456267d3c8d2ec280df09c9d290c') in 0.013578 seconds
[Worker1] Imported GUID: 1fb0e05a5ca5a42ba8ffafe439520b8e - Path: Packages/com.unity.2d.sprite/Editor/Assets/SpriteEditorOn@2x.png - Importer: ScriptedImporter/UnityEditor.QuickSearchModule:UnityEditor.Search:ASIAI0B -> (ImportResultId: '83e5f2f3efc6225cca0caddcdb363593') in 0.0122887 seconds
[Worker0] Imported GUID: ea47ea935cf1ba94ba6feb6595cca8ba - Path: Packages/com.unity.2d.sprite/Editor/SpriteEditorModule/SpriteSecondaryTexturesModule.cs - Importer: ScriptedImporter/UnityEditor.QuickSearchModule:UnityEditor.Search:ASIAI0B -> (ImportResultId: '12706d5dda96932db0af1271d8e77f3f') in 0.0051213 seconds
[Worker1] Imported GUID: e79658349ea684b40a48780d33ff6024 - Path: Packages/com.unity.2d.sprite/Editor/SpriteEditorModule/SpriteFrameModule/SpritePolygonModeModule.cs - Importer: ScriptedImporter/UnityEditor.QuickSearchModule:UnityEditor.Search:ASIAI0B -> (ImportResultId: 'eb06775e71d9f613b335a2a53ab36137') in 0.005345 seconds
Importing 'GUID: 6a0f1ad52633fa44f9a49e02ec62b489 - Path: Assets/PlayerTest' with importer (DefaultImporter)
Imported 'GUID: 6a0f1ad52633fa44f9a49e02ec62b489' -> (Import Result ID: '9508df2f17e99d5a8d150f03afdbcbcf') in 0.172 seconds [static dependencies only]. Details - ImportResultOutputID=f4f1fb466ca85c7c8cfd24bbd3539382 DependenciesID=165ac3eda1669159cb351a04d0620c1b StaticDependenciesID=99a5a047b277ef140f8530a17db99792 

Asset Pipeline Refresh (id=7a35334627eb1a949b3234421e30827a): Total: 1.101 seconds - Initiated by StopAssetImportingV2(NoUpdateAssetOptions)
	(Values over 0.05ms)
	Summary:
		Imports: total=1 (actual=1, local cache=0, cache server=0)
		Asset DB Process Time: managed=0 ms, native=1090 ms
		Asset DB Callback time: managed=9 ms, native=0 ms
		Scripting: domain reloads=0, domain reload time=0 ms, compile time=0 ms, other=0 ms
		Project Asset Count: scripts=139, non-scripts=137
		Asset File Changes: new=1, changed=1, moved=0, deleted=0
		Scan Filter Count: 2
	ApplyChangesToAssetFolders: 0.094ms
	Scan: 906.499ms
	Collect global state as custom dependencies: 0.073ms
	OnSourceAssetsModified: 2.548ms
	CategorizeAssets: 0.314ms
	ImportOutOfDateAssets: 177.474ms (1.803ms without children)
		ImportManagerImport: 172.442ms (0.109ms without children)
		UnloadImportedAssets: 0.705ms
		EnsureUptoDateAssetsAreRegisteredWithGuidPM: 0.096ms
		ImportSchedulerStart: 2.424ms
	PostProcessAllAssets: 1.492ms
		MonoPostProcessAllAssets: 1.192ms
			AssetChangedListener.OnPostprocessAllAssets 0.432ms
			SpriteEditorTexturePostprocessor.OnPostprocessAllAssets 0.129ms
			AssetPostprocessor.OnPostprocessAllAssets 0.106ms
			SyncVS.PostprocessSyncProject 0.075ms
	PostAssetChangesProfiler: 6.144ms
	UnloadStreamsBegin: 2.494ms
	PersistCurrentRevisions: 0.172ms
	Untracked: 3.126ms

[Worker0] Imported GUID: 6a0f1ad52633fa44f9a49e02ec62b489 - Path: Assets/PlayerTest - Importer: PreviewImporter -> (ImportResultId: 'bd3ec1e80b230f15272fd41f79c48843') in 0.0005061 seconds
[Worker0] Imported GUID: 6a0f1ad52633fa44f9a49e02ec62b489 - Path: Assets/PlayerTest - Importer: ScriptedImporter/UnityEditor.QuickSearchModule:UnityEditor.Search:ASIAI0B -> (ImportResultId: '42c82da979deb28cffd3cab3505c9ae4') in 0.0062206 seconds
Asset Pipeline Refresh (id=b5e07961083ed424bb746889072b7ff1): Total: 0.015 seconds - Initiated by StopAssetImportingV2(NoUpdateAssetOptions)
Asset Pipeline Refresh (id=998024eac55c2f24fac0fc7e15287ecf): Total: 0.001 seconds - Initiated by StopAssetImportingV2(NoUpdateAssetOptions)
[Worker0] Imported GUID: b826d68f9c6c68449b1c91542f0fe300 - Path: Assets/PlayerTest/Ghosts - Player.png - Importer: ScriptedImporter/UnityEditor.QuickSearchModule:UnityEditor.Search:ASIAI0B -> (ImportResultId: 'c0f6c1471ad5fa00280decdec420cdd5') in 0.0369912 seconds
Asset Pipeline Refresh (id=605803e1f00ff6c439b5b1c0ab9546ef): Total: 0.053 seconds - Initiated by RefreshV2(AllowForceSynchronousImport)
Asset Pipeline Refresh (id=d50d3fa9f01aea84196d50c40be2ae52): Total: 0.052 seconds - Initiated by RefreshV2(AllowForceSynchronousImport)
Asset Pipeline Refresh (id=998168bb40ae15b46b0869fe4bfd0783): Total: 0.038 seconds - Initiated by RefreshV2(AllowForceSynchronousImport)
[Licensing::Client] Successfully resolved entitlement details
[Licensing::Client] Successfully resolved entitlement details
[Licensing::Client] Successfully resolved entitlement details
Asset Pipeline Refresh (id=09dc4ebe041e43b4cbd66406097b2f99): Total: 0.008 seconds - Initiated by RefreshV2(AllowForceSynchronousImport)
Asset Pipeline Refresh (id=40bba8151670a4541a7a8bf09680bbca): Total: 0.020 seconds - Initiated by RefreshV2(AllowForceSynchronousImport)
Asset Pipeline Refresh (id=a508fd0afe84bcc4cb05bca18dac6bb8): Total: 0.026 seconds - Initiated by RefreshV2(AllowForceSynchronousImport)
[Licensing::Client] Successfully resolved entitlement details
[Licensing::Client] Successfully resolved entitlement details
[Licensing::Client] Successfully resolved entitlement details
Asset Pipeline Refresh (id=29110d26f04d63946a2ed8d60710ecf9): Total: 0.010 seconds - Initiated by RefreshV2(AllowForceSynchronousImport)
Importing 'GUID: b826d68f9c6c68449b1c91542f0fe300 - Path: Assets/PlayerTest/Ghosts - Player.png' with importer (TextureImporter)
Imported 'GUID: b826d68f9c6c68449b1c91542f0fe300' -> (Import Result ID: '4c6b37be48ad864c7dc6f4379c793652') in 0.078 seconds [static and dynamic dependencies]. Details - ImportResultOutputID=5d72c324a98800c5eca28f49ac13edc7 DependenciesID=b616ac47a8c836fd58258b27322f794f StaticDependenciesID=6189f5a22e4d0fc8bfb834b1fc49ef73 
Asset Pipeline Refresh (id=aefa2aeb214eebd4bbf1357e192d7336): Total: 0.112 seconds - Initiated by StopAssetImportingV2(NoUpdateAssetOptions)
[Worker0] Imported GUID: b826d68f9c6c68449b1c91542f0fe300 - Path: Assets/PlayerTest/Ghosts - Player.png - Importer: PreviewImporter -> (ImportResultId: 'b791fe02a5d3ccd9cd4d02f251d1ceb4') in 0.068185 seconds
[Worker0] Imported GUID: b826d68f9c6c68449b1c91542f0fe300 - Path: Assets/PlayerTest/Ghosts - Player.png - Importer: ScriptedImporter/UnityEditor.QuickSearchModule:UnityEditor.Search:ASIAI0B -> (ImportResultId: '1d5034644a151c6bedd51352068b7259') in 0.0135252 seconds
Asset Pipeline Refresh (id=ff6cf4e42c3262b45a1cb90137c7bb82): Total: 0.054 seconds - Initiated by RefreshV2(AllowForceSynchronousImport)
Asset Pipeline Refresh (id=bb48a0bbf6d3e0b42b2cac669ed3293f): Total: 0.010 seconds - Initiated by RefreshV2(AllowForceSynchronousImport)
[Licensing::Client] Successfully resolved entitlement details
[Licensing::Client] Successfully resolved entitlement details
[Licensing::Client] Successfully resolved entitlement details
Asset Pipeline Refresh (id=1dea99abdab09ba4881ee290fbf8e238): Total: 0.007 seconds - Initiated by RefreshV2(AllowForceSynchronousImport)
Asset Pipeline Refresh (id=30f4a8db2beb8db4fa14606360b4246f): Total: 0.011 seconds - Initiated by RefreshV2(AllowForceSynchronousImport)
Asset Pipeline Refresh (id=bb6db2bee6c241c4b897aef0207ae7a4): Total: 0.007 seconds - Initiated by RefreshV2(AllowForceSynchronousImport)
Asset Pipeline Refresh (id=43071f980387c8f42a23de62c104c2ac): Total: 0.009 seconds - Initiated by RefreshV2(AllowForceSynchronousImport)
[Licensing::Client] Successfully resolved entitlement details
[Licensing::Client] Successfully resolved entitlement details
[Licensing::Client] Successfully resolved entitlement details
Asset Pipeline Refresh (id=0ee5d244554a4754380ff96359c61075): Total: 0.041 seconds - Initiated by RefreshV2(AllowForceSynchronousImport)
Importing 'GUID: b826d68f9c6c68449b1c91542f0fe300 - Path: Assets/PlayerTest/Ghosts - Player.png' with importer (TextureImporter)
Imported 'GUID: b826d68f9c6c68449b1c91542f0fe300' -> (Import Result ID: 'b5f88474ba6805d394c7ce629dc9272d') in 0.154 seconds [static and dynamic dependencies]. Details - ImportResultOutputID=30269792f2713f517e97c8abf39b4482 DependenciesID=e4e0ead93590005e14ff45f0016b8e75 StaticDependenciesID=2f2c5016756bc2e258d861467cba57b1 
Asset Pipeline Refresh (id=e875eeeafc368d74e8ccccc241059e24): Total: 0.219 seconds - Initiated by StopAssetImportingV2(NoUpdateAssetOptions)
[Worker0] Imported GUID: b826d68f9c6c68449b1c91542f0fe300 - Path: Assets/PlayerTest/Ghosts - Player.png - Importer: PreviewImporter -> (ImportResultId: '294d0836a4257d20631ddbbff3c32a98') in 0.0933683 seconds
[Worker0] Imported GUID: b826d68f9c6c68449b1c91542f0fe300 - Path: Assets/PlayerTest/Ghosts - Player.png - Importer: ScriptedImporter/UnityEditor.QuickSearchModule:UnityEditor.Search:ASIAI0B -> (ImportResultId: 'b81922efdc09e4daaff216a1bdbb70d1') in 0.0313773 seconds
Asset Pipeline Refresh (id=305e08f96a4b1af448ec3c36b84ca8dd): Total: 0.090 seconds - Initiated by RefreshV2(AllowForceSynchronousImport)
Reloading assemblies for play mode.
Reloading assemblies after forced synchronous recompile.
Begin MonoManager ReloadAssembly
[Licensing::Client] Successfully resolved entitlement details
Native extension for iOS target not found
Native extension for Android target not found
Native extension for UWP target not found
Native extension for WindowsStandalone target not found
ScheduleIndexationOnStartup MainProcess:True IndexOnStartup:True
[MODES] ModeService[none].Initialize
[MODES] ModeService[none].LoadModes
[Licensing::Client] Successfully resolved entitlement details
Mono: successfully reloaded assembly
- Finished resetting the current domain, in  1.574 seconds
Domain Reload Profiling: 2675ms
	BeginReloadAssembly (892ms)
		DisableScriptedObjects (523ms)
		CreateAndSetChildDomain (146ms)
	RebuildCommonClasses (12ms)
	RebuildNativeTypeToScriptingClass (24ms)
	initialDomainReloadingComplete (46ms)
	LoadAllAssembliesAndSetupDomain (127ms)
		LoadAssemblies (141ms)
		AnalyzeDomain (7ms)
			TypeCache.Refresh (4ms)
	FinalizeReload (1575ms)
		SetupLoadedEditorAssemblies (0ms)
			InitializePlatformSupportModulesInManaged (22ms)
			BeforeProcessingInitializeOnLoad (115ms)
			ProcessInitializeOnLoadAttributes (92ms)
			ProcessInitializeOnLoadMethodAttributes (86ms)
			AfterProcessingInitializeOnLoad (3ms)
		AwakeInstancesAfterBackupRestoration (778ms)

Asset Pipeline Refresh (id=2bcb4b3e2d5410740aac81119317d4c4): Total: 2.815 seconds - Initiated by StopAssetImportingV2(ForceSynchronousImport | ForceDomainReload)
	(Values over 0.05ms)
	Summary:
		Imports: total=0 (actual=0, local cache=0, cache server=0)
		Asset DB Process Time: managed=0 ms, native=1651 ms
		Asset DB Callback time: managed=33 ms, native=0 ms
		Scripting: domain reloads=1, domain reload time=1126 ms, compile time=3 ms, other=0 ms
		Project Asset Count: scripts=139, non-scripts=137
		Asset File Changes: new=0, changed=0, moved=0, deleted=0
		Scan Filter Count: 0
	InvokePackagesCallback: 1.826ms
	ApplyChangesToAssetFolders: 0.262ms
	Collect global state as custom dependencies: 0.099ms
	CategorizeAssets: 2.246ms
	CompileScripts: 2.760ms
	ImportOutOfDateAssets: 1577.988ms (1576.025ms without children)
		UnloadImportedAssets: 0.172ms
		ImportSchedulerStart: 1.740ms
	PostProcessAllAssets: 33.186ms
		MonoPostProcessAllAssets: 33.180ms
			WindowAssetPostprocessingWatcher.OnPostprocessAllAssets 13.358ms
			SyncVS.PostprocessSyncProject 1.804ms
			SpeedTree9Postprocessor.OnPostprocessAllAssets 1.324ms
			AssetChangedListener.OnPostprocessAllAssets 0.805ms
			ReferencedClipsPostProcessor.OnPostprocessAllAssets 0.521ms
			EditModeScopePostprocessor.OnPostprocessAllAssets 0.441ms
			SpriteSlicePostprocessor.OnPostprocessAllAssets 0.409ms
			AssetDatabaseCallbacks.OnPostprocessAllAssets 0.267ms
			TerrainToolbarOverlayPostProcessor.OnPostprocessAllAssets 0.239ms
			RenderPipelineGlobalSettingsPostprocessor.OnPostprocessAllAssets 0.126ms
			SpriteEditorTexturePostprocessor.OnPostprocessAllAssets 0.106ms
			AssetPostprocessor.OnPostprocessAllAssets 0.098ms
	UnloadStreamsBegin: 2.220ms
	GenerateScriptTypeHashes: 0.747ms
	GenerateScriptTypeSerializationHashes: 1.827ms
	Untracked: 1157.976ms

Loaded scene 'Temp/__Backupscenes/0.backup'
	Deserialize:            1.194 ms
	Integration:            29.249 ms
	Integration of assets:  0.001 ms
	Thread Wait Time:       0.033 ms
	Total Operation Time:   30.477 ms
[Licensing::Client] Successfully resolved entitlement details
Unloading 0 Unused Serialized files (Serialized files now loaded: 0)
Loaded scene 'Temp/__Backupscenes/0.backup'
	Deserialize:            0.790 ms
	Integration:            14.046 ms
	Integration of assets:  0.001 ms
	Thread Wait Time:       0.038 ms
	Total Operation Time:   14.876 ms
Unloading 114 unused Assets / (108.9 KB). Loaded Objects now: 2061.
Memory consumption went from 414.1 MB to 414.0 MB.
Total: 13.079800 ms (FindLiveObjects: 0.148000 ms CreateObjectMapping: 0.067100 ms MarkObjects: 12.664800 ms  DeleteObjects: 0.198800 ms)

[Licensing::Client] Successfully resolved entitlement details
Reloading assemblies for play mode.
Reloading assemblies after forced synchronous recompile.
Begin MonoManager ReloadAssembly
Native extension for iOS target not found
Native extension for Android target not found
Native extension for UWP target not found
Native extension for WindowsStandalone target not found
ScheduleIndexationOnStartup MainProcess:True IndexOnStartup:True
[MODES] ModeService[none].Initialize
[MODES] ModeService[none].LoadModes
Mono: successfully reloaded assembly
- Finished resetting the current domain, in  1.491 seconds
Domain Reload Profiling: 2589ms
	BeginReloadAssembly (865ms)
		DisableScriptedObjects (501ms)
		CreateAndSetChildDomain (133ms)
	RebuildCommonClasses (13ms)
	RebuildNativeTypeToScriptingClass (25ms)
	initialDomainReloadingComplete (62ms)
	LoadAllAssembliesAndSetupDomain (131ms)
		LoadAssemblies (131ms)
		AnalyzeDomain (10ms)
			TypeCache.Refresh (7ms)
	FinalizeReload (1492ms)
		SetupLoadedEditorAssemblies (0ms)
			InitializePlatformSupportModulesInManaged (21ms)
			BeforeProcessingInitializeOnLoad (110ms)
			ProcessInitializeOnLoadAttributes (94ms)
			ProcessInitializeOnLoadMethodAttributes (87ms)
			AfterProcessingInitializeOnLoad (3ms)
		AwakeInstancesAfterBackupRestoration (694ms)

Asset Pipeline Refresh (id=1e04fd29d0ef7b74987149047f523283): Total: 2.694 seconds - Initiated by StopAssetImportingV2(ForceSynchronousImport | ForceDomainReload)
	(Values over 0.05ms)
	Summary:
		Imports: total=0 (actual=0, local cache=0, cache server=0)
		Asset DB Process Time: managed=0 ms, native=1543 ms
		Asset DB Callback time: managed=22 ms, native=0 ms
		Scripting: domain reloads=1, domain reload time=1125 ms, compile time=2 ms, other=0 ms
		Project Asset Count: scripts=139, non-scripts=137
		Asset File Changes: new=0, changed=0, moved=0, deleted=0
		Scan Filter Count: 0
	InvokePackagesCallback: 1.841ms
	ApplyChangesToAssetFolders: 0.329ms
	Collect global state as custom dependencies: 0.481ms
	CategorizeAssets: 2.202ms
	CompileScripts: 2.395ms
	ImportOutOfDateAssets: 1495.254ms (1493.367ms without children)
		UnloadImportedAssets: 0.280ms
		ImportSchedulerStart: 1.553ms
	PostProcessAllAssets: 22.547ms
		MonoPostProcessAllAssets: 22.544ms
			WindowAssetPostprocessingWatcher.OnPostprocessAllAssets 9.540ms
			SyncVS.PostprocessSyncProject 1.801ms
			SpeedTree9Postprocessor.OnPostprocessAllAssets 0.912ms
			AssetChangedListener.OnPostprocessAllAssets 0.805ms
			SpriteSlicePostprocessor.OnPostprocessAllAssets 0.409ms
			ReferencedClipsPostProcessor.OnPostprocessAllAssets 0.331ms
			EditModeScopePostprocessor.OnPostprocessAllAssets 0.313ms
			AssetDatabaseCallbacks.OnPostprocessAllAssets 0.181ms
			TerrainToolbarOverlayPostProcessor.OnPostprocessAllAssets 0.163ms
			SpriteEditorTexturePostprocessor.OnPostprocessAllAssets 0.106ms
			AssetPostprocessor.OnPostprocessAllAssets 0.098ms
			RenderPipelineGlobalSettingsPostprocessor.OnPostprocessAllAssets 0.097ms
	UnloadStreamsBegin: 2.275ms
	GenerateScriptTypeHashes: 0.688ms
	GenerateScriptTypeSerializationHashes: 1.616ms
	Untracked: 1154.249ms

Loaded scene 'Temp/__Backupscenes/0.backup'
	Deserialize:            0.751 ms
	Integration:            35.659 ms
	Integration of assets:  0.001 ms
	Thread Wait Time:       0.012 ms
	Total Operation Time:   36.424 ms
[Licensing::Client] Successfully resolved entitlement details
Asset Pipeline Refresh (id=aa709226af839fb4483a4f8ac1dc2ab7): Total: 0.009 seconds - Initiated by RefreshV2(NoUpdateAssetOptions)
Unloading 1 Unused Serialized files (Serialized files now loaded: 0)
Loaded scene 'Temp/__Backupscenes/0.backup'
	Deserialize:            0.804 ms
	Integration:            15.349 ms
	Integration of assets:  0.001 ms
	Thread Wait Time:       0.039 ms
	Total Operation Time:   16.193 ms
Unloading 2 unused Assets / (58.4 KB). Loaded Objects now: 2068.
Memory consumption went from 405.3 MB to 405.3 MB.
Total: 15.108700 ms (FindLiveObjects: 0.192500 ms CreateObjectMapping: 0.034300 ms MarkObjects: 14.840700 ms  DeleteObjects: 0.040100 ms)

[Licensing::Client] Successfully resolved entitlement details
Importing 'GUID: 236b1053103b6c74693a1f1a3998f577 - Path: Assets/Scenes/PlayerTest.unity' with importer (DefaultImporter)
Imported 'GUID: 236b1053103b6c74693a1f1a3998f577' -> (Import Result ID: '51c3265b5e08a7180ef7190b5047c933') in 0.007 seconds [static dependencies only]. Details - ImportResultOutputID=13b44d9eca4bf33f4c737de40c395682 DependenciesID=4d1dafa3d83fad0138bbc8b8e17fcc47 StaticDependenciesID=bad152db4ae8f3b2a36c4a6f7bf99f1e 
Asset Pipeline Refresh (id=4ca4d1e4029754645876712d0fcaea84): Total: 0.089 seconds - Initiated by StopAssetImportingV2(NoUpdateAssetOptions)
Asset Pipeline Refresh (id=69f69887efa14264ead8d1862acb4395): Total: 0.014 seconds - Initiated by RefreshV2(AllowForceSynchronousImport)
MonoPathRemapper: Attempts to remap: 29565; Successful remaps: 1296
Serialized file version minimum: 23, current 23
[LAYOUT] About to save layout E:\GameDev\ITCS-4236-5236-Group-5-Project\UserSettings\Layouts\default-6000.dwlt
[LAYOUT] About to save layout C:/Users/chris/AppData/Roaming/Unity/Editor-5.x/Preferences\Layouts\current\default-6000.dwlt
Killing ADB server in 0.2766249 seconds.
[Physics::Module] Cleanup current backend.
[Physics::Module] Id: 0xf2b8ea05
Input System module state changed to: ShutdownInProgress.
Input Polling Thread exited.
Input System module state changed to: Shutdown.
[Licensing::IpcConnector] LicenseClient-chris-notifications channel disconnected successfully.
[Licensing::IpcConnector] LicenseClient-chris channel disconnected successfully.
AcceleratorClientConnectionCallback - disconnected - :0
Cleanup mono
CodeReloadManager destroyed
debugger-agent: Unable to listen on 3756
[usbmuxd] Stop listen thread
[usbmuxd] Listen thread exiting
Checking for leaked weakptr:
  Found no leaked weakptrs.
[Package Manager] Server process was shutdown
##utp:{"type":"MemoryLeaks","version":2,"phase":"Immediate","time":1790693362680,"processId":5776,"allocatedMemory":46638787,"memoryLabels":[{"Default":217801},{"Permanent":15516},{"NewDelete":75693},{"Thread":4197560},{"Manager":31429},{"VertexData":8},{"Geometry":816},{"Texture":24},{"Shader":846516},{"Material":24},{"GfxDevice":55328},{"Animation":952},{"Audio":304},{"FreeType":8},{"FontEngine":736},{"Physics":2146},{"Physics2D":16},{"Serialization":301440},{"Input":42840},{"JobScheduler":256},{"TextLib":28480},{"Mono":48},{"ScriptingNativeRuntime":744868},{"BaseObject":1940398},{"Resource":1208},{"Renderer":3080},{"Transform":4685},{"File":27773},{"WebCam":616},{"Culling":32},{"Terrain":11442},{"Wind":24},{"STL":40},{"String":10421},{"StaticString":3808},{"Utility":2672923},{"Curl":48},{"PoolAlloc":2168},{"AI":80},{"TypeTree":376962},{"CodeReload":448},{"RuntimeInitializeOnLoadManager":64},{"Sprites":102},{"SpriteAtlas":120},{"GI":7816},{"Director":8296},{"CloudService":7816},{"WebRequest":4709},{"VR":47114},{"SceneManager":608},{"Video":208},{"LazyScriptCache":32},{"NativeArray":33044464},{"Camera":54801},{"Secure":265},{"Image":65536},{"SerializationCache":1576},{"APIUpdating":10320},{"Subsystems":336},{"VirtualTexturing":57888},{"StaticSafetyDebugInfo":278528},{"Analytics":728},{"Hierarchy":1176},{"UIElements":287912},{"CoreStats":13688},{"Identifiers":6768},{"Gui":268236},{"EditorUtility":281291},{"VersionControl":8},{"Undo":931},{"AssetDatabase":516014},{"AssetImporter":40},{"EditorGi":328},{"UnityConnect":35345},{"Upm":1988},{"UpmDiagnostics":8},{"AssetCompliance":64},{"DrivenProperties":72},{"LocalIPC":260},{"ProfilerEditor":9746},{"CoreBusinessMetrics":3428},{"Windowing":456},{"Licensing":776},{"AssetReference":32},{"IPCStream":32}]}
